match_id,season,date,venue_id,team1_id,team2_id,toss_winner_id,toss_decision,first_innings_score,first_innings_wickets,match_stage
IPL2015_MAT_01,2015,8/4/2015,IPL_VEN_07,IPL_T20_MI,IPL_T20_KKR,IPL_T20_KKR,Field,168,3,League
IPL2015_MAT_02,2015,9/4/2015,IPL_VEN_14,IPL_T20_CSK,IPL_T20_DC,IPL_T20_DC,Field,150,7,League
IPL2015_MAT_03,2015,10/4/2015,IPL_VEN_16,IPL_T20_RR,IPL_T20_PBKS,IPL_T20_PBKS,Field,162,7,League
IPL2015_MAT_04,2015,11/4/2015,IPL_VEN_14,IPL_T20_CSK,IPL_T20_SRH,IPL_T20_CSK,Bat,209,4,League
IPL2015_MAT_05,2015,11/4/2015,IPL_VEN_07,IPL_T20_KKR,IPL_T20_RCB,IPL_T20_RCB,Field,177,6,League
IPL2015_MAT_06,2015,12/4/2015,IPL_VEN_02,IPL_T20_DC,IPL_T20_RR,IPL_T20_RR,Field,184,3,League
IPL2015_MAT_07,2015,12/4/2015,IPL_VEN_25,IPL_T20_PBKS,IPL_T20_MI,IPL_T20_MI,Field,177,5,League
IPL2015_MAT_08,2015,13-04-2015,IPL_VEN_13,IPL_T20_RCB,IPL_T20_SRH,IPL_T20_SRH,Field,166,10,League
IPL2015_MAT_09,2015,14-04-2015,IPL_VEN_17,IPL_T20_MI,IPL_T20_RR,IPL_T20_MI,Bat,164,5,League
IPL2015_MAT_10,2015,15-04-2015,IPL_VEN_16,IPL_T20_PBKS,IPL_T20_DC,IPL_T20_PBKS,Bat,165,7,League
IPL2015_MAT_11,2015,16-04-2015,IPL_VEN_01,IPL_T20_SRH,IPL_T20_RR,IPL_T20_RR,Field,127,5,League
IPL2015_MAT_12,2015,17-04-2015,IPL_VEN_25,IPL_T20_MI,IPL_T20_CSK,IPL_T20_MI,Bat,183,7,League
IPL2015_MAT_13,2015,18-04-2015,IPL_VEN_01,IPL_T20_DC,IPL_T20_SRH,IPL_T20_DC,Bat,167,4,League
IPL2015_MAT_14,2015,18-04-2015,IPL_VEN_16,IPL_T20_PBKS,IPL_T20_KKR,IPL_T20_KKR,Field,155,9,League
IPL2015_MAT_15,2015,19-04-2015,IPL_VEN_17,IPL_T20_CSK,IPL_T20_RR,IPL_T20_CSK,Bat,156,4,League
IPL2015_MAT_16,2015,19-04-2015,IPL_VEN_13,IPL_T20_MI,IPL_T20_RCB,IPL_T20_RCB,Field,209,7,League
IPL2015_MAT_17,2015,20-04-2015,IPL_VEN_02,IPL_T20_DC,IPL_T20_KKR,IPL_T20_KKR,Field,146,8,League
IPL2015_MAT_18,2015,21-04-2015,IPL_VEN_17,IPL_T20_RR,IPL_T20_PBKS,IPL_T20_PBKS,Field,191,6,League
IPL2015_MAT_19,2015,22-04-2015,IPL_VEN_01,IPL_T20_SRH,IPL_T20_KKR,IPL_T20_KKR,Field,176,4,League
IPL2015_MAT_20,2015,22-04-2015,IPL_VEN_13,IPL_T20_CSK,IPL_T20_RCB,IPL_T20_RCB,Field,181,8,League
IPL2015_MAT_21,2015,23-04-2015,IPL_VEN_02,IPL_T20_DC,IPL_T20_MI,IPL_T20_MI,Field,190,4,League
IPL2015_MAT_22,2015,24-04-2015,IPL_VEN_17,IPL_T20_RR,IPL_T20_RCB,IPL_T20_RCB,Field,130,9,League
IPL2015_MAT_23,2015,25-04-2015,IPL_VEN_25,IPL_T20_MI,IPL_T20_SRH,IPL_T20_MI,Bat,157,8,League
IPL2015_MAT_24,2015,25-04-2015,IPL_VEN_14,IPL_T20_CSK,IPL_T20_PBKS,IPL_T20_CSK,Bat,192,3,League
IPL2015_MAT_25,2015,26-04-2015,IPL_VEN_02,IPL_T20_DC,IPL_T20_RCB,IPL_T20_RCB,Field,95,10,League
IPL2015_MAT_26,2015,27-04-2015,IPL_VEN_18,IPL_T20_SRH,IPL_T20_PBKS,IPL_T20_PBKS,Field,150,6,League
IPL2015_MAT_27,2015,28-04-2015,IPL_VEN_14,IPL_T20_CSK,IPL_T20_KKR,IPL_T20_KKR,Field,134,6,League
IPL2015_MAT_28,2015,29-04-2015,IPL_VEN_13,IPL_T20_RCB,IPL_T20_RR,IPL_T20_RR,Field,200,7,League
IPL2015_MAT_29,2015,30-04-2015,IPL_VEN_07,IPL_T20_CSK,IPL_T20_KKR,IPL_T20_KKR,Field,165,9,League
IPL2015_MAT_30,2015,1/5/2015,IPL_VEN_02,IPL_T20_PBKS,IPL_T20_DC,IPL_T20_DC,Field,118,8,League
IPL2015_MAT_31,2015,1/5/2015,IPL_VEN_25,IPL_T20_MI,IPL_T20_RR,IPL_T20_RR,Field,187,5,League
IPL2015_MAT_32,2015,2/5/2015,IPL_VEN_13,IPL_T20_KKR,IPL_T20_RCB,IPL_T20_RCB,Field,111,4,League
IPL2015_MAT_33,2015,2/5/2015,IPL_VEN_19,IPL_T20_SRH,IPL_T20_CSK,IPL_T20_CSK,Field,192,7,League
IPL2015_MAT_34,2015,3/5/2015,IPL_VEN_18,IPL_T20_MI,IPL_T20_PBKS,IPL_T20_MI,Bat,172,3,League
IPL2015_MAT_35,2015,3/5/2015,IPL_VEN_04,IPL_T20_RR,IPL_T20_DC,IPL_T20_DC,Field,189,2,League
IPL2015_MAT_36,2015,4/5/2015,IPL_VEN_14,IPL_T20_CSK,IPL_T20_RCB,IPL_T20_CSK,Bat,148,9,League
IPL2015_MAT_37,2015,4/5/2015,IPL_VEN_07,IPL_T20_KKR,IPL_T20_SRH,IPL_T20_SRH,Field,167,7,League
IPL2015_MAT_38,2015,5/5/2015,IPL_VEN_25,IPL_T20_DC,IPL_T20_MI,IPL_T20_DC,Bat,152,6,League
IPL2015_MAT_39,2015,6/5/2015,IPL_VEN_13,IPL_T20_RCB,IPL_T20_PBKS,IPL_T20_PBKS,Field,226,3,League
IPL2015_MAT_40,2015,7/5/2015,IPL_VEN_04,IPL_T20_SRH,IPL_T20_RR,IPL_T20_RR,Field,201,4,League
IPL2015_MAT_41,2015,7/5/2015,IPL_VEN_07,IPL_T20_KKR,IPL_T20_DC,IPL_T20_KKR,Bat,171,7,League
IPL2015_MAT_42,2015,8/5/2015,IPL_VEN_14,IPL_T20_CSK,IPL_T20_MI,IPL_T20_CSK,Bat,158,5,League
IPL2015_MAT_43,2015,9/5/2015,IPL_VEN_07,IPL_T20_PBKS,IPL_T20_KKR,IPL_T20_PBKS,Bat,183,5,League
IPL2015_MAT_44,2015,9/5/2015,IPL_VEN_22,IPL_T20_SRH,IPL_T20_DC,IPL_T20_SRH,Bat,163,4,League
IPL2015_MAT_45,2015,10/5/2015,IPL_VEN_25,IPL_T20_RCB,IPL_T20_MI,IPL_T20_RCB,Bat,235,1,League
IPL2015_MAT_46,2015,10/5/2015,IPL_VEN_14,IPL_T20_CSK,IPL_T20_RR,IPL_T20_CSK,Bat,157,5,League
IPL2015_MAT_47,2015,11/5/2015,IPL_VEN_19,IPL_T20_SRH,IPL_T20_PBKS,IPL_T20_SRH,Bat,185,5,League
IPL2015_MAT_48,2015,12/5/2015,IPL_VEN_22,IPL_T20_CSK,IPL_T20_DC,IPL_T20_CSK,Bat,119,6,League
IPL2015_MAT_49,2015,13-05-2015,IPL_VEN_18,IPL_T20_PBKS,IPL_T20_RCB,IPL_T20_RCB,Field,106,6,League
IPL2015_MAT_50,2015,14-05-2015,IPL_VEN_25,IPL_T20_MI,IPL_T20_KKR,IPL_T20_KKR,Field,171,4,League
IPL2015_MAT_51,2015,15-05-2015,IPL_VEN_19,IPL_T20_SRH,IPL_T20_RCB,IPL_T20_SRH,Bat,135,3,League
IPL2015_MAT_52,2015,16-05-2015,IPL_VEN_18,IPL_T20_PBKS,IPL_T20_CSK,IPL_T20_PBKS,Bat,130,7,League
IPL2015_MAT_53,2015,16-05-2015,IPL_VEN_04,IPL_T20_RR,IPL_T20_KKR,IPL_T20_RR,Bat,199,6,League
IPL2015_MAT_54,2015,17-05-2015,IPL_VEN_13,IPL_T20_DC,IPL_T20_RCB,IPL_T20_RCB,Field,187,5,League
IPL2015_MAT_55,2015,17-05-2015,IPL_VEN_19,IPL_T20_SRH,IPL_T20_MI,IPL_T20_SRH,Bat,113,10,League
IPL2015_MAT_56,2015,19-05-2015,IPL_VEN_25,IPL_T20_MI,IPL_T20_CSK,IPL_T20_MI,Bat,187,6,Qualifier 1
IPL2015_MAT_57,2015,20-05-2015,IPL_VEN_16,IPL_T20_RCB,IPL_T20_RR,IPL_T20_RCB,Bat,180,4,Eliminator
IPL2015_MAT_58,2015,22-05-2015,IPL_VEN_12,IPL_T20_RCB,IPL_T20_CSK,IPL_T20_CSK,Field,139,8,Qualifier 2
IPL2015_MAT_59,2015,24-05-2015,IPL_VEN_07,IPL_T20_MI,IPL_T20_CSK,IPL_T20_CSK,Field,202,5,Final
IPL2016_MAT_01,2016,9/4/2016,IPL_VEN_25,IPL_T20_MI,IPL_T20_RPS,IPL_T20_MI,Bat,121,8,League
IPL2016_MAT_02,2016,10/4/2016,IPL_VEN_07,IPL_T20_DC,IPL_T20_KKR,IPL_T20_KKR,Field,98,10,League
IPL2016_MAT_03,2016,11/4/2016,IPL_VEN_18,IPL_T20_PBKS,IPL_T20_GL,IPL_T20_GL,Field,161,6,League
IPL2016_MAT_04,2016,12/4/2016,IPL_VEN_13,IPL_T20_RCB,IPL_T20_SRH,IPL_T20_SRH,Field,227,4,League
IPL2016_MAT_05,2016,13-04-2016,IPL_VEN_07,IPL_T20_KKR,IPL_T20_MI,IPL_T20_MI,Field,187,5,League
IPL2016_MAT_06,2016,14-04-2016,IPL_VEN_20,IPL_T20_RPS,IPL_T20_GL,IPL_T20_RPS,Bat,163,5,League
IPL2016_MAT_07,2016,15-04-2016,IPL_VEN_02,IPL_T20_PBKS,IPL_T20_DC,IPL_T20_DC,Field,111,9,League
IPL2016_MAT_08,2016,16-04-2016,IPL_VEN_19,IPL_T20_SRH,IPL_T20_KKR,IPL_T20_SRH,Bat,142,7,League
IPL2016_MAT_09,2016,16-04-2016,IPL_VEN_25,IPL_T20_MI,IPL_T20_GL,IPL_T20_GL,Field,143,8,League
IPL2016_MAT_10,2016,17-04-2016,IPL_VEN_18,IPL_T20_RPS,IPL_T20_PBKS,IPL_T20_RPS,Bat,152,7,League
IPL2016_MAT_11,2016,17-04-2016,IPL_VEN_13,IPL_T20_RCB,IPL_T20_DC,IPL_T20_DC,Field,191,5,League
IPL2016_MAT_12,2016,18-04-2016,IPL_VEN_19,IPL_T20_MI,IPL_T20_SRH,IPL_T20_SRH,Field,142,6,League
IPL2016_MAT_13,2016,19-04-2016,IPL_VEN_18,IPL_T20_PBKS,IPL_T20_KKR,IPL_T20_KKR,Field,138,8,League
IPL2016_MAT_14,2016,20-04-2016,IPL_VEN_25,IPL_T20_RCB,IPL_T20_MI,IPL_T20_MI,Field,170,7,League
IPL2016_MAT_15,2016,21-04-2016,IPL_VEN_20,IPL_T20_GL,IPL_T20_SRH,IPL_T20_SRH,Field,135,8,League
IPL2016_MAT_16,2016,22-04-2016,IPL_VEN_16,IPL_T20_RCB,IPL_T20_RPS,IPL_T20_RPS,Field,185,3,League
IPL2016_MAT_17,2016,23-04-2016,IPL_VEN_02,IPL_T20_DC,IPL_T20_MI,IPL_T20_MI,Field,164,4,League
IPL2016_MAT_18,2016,23-04-2016,IPL_VEN_19,IPL_T20_PBKS,IPL_T20_SRH,IPL_T20_SRH,Field,143,6,League
IPL2016_MAT_19,2016,24-04-2016,IPL_VEN_20,IPL_T20_RCB,IPL_T20_GL,IPL_T20_RCB,Bat,180,2,League
IPL2016_MAT_20,2016,24-04-2016,IPL_VEN_16,IPL_T20_RPS,IPL_T20_KKR,IPL_T20_KKR,Field,160,5,League
IPL2016_MAT_21,2016,25-04-2016,IPL_VEN_18,IPL_T20_MI,IPL_T20_PBKS,IPL_T20_PBKS,Field,189,6,League
IPL2016_MAT_22,2016,26-04-2016,IPL_VEN_19,IPL_T20_SRH,IPL_T20_RPS,IPL_T20_RPS,Field,118,8,League
IPL2016_MAT_23,2016,27-04-2016,IPL_VEN_02,IPL_T20_GL,IPL_T20_DC,IPL_T20_DC,Field,172,6,League
IPL2016_MAT_24,2016,28-04-2016,IPL_VEN_25,IPL_T20_KKR,IPL_T20_MI,IPL_T20_MI,Field,174,5,League
IPL2016_MAT_25,2016,29-04-2016,IPL_VEN_16,IPL_T20_RPS,IPL_T20_GL,IPL_T20_GL,Field,195,3,League
IPL2016_MAT_26,2016,30-04-2016,IPL_VEN_02,IPL_T20_DC,IPL_T20_KKR,IPL_T20_KKR,Field,186,8,League
IPL2016_MAT_27,2016,30-04-2016,IPL_VEN_19,IPL_T20_SRH,IPL_T20_RCB,IPL_T20_RCB,Field,194,5,League
IPL2016_MAT_28,2016,1/5/2016,IPL_VEN_20,IPL_T20_PBKS,IPL_T20_GL,IPL_T20_GL,Field,154,10,League
IPL2016_MAT_29,2016,1/5/2016,IPL_VEN_16,IPL_T20_RPS,IPL_T20_MI,IPL_T20_MI,Field,159,5,League
IPL2016_MAT_30,2016,2/5/2016,IPL_VEN_13,IPL_T20_RCB,IPL_T20_KKR,IPL_T20_KKR,Field,185,7,League
IPL2016_MAT_31,2016,3/5/2016,IPL_VEN_20,IPL_T20_GL,IPL_T20_DC,IPL_T20_DC,Field,149,7,League
IPL2016_MAT_32,2016,4/5/2016,IPL_VEN_07,IPL_T20_KKR,IPL_T20_PBKS,IPL_T20_PBKS,Field,164,3,League
IPL2016_MAT_33,2016,5/5/2016,IPL_VEN_02,IPL_T20_DC,IPL_T20_RPS,IPL_T20_RPS,Field,162,7,League
IPL2016_MAT_34,2016,6/5/2016,IPL_VEN_19,IPL_T20_GL,IPL_T20_SRH,IPL_T20_SRH,Field,126,6,League
IPL2016_MAT_35,2016,7/5/2016,IPL_VEN_13,IPL_T20_RPS,IPL_T20_RCB,IPL_T20_RCB,Field,191,6,League
IPL2016_MAT_36,2016,7/5/2016,IPL_VEN_18,IPL_T20_PBKS,IPL_T20_DC,IPL_T20_DC,Field,181,5,League
IPL2016_MAT_37,2016,8/5/2016,IPL_VEN_01,IPL_T20_SRH,IPL_T20_MI,IPL_T20_MI,Field,177,3,League
IPL2016_MAT_38,2016,8/5/2016,IPL_VEN_07,IPL_T20_KKR,IPL_T20_GL,IPL_T20_GL,Field,158,4,League
IPL2016_MAT_39,2016,9/5/2016,IPL_VEN_18,IPL_T20_RCB,IPL_T20_PBKS,IPL_T20_PBKS,Field,175,6,League
IPL2016_MAT_40,2016,10/5/2016,IPL_VEN_01,IPL_T20_SRH,IPL_T20_RPS,IPL_T20_SRH,Bat,137,8,League
IPL2016_MAT_41,2016,11/5/2016,IPL_VEN_13,IPL_T20_RCB,IPL_T20_MI,IPL_T20_MI,Field,151,4,League
IPL2016_MAT_42,2016,12/5/2016,IPL_VEN_19,IPL_T20_SRH,IPL_T20_DC,IPL_T20_DC,Field,146,8,League
IPL2016_MAT_43,2016,13-05-2016,IPL_VEN_01,IPL_T20_MI,IPL_T20_PBKS,IPL_T20_MI,Bat,124,9,League
IPL2016_MAT_44,2016,14-05-2016,IPL_VEN_13,IPL_T20_RCB,IPL_T20_GL,IPL_T20_GL,Field,248,3,League
IPL2016_MAT_45,2016,14-05-2016,IPL_VEN_07,IPL_T20_RPS,IPL_T20_KKR,IPL_T20_RPS,Bat,103,6,League
IPL2016_MAT_46,2016,15-05-2016,IPL_VEN_18,IPL_T20_PBKS,IPL_T20_SRH,IPL_T20_PBKS,Bat,179,4,League
IPL2016_MAT_47,2016,15-05-2016,IPL_VEN_01,IPL_T20_MI,IPL_T20_DC,IPL_T20_DC,Field,206,4,League
IPL2016_MAT_48,2016,16-05-2016,IPL_VEN_07,IPL_T20_KKR,IPL_T20_RCB,IPL_T20_RCB,Field,183,5,League
IPL2016_MAT_49,2016,17-05-2016,IPL_VEN_01,IPL_T20_DC,IPL_T20_RPS,IPL_T20_RPS,Field,121,6,League
IPL2016_MAT_50,2016,18-05-2016,IPL_VEN_13,IPL_T20_RCB,IPL_T20_PBKS,IPL_T20_PBKS,Field,211,3,League
IPL2016_MAT_51,2016,19-05-2016,IPL_VEN_09,IPL_T20_KKR,IPL_T20_GL,IPL_T20_GL,Field,124,8,League
IPL2016_MAT_52,2016,20-05-2016,IPL_VEN_22,IPL_T20_SRH,IPL_T20_DC,IPL_T20_DC,Field,158,7,League
IPL2016_MAT_53,2016,21-05-2016,IPL_VEN_01,IPL_T20_PBKS,IPL_T20_RPS,IPL_T20_PBKS,Bat,172,7,League
IPL2016_MAT_54,2016,21-05-2016,IPL_VEN_09,IPL_T20_MI,IPL_T20_GL,IPL_T20_GL,Field,172,8,League
IPL2016_MAT_55,2016,22-05-2016,IPL_VEN_07,IPL_T20_KKR,IPL_T20_SRH,IPL_T20_SRH,Field,171,6,League
IPL2016_MAT_56,2016,22-05-2016,IPL_VEN_22,IPL_T20_DC,IPL_T20_RCB,IPL_T20_RCB,Field,138,8,League
IPL2016_MAT_57,2016,24-05-2016,IPL_VEN_13,IPL_T20_GL,IPL_T20_RCB,IPL_T20_RCB,Field,158,10,Qualifier 1
IPL2016_MAT_58,2016,25-05-2016,IPL_VEN_02,IPL_T20_SRH,IPL_T20_KKR,IPL_T20_KKR,Field,162,8,Elimination Final
IPL2016_MAT_59,2016,27-05-2016,IPL_VEN_02,IPL_T20_GL,IPL_T20_SRH,IPL_T20_SRH,Field,162,7,Qualifier 2
IPL2016_MAT_60,2016,29-05-2016,IPL_VEN_13,IPL_T20_SRH,IPL_T20_RCB,IPL_T20_SRH,Bat,208,7,Final
IPL2017_MAT_01,2017,5/4/2017,IPL_VEN_19,IPL_T20_SRH,IPL_T20_RCB,IPL_T20_RCB,Field,207,4,League
IPL2017_MAT_02,2017,6/4/2017,IPL_VEN_16,IPL_T20_MI,IPL_T20_RPS,IPL_T20_RPS,Field,184,8,League
IPL2017_MAT_03,2017,7/4/2017,IPL_VEN_20,IPL_T20_GL,IPL_T20_KKR,IPL_T20_KKR,Field,183,4,League
IPL2017_MAT_04,2017,8/4/2017,IPL_VEN_11,IPL_T20_RPS,IPL_T20_PBKS,IPL_T20_PBKS,Field,163,6,League
IPL2017_MAT_05,2017,8/4/2017,IPL_VEN_13,IPL_T20_RCB,IPL_T20_DC,IPL_T20_RCB,Bat,157,8,League
IPL2017_MAT_06,2017,9/4/2017,IPL_VEN_19,IPL_T20_GL,IPL_T20_SRH,IPL_T20_SRH,Field,135,7,League
IPL2017_MAT_07,2017,9/4/2017,IPL_VEN_25,IPL_T20_KKR,IPL_T20_MI,IPL_T20_MI,Field,178,7,League
IPL2017_MAT_08,2017,10/4/2017,IPL_VEN_11,IPL_T20_RCB,IPL_T20_PBKS,IPL_T20_RCB,Bat,148,4,League
IPL2017_MAT_09,2017,11/4/2017,IPL_VEN_16,IPL_T20_DC,IPL_T20_RPS,IPL_T20_RPS,Field,205,4,League
IPL2017_MAT_10,2017,12/4/2017,IPL_VEN_25,IPL_T20_SRH,IPL_T20_MI,IPL_T20_MI,Field,158,8,League
IPL2017_MAT_11,2017,13-04-2017,IPL_VEN_07,IPL_T20_PBKS,IPL_T20_KKR,IPL_T20_KKR,Field,170,9,League
IPL2017_MAT_12,2017,14-04-2017,IPL_VEN_13,IPL_T20_RCB,IPL_T20_MI,IPL_T20_MI,Field,142,5,League
IPL2017_MAT_13,2017,14-04-2017,IPL_VEN_20,IPL_T20_RPS,IPL_T20_GL,IPL_T20_GL,Field,171,8,League
IPL2017_MAT_14,2017,15-04-2017,IPL_VEN_07,IPL_T20_KKR,IPL_T20_SRH,IPL_T20_SRH,Field,172,6,League
IPL2017_MAT_15,2017,15-04-2017,IPL_VEN_02,IPL_T20_DC,IPL_T20_PBKS,IPL_T20_DC,Bat,188,6,League
IPL2017_MAT_16,2017,16-04-2017,IPL_VEN_25,IPL_T20_GL,IPL_T20_MI,IPL_T20_MI,Field,176,4,League
IPL2017_MAT_17,2017,16-04-2017,IPL_VEN_13,IPL_T20_RPS,IPL_T20_RCB,IPL_T20_RCB,Field,161,8,League
IPL2017_MAT_18,2017,17-04-2017,IPL_VEN_02,IPL_T20_DC,IPL_T20_KKR,IPL_T20_DC,Bat,168,7,League
IPL2017_MAT_19,2017,17-04-2017,IPL_VEN_19,IPL_T20_SRH,IPL_T20_PBKS,IPL_T20_PBKS,Field,159,6,League
IPL2017_MAT_20,2017,18-04-2017,IPL_VEN_20,IPL_T20_RCB,IPL_T20_GL,IPL_T20_GL,Field,213,2,League
IPL2017_MAT_21,2017,19-04-2017,IPL_VEN_19,IPL_T20_SRH,IPL_T20_DC,IPL_T20_SRH,Bat,191,4,League
IPL2017_MAT_22,2017,20-04-2017,IPL_VEN_11,IPL_T20_PBKS,IPL_T20_MI,IPL_T20_MI,Field,198,4,League
IPL2017_MAT_23,2017,21-04-2017,IPL_VEN_07,IPL_T20_KKR,IPL_T20_GL,IPL_T20_GL,Field,187,5,League
IPL2017_MAT_24,2017,22-04-2017,IPL_VEN_16,IPL_T20_SRH,IPL_T20_RPS,IPL_T20_RPS,Field,176,3,League
IPL2017_MAT_25,2017,22-04-2017,IPL_VEN_25,IPL_T20_MI,IPL_T20_DC,IPL_T20_DC,Field,142,8,League
IPL2017_MAT_26,2017,23-04-2017,IPL_VEN_20,IPL_T20_PBKS,IPL_T20_GL,IPL_T20_GL,Field,188,7,League
IPL2017_MAT_27,2017,23-04-2017,IPL_VEN_07,IPL_T20_KKR,IPL_T20_RCB,IPL_T20_RCB,Field,131,10,League
IPL2017_MAT_28,2017,24-04-2017,IPL_VEN_25,IPL_T20_RPS,IPL_T20_MI,IPL_T20_MI,Field,160,6,League
IPL2017_MAT_29,2017,26-04-2017,IPL_VEN_16,IPL_T20_RPS,IPL_T20_KKR,IPL_T20_KKR,Field,182,5,League
IPL2017_MAT_30,2017,27-04-2017,IPL_VEN_13,IPL_T20_RCB,IPL_T20_GL,IPL_T20_GL,Field,134,10,League
IPL2017_MAT_31,2017,28-04-2017,IPL_VEN_07,IPL_T20_DC,IPL_T20_KKR,IPL_T20_KKR,Field,160,6,League
IPL2017_MAT_32,2017,28-04-2017,IPL_VEN_18,IPL_T20_SRH,IPL_T20_PBKS,IPL_T20_PBKS,Field,207,3,League
IPL2017_MAT_33,2017,29-04-2017,IPL_VEN_16,IPL_T20_RPS,IPL_T20_RCB,IPL_T20_RCB,Field,157,3,League
IPL2017_MAT_34,2017,29-04-2017,IPL_VEN_20,IPL_T20_GL,IPL_T20_MI,IPL_T20_GL,Bat,153,9,League
IPL2017_MAT_35,2017,30-04-2017,IPL_VEN_18,IPL_T20_DC,IPL_T20_PBKS,IPL_T20_PBKS,Field,67,10,League
IPL2017_MAT_36,2017,30-04-2017,IPL_VEN_19,IPL_T20_SRH,IPL_T20_KKR,IPL_T20_KKR,Field,209,3,League
IPL2017_MAT_37,2017,1/5/2017,IPL_VEN_25,IPL_T20_RCB,IPL_T20_MI,IPL_T20_RCB,Bat,162,8,League
IPL2017_MAT_38,2017,1/5/2017,IPL_VEN_16,IPL_T20_GL,IPL_T20_RPS,IPL_T20_RPS,Field,161,10,League
IPL2017_MAT_39,2017,2/5/2017,IPL_VEN_02,IPL_T20_SRH,IPL_T20_DC,IPL_T20_DC,Field,185,3,League
IPL2017_MAT_40,2017,3/5/2017,IPL_VEN_07,IPL_T20_KKR,IPL_T20_RPS,IPL_T20_RPS,Field,155,8,League
IPL2017_MAT_41,2017,4/5/2017,IPL_VEN_02,IPL_T20_GL,IPL_T20_DC,IPL_T20_DC,Field,208,7,League
IPL2017_MAT_42,2017,5/5/2017,IPL_VEN_13,IPL_T20_PBKS,IPL_T20_RCB,IPL_T20_RCB,Field,138,7,League
IPL2017_MAT_43,2017,6/5/2017,IPL_VEN_19,IPL_T20_RPS,IPL_T20_SRH,IPL_T20_SRH,Field,148,8,League
IPL2017_MAT_44,2017,6/5/2017,IPL_VEN_02,IPL_T20_MI,IPL_T20_DC,IPL_T20_DC,Field,212,3,League
IPL2017_MAT_45,2017,7/5/2017,IPL_VEN_13,IPL_T20_RCB,IPL_T20_KKR,IPL_T20_KKR,Field,158,6,League
IPL2017_MAT_46,2017,7/5/2017,IPL_VEN_18,IPL_T20_PBKS,IPL_T20_GL,IPL_T20_GL,Field,189,3,League
IPL2017_MAT_47,2017,8/5/2017,IPL_VEN_19,IPL_T20_MI,IPL_T20_SRH,IPL_T20_MI,Bat,138,7,League
IPL2017_MAT_48,2017,9/5/2017,IPL_VEN_18,IPL_T20_PBKS,IPL_T20_KKR,IPL_T20_KKR,Field,167,6,League
IPL2017_MAT_49,2017,10/5/2017,IPL_VEN_09,IPL_T20_GL,IPL_T20_DC,IPL_T20_DC,Field,195,5,League
IPL2017_MAT_50,2017,11/5/2017,IPL_VEN_25,IPL_T20_PBKS,IPL_T20_MI,IPL_T20_MI,Field,230,3,League
IPL2017_MAT_51,2017,12/5/2017,IPL_VEN_02,IPL_T20_DC,IPL_T20_RPS,IPL_T20_DC,Bat,168,8,League
IPL2017_MAT_52,2017,13-05-2017,IPL_VEN_09,IPL_T20_GL,IPL_T20_SRH,IPL_T20_SRH,Field,154,10,League
IPL2017_MAT_53,2017,13-05-2017,IPL_VEN_07,IPL_T20_MI,IPL_T20_KKR,IPL_T20_KKR,Field,173,5,League
IPL2017_MAT_54,2017,14-05-2017,IPL_VEN_16,IPL_T20_PBKS,IPL_T20_RPS,IPL_T20_RPS,Field,73,10,League
IPL2017_MAT_55,2017,14-05-2017,IPL_VEN_02,IPL_T20_RCB,IPL_T20_DC,IPL_T20_RCB,Bat,161,6,League
IPL2017_MAT_56,2017,16-05-2017,IPL_VEN_25,IPL_T20_RPS,IPL_T20_MI,IPL_T20_MI,Field,162,4,Qualifier 1
IPL2017_MAT_57,2017,17-05-2017,IPL_VEN_13,IPL_T20_SRH,IPL_T20_KKR,IPL_T20_KKR,Field,128,7,Eliminator
IPL2017_MAT_58,2017,19-05-2017,IPL_VEN_13,IPL_T20_KKR,IPL_T20_MI,IPL_T20_MI,Field,107,10,Qualifier 2
IPL2017_MAT_59,2017,21-05-2017,IPL_VEN_19,IPL_T20_MI,IPL_T20_RPS,IPL_T20_MI,Bat,129,8,Final
IPL2018_MAT_01,2018,7/4/2018,IPL_VEN_25,IPL_T20_MI,IPL_T20_CSK,IPL_T20_CSK,Field,165,4,League
IPL2018_MAT_02,2018,8/4/2018,IPL_VEN_18,IPL_T20_DC,IPL_T20_PBKS,IPL_T20_PBKS,Field,166,7,League
IPL2018_MAT_03,2018,8/4/2018,IPL_VEN_07,IPL_T20_RCB,IPL_T20_KKR,IPL_T20_KKR,Field,176,7,League
IPL2018_MAT_04,2018,9/4/2018,IPL_VEN_19,IPL_T20_RR,IPL_T20_SRH,IPL_T20_SRH,Field,125,9,League
IPL2018_MAT_05,2018,10/4/2018,IPL_VEN_14,IPL_T20_KKR,IPL_T20_CSK,IPL_T20_CSK,Field,202,6,League
IPL2018_MAT_06,2018,11/4/2018,IPL_VEN_21,IPL_T20_RR,IPL_T20_DC,IPL_T20_DC,Field,153,5,League
IPL2018_MAT_07,2018,12/4/2018,IPL_VEN_19,IPL_T20_MI,IPL_T20_SRH,IPL_T20_SRH,Field,147,8,League
IPL2018_MAT_08,2018,13-04-2018,IPL_VEN_13,IPL_T20_PBKS,IPL_T20_RCB,IPL_T20_RCB,Field,155,10,League
IPL2018_MAT_09,2018,14-04-2018,IPL_VEN_25,IPL_T20_MI,IPL_T20_DC,IPL_T20_DC,Field,194,7,League
IPL2018_MAT_10,2018,14-04-2018,IPL_VEN_07,IPL_T20_KKR,IPL_T20_SRH,IPL_T20_SRH,Field,138,8,League
IPL2018_MAT_11,2018,15-04-2018,IPL_VEN_13,IPL_T20_RR,IPL_T20_RCB,IPL_T20_RCB,Field,217,4,League
IPL2018_MAT_12,2018,15-04-2018,IPL_VEN_18,IPL_T20_PBKS,IPL_T20_CSK,IPL_T20_CSK,Field,197,7,League
IPL2018_MAT_13,2018,16-04-2018,IPL_VEN_07,IPL_T20_KKR,IPL_T20_DC,IPL_T20_DC,Field,200,9,League
IPL2018_MAT_14,2018,17-04-2018,IPL_VEN_25,IPL_T20_MI,IPL_T20_RCB,IPL_T20_RCB,Field,213,6,League
IPL2018_MAT_15,2018,18-04-2018,IPL_VEN_21,IPL_T20_RR,IPL_T20_KKR,IPL_T20_KKR,Field,160,8,League
IPL2018_MAT_16,2018,19-04-2018,IPL_VEN_18,IPL_T20_PBKS,IPL_T20_SRH,IPL_T20_PBKS,Bat,193,3,League
IPL2018_MAT_17,2018,20-04-2018,IPL_VEN_16,IPL_T20_CSK,IPL_T20_RR,IPL_T20_RR,Field,204,5,League
IPL2018_MAT_18,2018,21-04-2018,IPL_VEN_07,IPL_T20_KKR,IPL_T20_PBKS,IPL_T20_PBKS,Field,191,7,League
IPL2018_MAT_19,2018,21-04-2018,IPL_VEN_13,IPL_T20_DC,IPL_T20_RCB,IPL_T20_RCB,Field,174,5,League
IPL2018_MAT_20,2018,22-04-2018,IPL_VEN_19,IPL_T20_CSK,IPL_T20_SRH,IPL_T20_SRH,Field,182,3,League
IPL2018_MAT_21,2018,22-04-2018,IPL_VEN_21,IPL_T20_MI,IPL_T20_RR,IPL_T20_MI,Bat,167,7,League
IPL2018_MAT_22,2018,23-04-2018,IPL_VEN_02,IPL_T20_PBKS,IPL_T20_DC,IPL_T20_DC,Field,143,8,League
IPL2018_MAT_23,2018,24-04-2018,IPL_VEN_25,IPL_T20_SRH,IPL_T20_MI,IPL_T20_MI,Field,118,10,League
IPL2018_MAT_24,2018,25-04-2018,IPL_VEN_13,IPL_T20_RCB,IPL_T20_CSK,IPL_T20_CSK,Field,205,8,League
IPL2018_MAT_25,2018,26-04-2018,IPL_VEN_19,IPL_T20_SRH,IPL_T20_PBKS,IPL_T20_PBKS,Field,132,6,League
IPL2018_MAT_26,2018,27-04-2018,IPL_VEN_02,IPL_T20_DC,IPL_T20_KKR,IPL_T20_KKR,Field,219,4,League
IPL2018_MAT_27,2018,28-04-2018,IPL_VEN_16,IPL_T20_CSK,IPL_T20_MI,IPL_T20_MI,Field,169,5,League
IPL2018_MAT_28,2018,29-04-2018,IPL_VEN_21,IPL_T20_SRH,IPL_T20_RR,IPL_T20_SRH,Bat,151,7,League
IPL2018_MAT_29,2018,29-04-2018,IPL_VEN_13,IPL_T20_RCB,IPL_T20_KKR,IPL_T20_KKR,Field,175,4,League
IPL2018_MAT_30,2018,30-04-2018,IPL_VEN_16,IPL_T20_CSK,IPL_T20_DC,IPL_T20_DC,Field,211,4,League
IPL2018_MAT_31,2018,1/5/2018,IPL_VEN_13,IPL_T20_RCB,IPL_T20_MI,IPL_T20_MI,Field,167,7,League
IPL2018_MAT_32,2018,2/5/2018,IPL_VEN_02,IPL_T20_DC,IPL_T20_RR,IPL_T20_RR,Field,196,6,League
IPL2018_MAT_33,2018,3/5/2018,IPL_VEN_07,IPL_T20_CSK,IPL_T20_KKR,IPL_T20_KKR,Field,177,5,League
IPL2018_MAT_34,2018,4/5/2018,IPL_VEN_11,IPL_T20_PBKS,IPL_T20_MI,IPL_T20_MI,Field,174,6,League
IPL2018_MAT_35,2018,5/5/2018,IPL_VEN_16,IPL_T20_RCB,IPL_T20_CSK,IPL_T20_CSK,Field,127,9,League
IPL2018_MAT_36,2018,5/5/2018,IPL_VEN_19,IPL_T20_DC,IPL_T20_SRH,IPL_T20_DC,Bat,163,5,League
IPL2018_MAT_37,2018,6/5/2018,IPL_VEN_25,IPL_T20_MI,IPL_T20_KKR,IPL_T20_KKR,Field,181,4,League
IPL2018_MAT_38,2018,6/5/2018,IPL_VEN_11,IPL_T20_RR,IPL_T20_PBKS,IPL_T20_PBKS,Field,152,9,League
IPL2018_MAT_39,2018,7/5/2018,IPL_VEN_19,IPL_T20_SRH,IPL_T20_RCB,IPL_T20_RCB,Field,146,10,League
IPL2018_MAT_40,2018,8/5/2018,IPL_VEN_21,IPL_T20_RR,IPL_T20_PBKS,IPL_T20_RR,Bat,158,8,League
IPL2018_MAT_41,2018,9/5/2018,IPL_VEN_07,IPL_T20_MI,IPL_T20_KKR,IPL_T20_KKR,Field,210,6,League
IPL2018_MAT_42,2018,10/5/2018,IPL_VEN_02,IPL_T20_DC,IPL_T20_SRH,IPL_T20_DC,Bat,187,5,League
IPL2018_MAT_43,2018,11/5/2018,IPL_VEN_21,IPL_T20_CSK,IPL_T20_RR,IPL_T20_CSK,Bat,176,4,League
IPL2018_MAT_44,2018,12/5/2018,IPL_VEN_11,IPL_T20_KKR,IPL_T20_PBKS,IPL_T20_PBKS,Field,245,6,League
IPL2018_MAT_45,2018,12/5/2018,IPL_VEN_02,IPL_T20_DC,IPL_T20_RCB,IPL_T20_RCB,Field,181,4,League
IPL2018_MAT_46,2018,13-05-2018,IPL_VEN_16,IPL_T20_SRH,IPL_T20_CSK,IPL_T20_CSK,Field,179,4,League
IPL2018_MAT_47,2018,13-05-2018,IPL_VEN_25,IPL_T20_MI,IPL_T20_RR,IPL_T20_RR,Field,168,6,League
IPL2018_MAT_48,2018,14-05-2018,IPL_VEN_11,IPL_T20_PBKS,IPL_T20_RCB,IPL_T20_RCB,Field,88,10,League
IPL2018_MAT_49,2018,15-05-2018,IPL_VEN_07,IPL_T20_RR,IPL_T20_KKR,IPL_T20_KKR,Field,142,10,League
IPL2018_MAT_50,2018,16-05-2018,IPL_VEN_25,IPL_T20_MI,IPL_T20_PBKS,IPL_T20_PBKS,Field,186,8,League
IPL2018_MAT_51,2018,17-05-2018,IPL_VEN_13,IPL_T20_RCB,IPL_T20_SRH,IPL_T20_SRH,Field,218,6,League
IPL2018_MAT_52,2018,18-05-2018,IPL_VEN_02,IPL_T20_DC,IPL_T20_CSK,IPL_T20_CSK,Field,162,5,League
IPL2018_MAT_53,2018,19-05-2018,IPL_VEN_21,IPL_T20_RR,IPL_T20_RCB,IPL_T20_RR,Bat,164,5,League
IPL2018_MAT_54,2018,19-05-2018,IPL_VEN_19,IPL_T20_SRH,IPL_T20_KKR,IPL_T20_SRH,Bat,172,9,League
IPL2018_MAT_55,2018,20-05-2018,IPL_VEN_02,IPL_T20_DC,IPL_T20_MI,IPL_T20_DC,Bat,174,4,League
IPL2018_MAT_56,2018,20-05-2018,IPL_VEN_16,IPL_T20_PBKS,IPL_T20_CSK,IPL_T20_CSK,Field,153,10,League
IPL2018_MAT_57,2018,22-05-2018,IPL_VEN_25,IPL_T20_SRH,IPL_T20_CSK,IPL_T20_CSK,Field,139,7,Qualifier 1
IPL2018_MAT_58,2018,23-05-2018,IPL_VEN_07,IPL_T20_KKR,IPL_T20_RR,IPL_T20_RR,Field,169,7,Eliminator
IPL2018_MAT_59,2018,25-05-2018,IPL_VEN_07,IPL_T20_SRH,IPL_T20_KKR,IPL_T20_KKR,Field,174,7,Qualifier 2
IPL2018_MAT_60,2018,27-05-2018,IPL_VEN_25,IPL_T20_SRH,IPL_T20_CSK,IPL_T20_CSK,Field,178,6,Final
IPL2019_MAT_01,2019,23-03-2019,IPL_VEN_14,IPL_T20_RCB,IPL_T20_CSK,IPL_T20_CSK,Field,70,10,League
IPL2019_MAT_02,2019,24-03-2019,IPL_VEN_07,IPL_T20_SRH,IPL_T20_KKR,IPL_T20_KKR,Field,181,3,League
IPL2019_MAT_03,2019,24-03-2019,IPL_VEN_25,IPL_T20_DC,IPL_T20_MI,IPL_T20_MI,Field,213,6,League
IPL2019_MAT_04,2019,25-03-2019,IPL_VEN_21,IPL_T20_PBKS,IPL_T20_RR,IPL_T20_RR,Field,184,4,League
IPL2019_MAT_05,2019,26-03-2019,IPL_VEN_02,IPL_T20_DC,IPL_T20_CSK,IPL_T20_DC,Bat,147,6,League
IPL2019_MAT_06,2019,27-03-2019,IPL_VEN_07,IPL_T20_KKR,IPL_T20_PBKS,IPL_T20_PBKS,Field,218,4,League
IPL2019_MAT_07,2019,28-03-2019,IPL_VEN_13,IPL_T20_MI,IPL_T20_RCB,IPL_T20_RCB,Field,187,8,League
IPL2019_MAT_08,2019,29-03-2019,IPL_VEN_19,IPL_T20_RR,IPL_T20_SRH,IPL_T20_RR,Bat,198,2,League
IPL2019_MAT_09,2019,30-03-2019,IPL_VEN_18,IPL_T20_MI,IPL_T20_PBKS,IPL_T20_PBKS,Field,176,7,League
IPL2019_MAT_10,2019,30-03-2019,IPL_VEN_02,IPL_T20_KKR,IPL_T20_DC,IPL_T20_DC,Field,185,8,League
IPL2019_MAT_11,2019,31-03-2019,IPL_VEN_19,IPL_T20_SRH,IPL_T20_RCB,IPL_T20_RCB,Field,231,2,League
IPL2019_MAT_12,2019,31-03-2019,IPL_VEN_14,IPL_T20_CSK,IPL_T20_RR,IPL_T20_RR,Field,175,5,League
IPL2019_MAT_13,2019,1/4/2019,IPL_VEN_18,IPL_T20_PBKS,IPL_T20_DC,IPL_T20_DC,Field,166,9,League
IPL2019_MAT_14,2019,2/4/2019,IPL_VEN_21,IPL_T20_RCB,IPL_T20_RR,IPL_T20_RR,Field,158,4,League
IPL2019_MAT_15,2019,3/4/2019,IPL_VEN_25,IPL_T20_MI,IPL_T20_CSK,IPL_T20_CSK,Field,170,5,League
IPL2019_MAT_16,2019,4/4/2019,IPL_VEN_02,IPL_T20_DC,IPL_T20_SRH,IPL_T20_SRH,Field,129,8,League
IPL2019_MAT_17,2019,5/4/2019,IPL_VEN_13,IPL_T20_RCB,IPL_T20_KKR,IPL_T20_KKR,Field,205,3,League
IPL2019_MAT_18,2019,6/4/2019,IPL_VEN_14,IPL_T20_CSK,IPL_T20_PBKS,IPL_T20_CSK,Bat,160,3,League
IPL2019_MAT_19,2019,6/4/2019,IPL_VEN_19,IPL_T20_MI,IPL_T20_SRH,IPL_T20_SRH,Field,136,7,League
IPL2019_MAT_20,2019,7/4/2019,IPL_VEN_13,IPL_T20_RCB,IPL_T20_DC,IPL_T20_DC,Field,149,8,League
IPL2019_MAT_21,2019,7/4/2019,IPL_VEN_21,IPL_T20_RR,IPL_T20_KKR,IPL_T20_KKR,Field,139,3,League
IPL2019_MAT_22,2019,8/4/2019,IPL_VEN_18,IPL_T20_SRH,IPL_T20_PBKS,IPL_T20_PBKS,Field,150,4,League
IPL2019_MAT_23,2019,9/4/2019,IPL_VEN_14,IPL_T20_KKR,IPL_T20_CSK,IPL_T20_CSK,Field,108,9,League
IPL2019_MAT_24,2019,10/4/2019,IPL_VEN_25,IPL_T20_PBKS,IPL_T20_MI,IPL_T20_MI,Field,197,4,League
IPL2019_MAT_25,2019,11/4/2019,IPL_VEN_21,IPL_T20_RR,IPL_T20_CSK,IPL_T20_CSK,Field,151,7,League
IPL2019_MAT_26,2019,12/4/2019,IPL_VEN_07,IPL_T20_KKR,IPL_T20_DC,IPL_T20_DC,Field,178,7,League
IPL2019_MAT_27,2019,13-04-2019,IPL_VEN_25,IPL_T20_MI,IPL_T20_RR,IPL_T20_RR,Field,187,5,League
IPL2019_MAT_28,2019,13-04-2019,IPL_VEN_18,IPL_T20_PBKS,IPL_T20_RCB,IPL_T20_RCB,Field,173,4,League
IPL2019_MAT_29,2019,14-04-2019,IPL_VEN_07,IPL_T20_KKR,IPL_T20_CSK,IPL_T20_CSK,Field,161,8,League
IPL2019_MAT_30,2019,14-04-2019,IPL_VEN_19,IPL_T20_DC,IPL_T20_SRH,IPL_T20_SRH,Field,155,7,League
IPL2019_MAT_31,2019,15-04-2019,IPL_VEN_25,IPL_T20_RCB,IPL_T20_MI,IPL_T20_MI,Field,171,7,League
IPL2019_MAT_32,2019,16-04-2019,IPL_VEN_18,IPL_T20_PBKS,IPL_T20_RR,IPL_T20_RR,Field,182,6,League
IPL2019_MAT_33,2019,17-04-2019,IPL_VEN_19,IPL_T20_CSK,IPL_T20_SRH,IPL_T20_CSK,Bat,132,5,League
IPL2019_MAT_34,2019,18-04-2019,IPL_VEN_02,IPL_T20_MI,IPL_T20_DC,IPL_T20_MI,Bat,168,5,League
IPL2019_MAT_35,2019,19-04-2019,IPL_VEN_07,IPL_T20_RCB,IPL_T20_KKR,IPL_T20_KKR,Field,213,4,League
IPL2019_MAT_36,2019,20-04-2019,IPL_VEN_21,IPL_T20_MI,IPL_T20_RR,IPL_T20_RR,Field,161,5,League
IPL2019_MAT_37,2019,20-04-2019,IPL_VEN_02,IPL_T20_PBKS,IPL_T20_DC,IPL_T20_DC,Field,163,7,League
IPL2019_MAT_38,2019,21-04-2019,IPL_VEN_19,IPL_T20_KKR,IPL_T20_SRH,IPL_T20_SRH,Field,159,8,League
IPL2019_MAT_39,2019,21-04-2019,IPL_VEN_13,IPL_T20_RCB,IPL_T20_CSK,IPL_T20_CSK,Field,161,7,League
IPL2019_MAT_40,2019,22-04-2019,IPL_VEN_21,IPL_T20_RR,IPL_T20_DC,IPL_T20_DC,Field,191,6,League
IPL2019_MAT_41,2019,23-04-2019,IPL_VEN_14,IPL_T20_SRH,IPL_T20_CSK,IPL_T20_CSK,Field,175,3,League
IPL2019_MAT_42,2019,24-04-2019,IPL_VEN_13,IPL_T20_RCB,IPL_T20_PBKS,IPL_T20_PBKS,Field,202,4,League
IPL2019_MAT_43,2019,25-04-2019,IPL_VEN_07,IPL_T20_KKR,IPL_T20_RR,IPL_T20_RR,Field,175,6,League
IPL2019_MAT_44,2019,26-04-2019,IPL_VEN_14,IPL_T20_MI,IPL_T20_CSK,IPL_T20_CSK,Field,155,4,League
IPL2019_MAT_45,2019,27-04-2019,IPL_VEN_21,IPL_T20_SRH,IPL_T20_RR,IPL_T20_RR,Field,160,8,League
IPL2019_MAT_46,2019,28-04-2019,IPL_VEN_02,IPL_T20_DC,IPL_T20_RCB,IPL_T20_DC,Bat,187,5,League
IPL2019_MAT_47,2019,28-04-2019,IPL_VEN_07,IPL_T20_KKR,IPL_T20_MI,IPL_T20_MI,Field,232,2,League
IPL2019_MAT_48,2019,29-04-2019,IPL_VEN_19,IPL_T20_SRH,IPL_T20_PBKS,IPL_T20_PBKS,Field,212,6,League
IPL2019_MAT_49,2019,30-04-2019,IPL_VEN_13,IPL_T20_RCB,IPL_T20_RR,IPL_T20_RR,Field,62,7,League
IPL2019_MAT_50,2019,1/5/2019,IPL_VEN_14,IPL_T20_CSK,IPL_T20_DC,IPL_T20_DC,Field,179,4,League
IPL2019_MAT_51,2019,2/5/2019,IPL_VEN_25,IPL_T20_MI,IPL_T20_SRH,IPL_T20_MI,Bat,162,5,League
IPL2019_MAT_52,2019,3/5/2019,IPL_VEN_18,IPL_T20_PBKS,IPL_T20_KKR,IPL_T20_KKR,Field,183,6,League
IPL2019_MAT_53,2019,4/5/2019,IPL_VEN_02,IPL_T20_RR,IPL_T20_DC,IPL_T20_RR,Bat,115,9,League
IPL2019_MAT_54,2019,4/5/2019,IPL_VEN_13,IPL_T20_SRH,IPL_T20_RCB,IPL_T20_RCB,Field,175,7,League
IPL2019_MAT_55,2019,5/5/2019,IPL_VEN_18,IPL_T20_CSK,IPL_T20_PBKS,IPL_T20_PBKS,Field,170,5,League
IPL2019_MAT_56,2019,5/5/2019,IPL_VEN_25,IPL_T20_KKR,IPL_T20_MI,IPL_T20_MI,Field,133,7,League
IPL2019_MAT_57,2019,7/5/2019,IPL_VEN_14,IPL_T20_CSK,IPL_T20_MI,IPL_T20_CSK,Bat,131,4,Qualifier 1
IPL2019_MAT_58,2019,8/5/2019,IPL_VEN_01,IPL_T20_SRH,IPL_T20_DC,IPL_T20_DC,Field,162,8,Eliminator
IPL2019_MAT_59,2019,10/5/2019,IPL_VEN_01,IPL_T20_DC,IPL_T20_CSK,IPL_T20_CSK,Field,147,9,Qualifier 2
IPL2019_MAT_60,2019,12/5/2019,IPL_VEN_19,IPL_T20_MI,IPL_T20_CSK,IPL_T20_MI,Bat,149,8,Final
IPL2020_MAT_01,2020,19-09-2020,IPL_VEN_24,IPL_T20_MI,IPL_T20_CSK,IPL_T20_CSK,Field,162,9,League
IPL2020_MAT_02,2020,20-09-2020,IPL_VEN_06,IPL_T20_DC,IPL_T20_PBKS,IPL_T20_PBKS,Field,157,8,League
IPL2020_MAT_03,2020,21-09-2020,IPL_VEN_06,IPL_T20_RCB,IPL_T20_SRH,IPL_T20_SRH,Field,163,5,League
IPL2020_MAT_04,2020,22-09-2020,IPL_VEN_23,IPL_T20_RR,IPL_T20_CSK,IPL_T20_CSK,Field,216,7,League
IPL2020_MAT_05,2020,23-09-2020,IPL_VEN_24,IPL_T20_MI,IPL_T20_KKR,IPL_T20_KKR,Field,195,5,League
IPL2020_MAT_06,2020,24-09-2020,IPL_VEN_06,IPL_T20_PBKS,IPL_T20_RCB,IPL_T20_RCB,Field,206,3,League
IPL2020_MAT_07,2020,25-09-2020,IPL_VEN_06,IPL_T20_DC,IPL_T20_CSK,IPL_T20_CSK,Field,175,3,League
IPL2020_MAT_08,2020,26-09-2020,IPL_VEN_24,IPL_T20_SRH,IPL_T20_KKR,IPL_T20_SRH,Bat,142,4,League
IPL2020_MAT_09,2020,27-09-2020,IPL_VEN_23,IPL_T20_PBKS,IPL_T20_RR,IPL_T20_RR,Field,223,2,League
IPL2020_MAT_10,2020,28-09-2020,IPL_VEN_06,IPL_T20_RCB,IPL_T20_MI,IPL_T20_MI,Field,201,3,League
IPL2020_MAT_11,2020,29-09-2020,IPL_VEN_24,IPL_T20_SRH,IPL_T20_DC,IPL_T20_DC,Field,162,4,League
IPL2020_MAT_12,2020,30-09-2020,IPL_VEN_06,IPL_T20_KKR,IPL_T20_RR,IPL_T20_RR,Field,174,6,League
IPL2020_MAT_13,2020,1/10/2020,IPL_VEN_24,IPL_T20_MI,IPL_T20_PBKS,IPL_T20_PBKS,Field,191,4,League
IPL2020_MAT_14,2020,2/10/2020,IPL_VEN_06,IPL_T20_SRH,IPL_T20_CSK,IPL_T20_SRH,Bat,164,5,League
IPL2020_MAT_15,2020,3/10/2020,IPL_VEN_24,IPL_T20_RR,IPL_T20_RCB,IPL_T20_RR,Bat,154,6,League
IPL2020_MAT_16,2020,3/10/2020,IPL_VEN_23,IPL_T20_DC,IPL_T20_KKR,IPL_T20_KKR,Field,228,4,League
IPL2020_MAT_17,2020,4/10/2020,IPL_VEN_23,IPL_T20_MI,IPL_T20_SRH,IPL_T20_MI,Bat,208,5,League
IPL2020_MAT_18,2020,4/10/2020,IPL_VEN_06,IPL_T20_PBKS,IPL_T20_CSK,IPL_T20_PBKS,Bat,178,4,League
IPL2020_MAT_19,2020,5/10/2020,IPL_VEN_06,IPL_T20_DC,IPL_T20_RCB,IPL_T20_RCB,Field,196,4,League
IPL2020_MAT_20,2020,6/10/2020,IPL_VEN_24,IPL_T20_MI,IPL_T20_RR,IPL_T20_MI,Bat,193,4,League
IPL2020_MAT_21,2020,7/10/2020,IPL_VEN_24,IPL_T20_KKR,IPL_T20_CSK,IPL_T20_KKR,Bat,167,10,League
IPL2020_MAT_22,2020,8/10/2020,IPL_VEN_06,IPL_T20_SRH,IPL_T20_PBKS,IPL_T20_SRH,Bat,201,6,League
IPL2020_MAT_23,2020,9/10/2020,IPL_VEN_23,IPL_T20_DC,IPL_T20_RR,IPL_T20_RR,Field,184,8,League
IPL2020_MAT_24,2020,10/10/2020,IPL_VEN_24,IPL_T20_KKR,IPL_T20_PBKS,IPL_T20_KKR,Bat,164,6,League
IPL2020_MAT_25,2020,10/10/2020,IPL_VEN_06,IPL_T20_RCB,IPL_T20_CSK,IPL_T20_RCB,Bat,169,4,League
IPL2020_MAT_26,2020,11/10/2020,IPL_VEN_06,IPL_T20_SRH,IPL_T20_RR,IPL_T20_SRH,Bat,158,4,League
IPL2020_MAT_27,2020,11/10/2020,IPL_VEN_24,IPL_T20_DC,IPL_T20_MI,IPL_T20_DC,Bat,162,4,League
IPL2020_MAT_28,2020,12/10/2020,IPL_VEN_23,IPL_T20_RCB,IPL_T20_KKR,IPL_T20_RCB,Bat,194,2,League
IPL2020_MAT_29,2020,13-10-2020,IPL_VEN_06,IPL_T20_CSK,IPL_T20_SRH,IPL_T20_CSK,Bat,167,6,League
IPL2020_MAT_30,2020,14-10-2020,IPL_VEN_06,IPL_T20_DC,IPL_T20_RR,IPL_T20_DC,Bat,161,7,League
IPL2020_MAT_31,2020,15-10-2020,IPL_VEN_23,IPL_T20_RCB,IPL_T20_PBKS,IPL_T20_RCB,Bat,171,6,League
IPL2020_MAT_32,2020,16-10-2020,IPL_VEN_24,IPL_T20_KKR,IPL_T20_MI,IPL_T20_KKR,Bat,148,5,League
IPL2020_MAT_33,2020,17-10-2020,IPL_VEN_06,IPL_T20_RR,IPL_T20_RCB,IPL_T20_RR,Bat,177,6,League
IPL2020_MAT_34,2020,17-10-2020,IPL_VEN_23,IPL_T20_CSK,IPL_T20_DC,IPL_T20_CSK,Bat,179,4,League
IPL2020_MAT_35,2020,18-10-2020,IPL_VEN_24,IPL_T20_KKR,IPL_T20_SRH,IPL_T20_SRH,Field,163,5,League
IPL2020_MAT_36,2020,18-10-2020,IPL_VEN_06,IPL_T20_MI,IPL_T20_PBKS,IPL_T20_MI,Bat,176,6,League
IPL2020_MAT_37,2020,19-10-2020,IPL_VEN_24,IPL_T20_CSK,IPL_T20_RR,IPL_T20_CSK,Bat,125,5,League
IPL2020_MAT_38,2020,20-10-2020,IPL_VEN_06,IPL_T20_DC,IPL_T20_PBKS,IPL_T20_DC,Bat,164,5,League
IPL2020_MAT_39,2020,21-10-2020,IPL_VEN_24,IPL_T20_KKR,IPL_T20_RCB,IPL_T20_KKR,Bat,84,8,League
IPL2020_MAT_40,2020,22-10-2020,IPL_VEN_06,IPL_T20_RR,IPL_T20_SRH,IPL_T20_SRH,Field,154,6,League
IPL2020_MAT_41,2020,23-10-2020,IPL_VEN_23,IPL_T20_CSK,IPL_T20_MI,IPL_T20_MI,Field,114,9,League
IPL2020_MAT_42,2020,24-10-2020,IPL_VEN_24,IPL_T20_KKR,IPL_T20_DC,IPL_T20_DC,Field,194,6,League
IPL2020_MAT_43,2020,24-10-2020,IPL_VEN_06,IPL_T20_PBKS,IPL_T20_SRH,IPL_T20_SRH,Field,126,7,League
IPL2020_MAT_44,2020,25-10-2020,IPL_VEN_06,IPL_T20_RCB,IPL_T20_CSK,IPL_T20_RCB,Bat,145,6,League
IPL2020_MAT_45,2020,25-10-2020,IPL_VEN_24,IPL_T20_MI,IPL_T20_RR,IPL_T20_MI,Bat,195,5,League
IPL2020_MAT_46,2020,26-10-2020,IPL_VEN_23,IPL_T20_KKR,IPL_T20_PBKS,IPL_T20_PBKS,Field,149,9,League
IPL2020_MAT_47,2020,27-10-2020,IPL_VEN_06,IPL_T20_SRH,IPL_T20_DC,IPL_T20_DC,Field,219,2,League
IPL2020_MAT_48,2020,28-10-2020,IPL_VEN_24,IPL_T20_RCB,IPL_T20_MI,IPL_T20_MI,Field,164,6,League
IPL2020_MAT_49,2020,29-10-2020,IPL_VEN_06,IPL_T20_KKR,IPL_T20_CSK,IPL_T20_CSK,Field,172,5,League
IPL2020_MAT_50,2020,30-10-2020,IPL_VEN_24,IPL_T20_PBKS,IPL_T20_RR,IPL_T20_RR,Field,185,4,League
IPL2020_MAT_51,2020,31-10-2020,IPL_VEN_06,IPL_T20_DC,IPL_T20_MI,IPL_T20_MI,Field,110,9,League
IPL2020_MAT_52,2020,31-10-2020,IPL_VEN_23,IPL_T20_RCB,IPL_T20_SRH,IPL_T20_SRH,Field,120,7,League
IPL2020_MAT_53,2020,1/11/2020,IPL_VEN_24,IPL_T20_PBKS,IPL_T20_CSK,IPL_T20_CSK,Field,153,6,League
IPL2020_MAT_54,2020,1/11/2020,IPL_VEN_06,IPL_T20_KKR,IPL_T20_RR,IPL_T20_RR,Field,191,7,League
IPL2020_MAT_55,2020,2/11/2020,IPL_VEN_24,IPL_T20_RCB,IPL_T20_DC,IPL_T20_DC,Field,152,7,League
IPL2020_MAT_56,2020,3/11/2020,IPL_VEN_23,IPL_T20_MI,IPL_T20_SRH,IPL_T20_SRH,Field,149,8,League
IPL2020_MAT_57,2020,5/11/2020,IPL_VEN_06,IPL_T20_MI,IPL_T20_DC,IPL_T20_DC,Field,200,5,Qualifier 1
IPL2020_MAT_58,2020,6/11/2020,IPL_VEN_24,IPL_T20_RCB,IPL_T20_SRH,IPL_T20_SRH,Field,131,7,Eliminator
IPL2020_MAT_59,2020,8/11/2020,IPL_VEN_24,IPL_T20_DC,IPL_T20_SRH,IPL_T20_DC,Bat,189,3,Qualifier 2
IPL2020_MAT_60,2020,10/11/2020,IPL_VEN_06,IPL_T20_DC,IPL_T20_MI,IPL_T20_DC,Bat,156,7,Final
IPL2021_MAT_01,2021,9/4/2021,IPL_VEN_14,IPL_T20_MI,IPL_T20_RCB,IPL_T20_RCB,Field,159,9,League
IPL2021_MAT_02,2021,10/4/2021,IPL_VEN_25,IPL_T20_CSK,IPL_T20_DC,IPL_T20_DC,Field,188,7,League
IPL2021_MAT_03,2021,11/4/2021,IPL_VEN_14,IPL_T20_KKR,IPL_T20_SRH,IPL_T20_SRH,Field,187,6,League
IPL2021_MAT_04,2021,12/4/2021,IPL_VEN_25,IPL_T20_PBKS,IPL_T20_RR,IPL_T20_RR,Field,221,6,League
IPL2021_MAT_05,2021,13-04-2021,IPL_VEN_14,IPL_T20_MI,IPL_T20_KKR,IPL_T20_KKR,Field,152,10,League
IPL2021_MAT_06,2021,14-04-2021,IPL_VEN_14,IPL_T20_RCB,IPL_T20_SRH,IPL_T20_SRH,Field,149,8,League
IPL2021_MAT_07,2021,15-04-2021,IPL_VEN_25,IPL_T20_DC,IPL_T20_RR,IPL_T20_RR,Field,147,8,League
IPL2021_MAT_08,2021,16-04-2021,IPL_VEN_25,IPL_T20_PBKS,IPL_T20_CSK,IPL_T20_CSK,Field,106,8,League
IPL2021_MAT_09,2021,17-04-2021,IPL_VEN_14,IPL_T20_MI,IPL_T20_SRH,IPL_T20_MI,Bat,150,5,League
IPL2021_MAT_10,2021,18-04-2021,IPL_VEN_14,IPL_T20_RCB,IPL_T20_KKR,IPL_T20_RCB,Bat,204,4,League
IPL2021_MAT_11,2021,18-04-2021,IPL_VEN_25,IPL_T20_PBKS,IPL_T20_DC,IPL_T20_DC,Field,195,4,League
IPL2021_MAT_12,2021,19-04-2021,IPL_VEN_25,IPL_T20_CSK,IPL_T20_RR,IPL_T20_RR,Field,188,9,League
IPL2021_MAT_13,2021,20-04-2021,IPL_VEN_14,IPL_T20_MI,IPL_T20_DC,IPL_T20_MI,Bat,137,9,League
IPL2021_MAT_14,2021,21-04-2021,IPL_VEN_14,IPL_T20_PBKS,IPL_T20_SRH,IPL_T20_PBKS,Bat,120,10,League
IPL2021_MAT_15,2021,21-04-2021,IPL_VEN_25,IPL_T20_CSK,IPL_T20_KKR,IPL_T20_KKR,Field,220,3,League
IPL2021_MAT_16,2021,22-04-2021,IPL_VEN_25,IPL_T20_RR,IPL_T20_RCB,IPL_T20_RCB,Field,177,9,League
IPL2021_MAT_17,2021,23-04-2021,IPL_VEN_14,IPL_T20_MI,IPL_T20_PBKS,IPL_T20_PBKS,Field,131,6,League
IPL2021_MAT_18,2021,24-04-2021,IPL_VEN_25,IPL_T20_KKR,IPL_T20_RR,IPL_T20_RR,Field,133,9,League
IPL2021_MAT_19,2021,25-04-2021,IPL_VEN_25,IPL_T20_CSK,IPL_T20_RCB,IPL_T20_CSK,Bat,191,4,League
IPL2021_MAT_20,2021,25-04-2021,IPL_VEN_14,IPL_T20_DC,IPL_T20_SRH,IPL_T20_DC,Bat,159,4,League
IPL2021_MAT_21,2021,26-04-2021,IPL_VEN_17,IPL_T20_PBKS,IPL_T20_KKR,IPL_T20_KKR,Field,123,9,League
IPL2021_MAT_22,2021,27-04-2021,IPL_VEN_17,IPL_T20_RCB,IPL_T20_DC,IPL_T20_DC,Field,171,5,League
IPL2021_MAT_23,2021,28-04-2021,IPL_VEN_02,IPL_T20_SRH,IPL_T20_CSK,IPL_T20_SRH,Bat,171,3,League
IPL2021_MAT_24,2021,29-04-2021,IPL_VEN_02,IPL_T20_RR,IPL_T20_MI,IPL_T20_MI,Field,171,4,League
IPL2021_MAT_25,2021,29-04-2021,IPL_VEN_17,IPL_T20_KKR,IPL_T20_DC,IPL_T20_DC,Field,154,6,League
IPL2021_MAT_26,2021,30-04-2021,IPL_VEN_17,IPL_T20_PBKS,IPL_T20_RCB,IPL_T20_RCB,Field,179,5,League
IPL2021_MAT_27,2021,1/5/2021,IPL_VEN_02,IPL_T20_CSK,IPL_T20_MI,IPL_T20_MI,Field,218,4,League
IPL2021_MAT_28,2021,2/5/2021,IPL_VEN_02,IPL_T20_RR,IPL_T20_SRH,IPL_T20_SRH,Field,220,3,League
IPL2021_MAT_29,2021,2/5/2021,IPL_VEN_17,IPL_T20_PBKS,IPL_T20_DC,IPL_T20_DC,Field,166,6,League
IPL2021_MAT_30,2021,19-09-2021,IPL_VEN_06,IPL_T20_CSK,IPL_T20_MI,IPL_T20_CSK,Bat,156,6,League
IPL2021_MAT_31,2021,20-09-2021,IPL_VEN_26,IPL_T20_RCB,IPL_T20_KKR,IPL_T20_RCB,Bat,92,10,League
IPL2021_MAT_32,2021,21-09-2021,IPL_VEN_06,IPL_T20_RR,IPL_T20_PBKS,IPL_T20_PBKS,Field,185,10,League
IPL2021_MAT_33,2021,22-09-2021,IPL_VEN_06,IPL_T20_SRH,IPL_T20_DC,IPL_T20_SRH,Bat,134,9,League
IPL2021_MAT_34,2021,23-09-2021,IPL_VEN_26,IPL_T20_MI,IPL_T20_KKR,IPL_T20_KKR,Field,155,6,League
IPL2021_MAT_35,2021,24-09-2021,IPL_VEN_23,IPL_T20_RCB,IPL_T20_CSK,IPL_T20_CSK,Field,156,6,League
IPL2021_MAT_36,2021,25-09-2021,IPL_VEN_26,IPL_T20_DC,IPL_T20_RR,IPL_T20_RR,Field,154,6,League
IPL2021_MAT_37,2021,25-09-2021,IPL_VEN_23,IPL_T20_PBKS,IPL_T20_SRH,IPL_T20_SRH,Field,125,7,League
IPL2021_MAT_38,2021,26-09-2021,IPL_VEN_26,IPL_T20_KKR,IPL_T20_CSK,IPL_T20_KKR,Bat,171,6,League
IPL2021_MAT_39,2021,26-09-2021,IPL_VEN_06,IPL_T20_RCB,IPL_T20_MI,IPL_T20_MI,Field,165,6,League
IPL2021_MAT_40,2021,27-09-2021,IPL_VEN_06,IPL_T20_RR,IPL_T20_SRH,IPL_T20_RR,Bat,164,5,League
IPL2021_MAT_41,2021,28-09-2021,IPL_VEN_23,IPL_T20_DC,IPL_T20_KKR,IPL_T20_KKR,Field,127,9,League
IPL2021_MAT_42,2021,28-09-2021,IPL_VEN_26,IPL_T20_PBKS,IPL_T20_MI,IPL_T20_MI,Field,135,6,League
IPL2021_MAT_43,2021,29-09-2021,IPL_VEN_06,IPL_T20_RR,IPL_T20_RCB,IPL_T20_RCB,Field,149,9,League
IPL2021_MAT_44,2021,30-09-2021,IPL_VEN_23,IPL_T20_SRH,IPL_T20_CSK,IPL_T20_CSK,Field,134,7,League
IPL2021_MAT_45,2021,1/10/2021,IPL_VEN_06,IPL_T20_KKR,IPL_T20_PBKS,IPL_T20_PBKS,Field,165,7,League
IPL2021_MAT_46,2021,2/10/2021,IPL_VEN_23,IPL_T20_MI,IPL_T20_DC,IPL_T20_DC,Field,129,8,League
IPL2021_MAT_47,2021,2/10/2021,IPL_VEN_26,IPL_T20_CSK,IPL_T20_RR,IPL_T20_RR,Field,189,4,League
IPL2021_MAT_48,2021,3/10/2021,IPL_VEN_23,IPL_T20_RCB,IPL_T20_PBKS,IPL_T20_RCB,Bat,164,7,League
IPL2021_MAT_49,2021,3/10/2021,IPL_VEN_06,IPL_T20_SRH,IPL_T20_KKR,IPL_T20_SRH,Bat,115,8,League
IPL2021_MAT_50,2021,4/10/2021,IPL_VEN_06,IPL_T20_CSK,IPL_T20_DC,IPL_T20_DC,Field,136,5,League
IPL2021_MAT_51,2021,5/10/2021,IPL_VEN_23,IPL_T20_RR,IPL_T20_MI,IPL_T20_MI,Field,90,9,League
IPL2021_MAT_52,2021,6/10/2021,IPL_VEN_26,IPL_T20_SRH,IPL_T20_RCB,IPL_T20_RCB,Field,141,7,League
IPL2021_MAT_53,2021,7/10/2021,IPL_VEN_06,IPL_T20_CSK,IPL_T20_PBKS,IPL_T20_PBKS,Field,134,6,League
IPL2021_MAT_54,2021,7/10/2021,IPL_VEN_23,IPL_T20_KKR,IPL_T20_RR,IPL_T20_RR,Field,171,4,League
IPL2021_MAT_55,2021,8/10/2021,IPL_VEN_26,IPL_T20_MI,IPL_T20_SRH,IPL_T20_MI,Bat,235,9,League
IPL2021_MAT_56,2021,8/10/2021,IPL_VEN_06,IPL_T20_DC,IPL_T20_RCB,IPL_T20_RCB,Field,164,5,League
IPL2021_MAT_57,2021,10/10/2021,IPL_VEN_06,IPL_T20_DC,IPL_T20_CSK,IPL_T20_CSK,Field,172,5,Qualifier 1
IPL2021_MAT_58,2021,11/10/2021,IPL_VEN_23,IPL_T20_RCB,IPL_T20_KKR,IPL_T20_RCB,Bat,138,7,Eliminator
IPL2021_MAT_59,2021,13-10-2021,IPL_VEN_23,IPL_T20_DC,IPL_T20_KKR,IPL_T20_KKR,Field,135,5,Qualifier 2
IPL2021_MAT_60,2021,15-10-2021,IPL_VEN_06,IPL_T20_CSK,IPL_T20_KKR,IPL_T20_KKR,Field,192,3,Final
IPL2022_MAT_01,2022,26-03-2022,IPL_VEN_25,IPL_T20_CSK,IPL_T20_KKR,IPL_T20_KKR,Field,131,5,League
IPL2022_MAT_02,2022,27-03-2022,IPL_VEN_04,IPL_T20_MI,IPL_T20_DC,IPL_T20_DC,Field,177,5,League
IPL2022_MAT_03,2022,27-03-2022,IPL_VEN_05,IPL_T20_RCB,IPL_T20_PBKS,IPL_T20_PBKS,Field,205,2,League
IPL2022_MAT_04,2022,28-03-2022,IPL_VEN_25,IPL_T20_LSG,IPL_T20_GT,IPL_T20_GT,Field,158,6,League
IPL2022_MAT_05,2022,29-03-2022,IPL_VEN_16,IPL_T20_RR,IPL_T20_SRH,IPL_T20_SRH,Field,210,6,League
IPL2022_MAT_06,2022,30-03-2022,IPL_VEN_05,IPL_T20_KKR,IPL_T20_RCB,IPL_T20_RCB,Field,128,10,League
IPL2022_MAT_07,2022,31-03-2022,IPL_VEN_04,IPL_T20_CSK,IPL_T20_LSG,IPL_T20_LSG,Field,210,7,League
IPL2022_MAT_08,2022,1/4/2022,IPL_VEN_25,IPL_T20_PBKS,IPL_T20_KKR,IPL_T20_KKR,Field,137,10,League
IPL2022_MAT_09,2022,2/4/2022,IPL_VEN_05,IPL_T20_RR,IPL_T20_MI,IPL_T20_MI,Field,193,8,League
IPL2022_MAT_10,2022,2/4/2022,IPL_VEN_16,IPL_T20_GT,IPL_T20_DC,IPL_T20_DC,Field,171,6,League
IPL2022_MAT_11,2022,3/4/2022,IPL_VEN_04,IPL_T20_PBKS,IPL_T20_CSK,IPL_T20_CSK,Field,180,8,League
IPL2022_MAT_12,2022,4/4/2022,IPL_VEN_05,IPL_T20_LSG,IPL_T20_SRH,IPL_T20_SRH,Field,169,7,League
IPL2022_MAT_13,2022,5/4/2022,IPL_VEN_25,IPL_T20_RR,IPL_T20_RCB,IPL_T20_RCB,Field,169,3,League
IPL2022_MAT_14,2022,6/4/2022,IPL_VEN_16,IPL_T20_MI,IPL_T20_KKR,IPL_T20_KKR,Field,161,4,League
IPL2022_MAT_15,2022,7/4/2022,IPL_VEN_05,IPL_T20_DC,IPL_T20_LSG,IPL_T20_LSG,Field,149,3,League
IPL2022_MAT_16,2022,8/4/2022,IPL_VEN_04,IPL_T20_PBKS,IPL_T20_GT,IPL_T20_GT,Field,189,9,League
IPL2022_MAT_17,2022,9/4/2022,IPL_VEN_05,IPL_T20_CSK,IPL_T20_SRH,IPL_T20_SRH,Field,154,7,League
IPL2022_MAT_18,2022,9/4/2022,IPL_VEN_16,IPL_T20_MI,IPL_T20_RCB,IPL_T20_RCB,Field,151,6,League
IPL2022_MAT_19,2022,10/4/2022,IPL_VEN_04,IPL_T20_DC,IPL_T20_KKR,IPL_T20_KKR,Field,215,5,League
IPL2022_MAT_20,2022,10/4/2022,IPL_VEN_25,IPL_T20_RR,IPL_T20_LSG,IPL_T20_LSG,Field,165,5,League
IPL2022_MAT_21,2022,11/4/2022,IPL_VEN_05,IPL_T20_GT,IPL_T20_SRH,IPL_T20_SRH,Field,162,7,League
IPL2022_MAT_22,2022,12/4/2022,IPL_VEN_05,IPL_T20_CSK,IPL_T20_RCB,IPL_T20_RCB,Field,216,4,League
IPL2022_MAT_23,2022,13-04-2022,IPL_VEN_16,IPL_T20_PBKS,IPL_T20_MI,IPL_T20_MI,Field,198,5,League
IPL2022_MAT_24,2022,14-04-2022,IPL_VEN_05,IPL_T20_GT,IPL_T20_RR,IPL_T20_RR,Field,192,4,League
IPL2022_MAT_25,2022,15-04-2022,IPL_VEN_04,IPL_T20_KKR,IPL_T20_SRH,IPL_T20_SRH,Field,175,8,League
IPL2022_MAT_26,2022,16-04-2022,IPL_VEN_04,IPL_T20_LSG,IPL_T20_MI,IPL_T20_MI,Field,199,4,League
IPL2022_MAT_27,2022,16-04-2022,IPL_VEN_25,IPL_T20_RCB,IPL_T20_DC,IPL_T20_DC,Field,189,5,League
IPL2022_MAT_28,2022,17-04-2022,IPL_VEN_05,IPL_T20_PBKS,IPL_T20_SRH,IPL_T20_SRH,Field,151,10,League
IPL2022_MAT_29,2022,17-04-2022,IPL_VEN_16,IPL_T20_CSK,IPL_T20_GT,IPL_T20_GT,Field,169,5,League
IPL2022_MAT_30,2022,18-04-2022,IPL_VEN_04,IPL_T20_RR,IPL_T20_KKR,IPL_T20_KKR,Field,217,5,League
IPL2022_MAT_31,2022,19-04-2022,IPL_VEN_05,IPL_T20_RCB,IPL_T20_LSG,IPL_T20_LSG,Field,181,6,League
IPL2022_MAT_32,2022,20-04-2022,IPL_VEN_04,IPL_T20_PBKS,IPL_T20_DC,IPL_T20_DC,Field,115,10,League
IPL2022_MAT_33,2022,21-04-2022,IPL_VEN_05,IPL_T20_MI,IPL_T20_CSK,IPL_T20_CSK,Field,155,7,League
IPL2022_MAT_34,2022,22-04-2022,IPL_VEN_25,IPL_T20_RR,IPL_T20_DC,IPL_T20_DC,Field,222,2,League
IPL2022_MAT_35,2022,23-04-2022,IPL_VEN_05,IPL_T20_GT,IPL_T20_KKR,IPL_T20_GT,Bat,156,9,League
IPL2022_MAT_36,2022,23-04-2022,IPL_VEN_04,IPL_T20_RCB,IPL_T20_SRH,IPL_T20_SRH,Field,68,10,League
IPL2022_MAT_37,2022,24-04-2022,IPL_VEN_25,IPL_T20_LSG,IPL_T20_MI,IPL_T20_MI,Field,168,6,League
IPL2022_MAT_38,2022,25-04-2022,IPL_VEN_25,IPL_T20_PBKS,IPL_T20_CSK,IPL_T20_CSK,Field,187,4,League
IPL2022_MAT_39,2022,26-04-2022,IPL_VEN_16,IPL_T20_RR,IPL_T20_RCB,IPL_T20_RCB,Field,144,8,League
IPL2022_MAT_40,2022,27-04-2022,IPL_VEN_25,IPL_T20_SRH,IPL_T20_GT,IPL_T20_GT,Field,195,6,League
IPL2022_MAT_41,2022,28-04-2022,IPL_VEN_25,IPL_T20_KKR,IPL_T20_DC,IPL_T20_DC,Field,146,9,League
IPL2022_MAT_42,2022,29-04-2022,IPL_VEN_16,IPL_T20_LSG,IPL_T20_PBKS,IPL_T20_PBKS,Field,153,8,League
IPL2022_MAT_43,2022,30-04-2022,IPL_VEN_04,IPL_T20_RCB,IPL_T20_GT,IPL_T20_RCB,Bat,170,6,League
IPL2022_MAT_44,2022,30-04-2022,IPL_VEN_05,IPL_T20_RR,IPL_T20_MI,IPL_T20_MI,Field,158,6,League
IPL2022_MAT_45,2022,1/5/2022,IPL_VEN_25,IPL_T20_LSG,IPL_T20_DC,IPL_T20_LSG,Bat,195,3,League
IPL2022_MAT_46,2022,1/5/2022,IPL_VEN_16,IPL_T20_CSK,IPL_T20_SRH,IPL_T20_SRH,Field,202,2,League
IPL2022_MAT_47,2022,2/5/2022,IPL_VEN_25,IPL_T20_RR,IPL_T20_KKR,IPL_T20_KKR,Field,152,5,League
IPL2022_MAT_48,2022,3/5/2022,IPL_VEN_05,IPL_T20_GT,IPL_T20_PBKS,IPL_T20_GT,Bat,143,8,League
IPL2022_MAT_49,2022,4/5/2022,IPL_VEN_16,IPL_T20_RCB,IPL_T20_CSK,IPL_T20_CSK,Field,173,8,League
IPL2022_MAT_50,2022,5/5/2022,IPL_VEN_04,IPL_T20_DC,IPL_T20_SRH,IPL_T20_SRH,Field,207,3,League
IPL2022_MAT_51,2022,6/5/2022,IPL_VEN_04,IPL_T20_MI,IPL_T20_GT,IPL_T20_GT,Field,177,6,League
IPL2022_MAT_52,2022,7/5/2022,IPL_VEN_25,IPL_T20_PBKS,IPL_T20_RR,IPL_T20_PBKS,Bat,189,5,League
IPL2022_MAT_53,2022,7/5/2022,IPL_VEN_16,IPL_T20_LSG,IPL_T20_KKR,IPL_T20_KKR,Field,176,7,League
IPL2022_MAT_54,2022,8/5/2022,IPL_VEN_25,IPL_T20_RCB,IPL_T20_SRH,IPL_T20_RCB,Bat,192,3,League
IPL2022_MAT_55,2022,8/5/2022,IPL_VEN_05,IPL_T20_CSK,IPL_T20_DC,IPL_T20_DC,Field,208,6,League
IPL2022_MAT_56,2022,9/5/2022,IPL_VEN_05,IPL_T20_KKR,IPL_T20_MI,IPL_T20_MI,Field,165,9,League
IPL2022_MAT_57,2022,10/5/2022,IPL_VEN_16,IPL_T20_GT,IPL_T20_LSG,IPL_T20_GT,Bat,144,4,League
IPL2022_MAT_58,2022,11/5/2022,IPL_VEN_05,IPL_T20_RR,IPL_T20_DC,IPL_T20_DC,Field,160,6,League
IPL2022_MAT_59,2022,12/5/2022,IPL_VEN_25,IPL_T20_CSK,IPL_T20_MI,IPL_T20_MI,Field,97,10,League
IPL2022_MAT_60,2022,13-05-2022,IPL_VEN_04,IPL_T20_PBKS,IPL_T20_RCB,IPL_T20_RCB,Field,209,9,League
IPL2022_MAT_61,2022,14-05-2022,IPL_VEN_16,IPL_T20_KKR,IPL_T20_SRH,IPL_T20_KKR,Bat,177,6,League
IPL2022_MAT_62,2022,15-05-2022,IPL_VEN_25,IPL_T20_CSK,IPL_T20_GT,IPL_T20_CSK,Bat,133,5,League
IPL2022_MAT_63,2022,15-05-2022,IPL_VEN_04,IPL_T20_RR,IPL_T20_LSG,IPL_T20_RR,Bat,178,6,League
IPL2022_MAT_64,2022,16-05-2022,IPL_VEN_05,IPL_T20_DC,IPL_T20_PBKS,IPL_T20_PBKS,Field,159,7,League
IPL2022_MAT_65,2022,17-05-2022,IPL_VEN_25,IPL_T20_SRH,IPL_T20_MI,IPL_T20_MI,Field,193,6,League
IPL2022_MAT_66,2022,18-05-2022,IPL_VEN_05,IPL_T20_LSG,IPL_T20_KKR,IPL_T20_LSG,Bat,210,0,League
IPL2022_MAT_67,2022,19-05-2022,IPL_VEN_25,IPL_T20_GT,IPL_T20_RCB,IPL_T20_GT,Bat,168,5,League
IPL2022_MAT_68,2022,20-05-2022,IPL_VEN_04,IPL_T20_CSK,IPL_T20_RR,IPL_T20_CSK,Bat,150,6,League
IPL2022_MAT_69,2022,21-05-2022,IPL_VEN_25,IPL_T20_DC,IPL_T20_MI,IPL_T20_MI,Field,159,7,League
IPL2022_MAT_70,2022,22-05-2022,IPL_VEN_25,IPL_T20_SRH,IPL_T20_PBKS,IPL_T20_SRH,Bat,157,8,League
IPL2022_MAT_71,2022,24-05-2022,IPL_VEN_07,IPL_T20_RR,IPL_T20_GT,IPL_T20_GT,Field,188,6,Qualifier 1
IPL2022_MAT_72,2022,25-05-2022,IPL_VEN_07,IPL_T20_RCB,IPL_T20_LSG,IPL_T20_LSG,Field,207,4,Eliminator
IPL2022_MAT_73,2022,27-05-2022,IPL_VEN_17,IPL_T20_RCB,IPL_T20_RR,IPL_T20_RR,Field,157,8,Qualifier 2
IPL2022_MAT_74,2022,29-05-2022,IPL_VEN_17,IPL_T20_RR,IPL_T20_GT,IPL_T20_RR,Bat,130,9,Final
IPL2023_MAT_01,2023,31-03-2023,IPL_VEN_17,IPL_T20_CSK,IPL_T20_GT,IPL_T20_GT,Field,178,7,League
IPL2023_MAT_02,2023,1/4/2023,IPL_VEN_18,IPL_T20_PBKS,IPL_T20_KKR,IPL_T20_KKR,Field,191,5,League
IPL2023_MAT_03,2023,1/4/2023,IPL_VEN_08,IPL_T20_LSG,IPL_T20_DC,IPL_T20_DC,Field,193,6,League
IPL2023_MAT_04,2023,2/4/2023,IPL_VEN_19,IPL_T20_RR,IPL_T20_SRH,IPL_T20_SRH,Field,203,5,League
IPL2023_MAT_05,2023,2/4/2023,IPL_VEN_13,IPL_T20_MI,IPL_T20_RCB,IPL_T20_RCB,Field,171,7,League
IPL2023_MAT_06,2023,3/4/2023,IPL_VEN_14,IPL_T20_CSK,IPL_T20_LSG,IPL_T20_LSG,Field,217,7,League
IPL2023_MAT_07,2023,4/4/2023,IPL_VEN_02,IPL_T20_DC,IPL_T20_GT,IPL_T20_GT,Field,162,8,League
IPL2023_MAT_08,2023,5/4/2023,IPL_VEN_03,IPL_T20_PBKS,IPL_T20_RR,IPL_T20_RR,Field,197,4,League
IPL2023_MAT_09,2023,6/4/2023,IPL_VEN_07,IPL_T20_KKR,IPL_T20_RCB,IPL_T20_RCB,Field,204,7,League
IPL2023_MAT_10,2023,7/4/2023,IPL_VEN_08,IPL_T20_SRH,IPL_T20_LSG,IPL_T20_SRH,Bat,121,8,League
IPL2023_MAT_11,2023,8/4/2023,IPL_VEN_03,IPL_T20_RR,IPL_T20_DC,IPL_T20_DC,Field,199,4,League
IPL2023_MAT_12,2023,8/4/2023,IPL_VEN_25,IPL_T20_MI,IPL_T20_CSK,IPL_T20_CSK,Field,157,8,League
IPL2023_MAT_13,2023,9/4/2023,IPL_VEN_17,IPL_T20_GT,IPL_T20_KKR,IPL_T20_GT,Bat,204,4,League
IPL2023_MAT_14,2023,9/4/2023,IPL_VEN_19,IPL_T20_PBKS,IPL_T20_SRH,IPL_T20_SRH,Field,143,9,League
IPL2023_MAT_15,2023,10/4/2023,IPL_VEN_13,IPL_T20_RCB,IPL_T20_LSG,IPL_T20_LSG,Field,212,2,League
IPL2023_MAT_16,2023,11/4/2023,IPL_VEN_02,IPL_T20_DC,IPL_T20_MI,IPL_T20_MI,Field,172,10,League
IPL2023_MAT_17,2023,12/4/2023,IPL_VEN_14,IPL_T20_RR,IPL_T20_CSK,IPL_T20_CSK,Field,175,8,League
IPL2023_MAT_18,2023,13-04-2023,IPL_VEN_18,IPL_T20_PBKS,IPL_T20_GT,IPL_T20_GT,Field,153,8,League
IPL2023_MAT_19,2023,14-04-2023,IPL_VEN_07,IPL_T20_SRH,IPL_T20_KKR,IPL_T20_KKR,Field,228,4,League
IPL2023_MAT_20,2023,15-04-2023,IPL_VEN_13,IPL_T20_RCB,IPL_T20_DC,IPL_T20_DC,Field,174,6,League
IPL2023_MAT_21,2023,15-04-2023,IPL_VEN_08,IPL_T20_LSG,IPL_T20_PBKS,IPL_T20_PBKS,Field,159,8,League
IPL2023_MAT_22,2023,16-04-2023,IPL_VEN_25,IPL_T20_KKR,IPL_T20_MI,IPL_T20_MI,Field,185,6,League
IPL2023_MAT_23,2023,16-04-2023,IPL_VEN_17,IPL_T20_GT,IPL_T20_RR,IPL_T20_RR,Field,177,7,League
IPL2023_MAT_24,2023,17-04-2023,IPL_VEN_13,IPL_T20_CSK,IPL_T20_RCB,IPL_T20_RCB,Field,226,6,League
IPL2023_MAT_25,2023,18-04-2023,IPL_VEN_19,IPL_T20_MI,IPL_T20_SRH,IPL_T20_SRH,Field,192,5,League
IPL2023_MAT_26,2023,19-04-2023,IPL_VEN_21,IPL_T20_LSG,IPL_T20_RR,IPL_T20_RR,Field,154,7,League
IPL2023_MAT_27,2023,20-04-2023,IPL_VEN_18,IPL_T20_RCB,IPL_T20_PBKS,IPL_T20_PBKS,Field,174,4,League
IPL2023_MAT_28,2023,20-04-2023,IPL_VEN_02,IPL_T20_KKR,IPL_T20_DC,IPL_T20_DC,Field,127,10,League
IPL2023_MAT_29,2023,21-04-2023,IPL_VEN_14,IPL_T20_SRH,IPL_T20_CSK,IPL_T20_CSK,Field,134,7,League
IPL2023_MAT_30,2023,22-04-2023,IPL_VEN_08,IPL_T20_GT,IPL_T20_LSG,IPL_T20_GT,Bat,135,6,League
IPL2023_MAT_31,2023,22-04-2023,IPL_VEN_25,IPL_T20_PBKS,IPL_T20_MI,IPL_T20_MI,Field,214,8,League
IPL2023_MAT_32,2023,23-04-2023,IPL_VEN_13,IPL_T20_RCB,IPL_T20_RR,IPL_T20_RR,Field,189,9,League
IPL2023_MAT_33,2023,23-04-2023,IPL_VEN_07,IPL_T20_CSK,IPL_T20_KKR,IPL_T20_KKR,Field,235,4,League
IPL2023_MAT_34,2023,24-04-2023,IPL_VEN_19,IPL_T20_DC,IPL_T20_SRH,IPL_T20_DC,Bat,144,9,League
IPL2023_MAT_35,2023,25-04-2023,IPL_VEN_17,IPL_T20_GT,IPL_T20_MI,IPL_T20_MI,Field,207,6,League
IPL2023_MAT_36,2023,26-04-2023,IPL_VEN_13,IPL_T20_KKR,IPL_T20_RCB,IPL_T20_RCB,Field,200,5,League
IPL2023_MAT_37,2023,27-04-2023,IPL_VEN_21,IPL_T20_RR,IPL_T20_CSK,IPL_T20_RR,Bat,202,5,League
IPL2023_MAT_38,2023,28-04-2023,IPL_VEN_18,IPL_T20_LSG,IPL_T20_PBKS,IPL_T20_PBKS,Field,257,5,League
IPL2023_MAT_39,2023,29-04-2023,IPL_VEN_07,IPL_T20_KKR,IPL_T20_GT,IPL_T20_GT,Field,179,7,League
IPL2023_MAT_40,2023,29-04-2023,IPL_VEN_02,IPL_T20_SRH,IPL_T20_DC,IPL_T20_SRH,Bat,197,6,League
IPL2023_MAT_41,2023,30-04-2023,IPL_VEN_14,IPL_T20_CSK,IPL_T20_PBKS,IPL_T20_CSK,Bat,200,4,League
IPL2023_MAT_42,2023,30-04-2023,IPL_VEN_25,IPL_T20_RR,IPL_T20_MI,IPL_T20_RR,Bat,212,7,League
IPL2023_MAT_43,2023,1/5/2023,IPL_VEN_08,IPL_T20_RCB,IPL_T20_LSG,IPL_T20_RCB,Bat,126,9,League
IPL2023_MAT_44,2023,2/5/2023,IPL_VEN_17,IPL_T20_DC,IPL_T20_GT,IPL_T20_DC,Bat,130,8,League
IPL2023_MAT_45,2023,3/5/2023,IPL_VEN_08,IPL_T20_LSG,IPL_T20_CSK,IPL_T20_CSK,Field,125,7,League
IPL2023_MAT_46,2023,3/5/2023,IPL_VEN_18,IPL_T20_PBKS,IPL_T20_MI,IPL_T20_MI,Field,214,3,League
IPL2023_MAT_47,2023,4/5/2023,IPL_VEN_19,IPL_T20_KKR,IPL_T20_SRH,IPL_T20_KKR,Bat,171,9,League
IPL2023_MAT_48,2023,5/5/2023,IPL_VEN_21,IPL_T20_RR,IPL_T20_GT,IPL_T20_RR,Bat,118,10,League
IPL2023_MAT_49,2023,6/5/2023,IPL_VEN_14,IPL_T20_MI,IPL_T20_CSK,IPL_T20_CSK,Field,139,8,League
IPL2023_MAT_50,2023,6/5/2023,IPL_VEN_02,IPL_T20_RCB,IPL_T20_DC,IPL_T20_RCB,Bat,181,4,League
IPL2023_MAT_51,2023,7/5/2023,IPL_VEN_17,IPL_T20_GT,IPL_T20_LSG,IPL_T20_LSG,Field,227,2,League
IPL2023_MAT_52,2023,7/5/2023,IPL_VEN_21,IPL_T20_RR,IPL_T20_SRH,IPL_T20_RR,Bat,214,2,League
IPL2023_MAT_53,2023,8/5/2023,IPL_VEN_07,IPL_T20_PBKS,IPL_T20_KKR,IPL_T20_PBKS,Bat,179,7,League
IPL2023_MAT_54,2023,9/5/2023,IPL_VEN_25,IPL_T20_RCB,IPL_T20_MI,IPL_T20_MI,Field,199,6,League
IPL2023_MAT_55,2023,10/5/2023,IPL_VEN_14,IPL_T20_CSK,IPL_T20_DC,IPL_T20_CSK,Bat,167,8,League
IPL2023_MAT_56,2023,11/5/2023,IPL_VEN_07,IPL_T20_KKR,IPL_T20_RR,IPL_T20_RR,Field,149,8,League
IPL2023_MAT_57,2023,12/5/2023,IPL_VEN_25,IPL_T20_MI,IPL_T20_GT,IPL_T20_GT,Field,218,5,League
IPL2023_MAT_58,2023,13-05-2023,IPL_VEN_19,IPL_T20_SRH,IPL_T20_LSG,IPL_T20_SRH,Bat,182,6,League
IPL2023_MAT_59,2023,13-05-2023,IPL_VEN_02,IPL_T20_PBKS,IPL_T20_DC,IPL_T20_DC,Field,167,7,League
IPL2023_MAT_60,2023,14-05-2023,IPL_VEN_21,IPL_T20_RCB,IPL_T20_RR,IPL_T20_RCB,Bat,171,5,League
IPL2023_MAT_61,2023,14-05-2023,IPL_VEN_14,IPL_T20_CSK,IPL_T20_KKR,IPL_T20_CSK,Bat,144,6,League
IPL2023_MAT_62,2023,15-05-2023,IPL_VEN_17,IPL_T20_GT,IPL_T20_SRH,IPL_T20_SRH,Field,188,9,League
IPL2023_MAT_63,2023,16-05-2023,IPL_VEN_08,IPL_T20_LSG,IPL_T20_MI,IPL_T20_MI,Field,177,3,League
IPL2023_MAT_64,2023,17-05-2023,IPL_VEN_10,IPL_T20_DC,IPL_T20_PBKS,IPL_T20_PBKS,Field,213,2,League
IPL2023_MAT_65,2023,18-05-2023,IPL_VEN_19,IPL_T20_SRH,IPL_T20_RCB,IPL_T20_RCB,Field,186,5,League
IPL2023_MAT_66,2023,19-05-2023,IPL_VEN_10,IPL_T20_PBKS,IPL_T20_RR,IPL_T20_RR,Field,187,5,League
IPL2023_MAT_67,2023,20-05-2023,IPL_VEN_02,IPL_T20_CSK,IPL_T20_DC,IPL_T20_CSK,Bat,223,3,League
IPL2023_MAT_68,2023,20-05-2023,IPL_VEN_07,IPL_T20_LSG,IPL_T20_KKR,IPL_T20_KKR,Field,176,8,League
IPL2023_MAT_69,2023,21-05-2023,IPL_VEN_25,IPL_T20_SRH,IPL_T20_MI,IPL_T20_MI,Field,200,5,League
IPL2023_MAT_70,2023,21-05-2023,IPL_VEN_13,IPL_T20_RCB,IPL_T20_GT,IPL_T20_GT,Field,197,5,League
IPL2023_MAT_71,2023,23-05-2023,IPL_VEN_14,IPL_T20_CSK,IPL_T20_GT,IPL_T20_GT,Field,172,7,Qualifier 1
IPL2023_MAT_72,2023,24-05-2023,IPL_VEN_14,IPL_T20_MI,IPL_T20_LSG,IPL_T20_MI,Bat,182,8,Eliminator
IPL2023_MAT_73,2023,26-05-2023,IPL_VEN_17,IPL_T20_GT,IPL_T20_MI,IPL_T20_MI,Field,233,2,Qualifier 2
IPL2023_MAT_74,2023,29-05-2023,IPL_VEN_17,IPL_T20_GT,IPL_T20_CSK,IPL_T20_CSK,Field,214,4,Final
IPL2024_MAT_01,2024,22-03-2024,IPL_VEN_14,IPL_T20_RCB,IPL_T20_CSK,IPL_T20_RCB,Bat,173,6,League
IPL2024_MAT_02,2024,23-03-2024,IPL_VEN_15,IPL_T20_DC,IPL_T20_PBKS,IPL_T20_PBKS,Field,174,9,League
IPL2024_MAT_03,2024,23-03-2024,IPL_VEN_07,IPL_T20_KKR,IPL_T20_SRH,IPL_T20_SRH,Field,208,7,League
IPL2024_MAT_04,2024,24-03-2024,IPL_VEN_21,IPL_T20_RR,IPL_T20_LSG,IPL_T20_RR,Bat,193,4,League
IPL2024_MAT_05,2024,24-03-2024,IPL_VEN_17,IPL_T20_GT,IPL_T20_MI,IPL_T20_MI,Field,168,6,League
IPL2024_MAT_06,2024,25-03-2024,IPL_VEN_13,IPL_T20_PBKS,IPL_T20_RCB,IPL_T20_RCB,Field,176,6,League
IPL2024_MAT_07,2024,26-03-2024,IPL_VEN_14,IPL_T20_CSK,IPL_T20_GT,IPL_T20_GT,Field,206,6,League
IPL2024_MAT_08,2024,27-03-2024,IPL_VEN_19,IPL_T20_SRH,IPL_T20_MI,IPL_T20_MI,Field,277,3,League
IPL2024_MAT_09,2024,28-03-2024,IPL_VEN_21,IPL_T20_RR,IPL_T20_DC,IPL_T20_DC,Field,185,5,League
IPL2024_MAT_10,2024,29-03-2024,IPL_VEN_13,IPL_T20_RCB,IPL_T20_KKR,IPL_T20_KKR,Field,182,6,League
IPL2024_MAT_11,2024,30-03-2024,IPL_VEN_08,IPL_T20_LSG,IPL_T20_PBKS,IPL_T20_LSG,Bat,199,8,League
IPL2024_MAT_12,2024,31-03-2024,IPL_VEN_17,IPL_T20_SRH,IPL_T20_GT,IPL_T20_SRH,Bat,162,8,League
IPL2024_MAT_13,2024,31-03-2024,IPL_VEN_01,IPL_T20_DC,IPL_T20_CSK,IPL_T20_DC,Bat,191,5,League
IPL2024_MAT_14,2024,1/4/2024,IPL_VEN_25,IPL_T20_MI,IPL_T20_RR,IPL_T20_RR,Field,125,9,League
IPL2024_MAT_15,2024,2/4/2024,IPL_VEN_13,IPL_T20_LSG,IPL_T20_RCB,IPL_T20_RCB,Field,181,5,League
IPL2024_MAT_16,2024,3/4/2024,IPL_VEN_01,IPL_T20_KKR,IPL_T20_DC,IPL_T20_KKR,Bat,272,7,League
IPL2024_MAT_17,2024,4/4/2024,IPL_VEN_17,IPL_T20_GT,IPL_T20_PBKS,IPL_T20_PBKS,Field,199,4,League
IPL2024_MAT_18,2024,5/4/2024,IPL_VEN_19,IPL_T20_CSK,IPL_T20_SRH,IPL_T20_SRH,Field,165,5,League
IPL2024_MAT_19,2024,6/4/2024,IPL_VEN_21,IPL_T20_RCB,IPL_T20_RR,IPL_T20_RR,Field,183,3,League
IPL2024_MAT_20,2024,7/4/2024,IPL_VEN_25,IPL_T20_MI,IPL_T20_DC,IPL_T20_DC,Field,234,5,League
IPL2024_MAT_21,2024,7/4/2024,IPL_VEN_08,IPL_T20_LSG,IPL_T20_GT,IPL_T20_LSG,Bat,163,5,League
IPL2024_MAT_22,2024,8/4/2024,IPL_VEN_14,IPL_T20_KKR,IPL_T20_CSK,IPL_T20_CSK,Field,137,9,League
IPL2024_MAT_23,2024,9/4/2024,IPL_VEN_15,IPL_T20_SRH,IPL_T20_PBKS,IPL_T20_PBKS,Field,182,9,League
IPL2024_MAT_24,2024,10/4/2024,IPL_VEN_21,IPL_T20_RR,IPL_T20_GT,IPL_T20_GT,Field,196,3,League
IPL2024_MAT_25,2024,11/4/2024,IPL_VEN_25,IPL_T20_RCB,IPL_T20_MI,IPL_T20_MI,Field,196,8,League
IPL2024_MAT_26,2024,12/4/2024,IPL_VEN_08,IPL_T20_LSG,IPL_T20_DC,IPL_T20_LSG,Bat,167,7,League
IPL2024_MAT_27,2024,13-04-2024,IPL_VEN_15,IPL_T20_PBKS,IPL_T20_RR,IPL_T20_RR,Field,147,8,League
IPL2024_MAT_28,2024,14-04-2024,IPL_VEN_07,IPL_T20_LSG,IPL_T20_KKR,IPL_T20_KKR,Field,161,7,League
IPL2024_MAT_29,2024,14-04-2024,IPL_VEN_25,IPL_T20_CSK,IPL_T20_MI,IPL_T20_MI,Field,206,4,League
IPL2024_MAT_30,2024,15-04-2024,IPL_VEN_13,IPL_T20_SRH,IPL_T20_RCB,IPL_T20_RCB,Field,287,3,League
IPL2024_MAT_31,2024,16-04-2024,IPL_VEN_07,IPL_T20_KKR,IPL_T20_RR,IPL_T20_RR,Field,223,6,League
IPL2024_MAT_32,2024,17-04-2024,IPL_VEN_17,IPL_T20_GT,IPL_T20_DC,IPL_T20_DC,Field,89,10,League
IPL2024_MAT_33,2024,18-04-2024,IPL_VEN_15,IPL_T20_MI,IPL_T20_PBKS,IPL_T20_PBKS,Field,192,7,League
IPL2024_MAT_34,2024,19-04-2024,IPL_VEN_08,IPL_T20_CSK,IPL_T20_LSG,IPL_T20_LSG,Field,176,6,League
IPL2024_MAT_35,2024,20-04-2024,IPL_VEN_02,IPL_T20_SRH,IPL_T20_DC,IPL_T20_DC,Field,266,7,League
IPL2024_MAT_36,2024,21-04-2024,IPL_VEN_07,IPL_T20_KKR,IPL_T20_RCB,IPL_T20_RCB,Field,222,6,League
IPL2024_MAT_37,2024,21-04-2024,IPL_VEN_15,IPL_T20_PBKS,IPL_T20_GT,IPL_T20_PBKS,Bat,142,10,League
IPL2024_MAT_38,2024,22-04-2024,IPL_VEN_21,IPL_T20_MI,IPL_T20_RR,IPL_T20_MI,Bat,179,9,League
IPL2024_MAT_39,2024,23-04-2024,IPL_VEN_14,IPL_T20_CSK,IPL_T20_LSG,IPL_T20_LSG,Field,210,4,League
IPL2024_MAT_40,2024,24-04-2024,IPL_VEN_02,IPL_T20_DC,IPL_T20_GT,IPL_T20_GT,Field,224,4,League
IPL2024_MAT_41,2024,25-04-2024,IPL_VEN_19,IPL_T20_RCB,IPL_T20_SRH,IPL_T20_RCB,Bat,206,7,League
IPL2024_MAT_42,2024,26-04-2024,IPL_VEN_07,IPL_T20_KKR,IPL_T20_PBKS,IPL_T20_PBKS,Field,261,6,League
IPL2024_MAT_43,2024,27-04-2024,IPL_VEN_02,IPL_T20_DC,IPL_T20_MI,IPL_T20_MI,Field,257,4,League
IPL2024_MAT_44,2024,27-04-2024,IPL_VEN_08,IPL_T20_LSG,IPL_T20_RR,IPL_T20_RR,Field,196,5,League
IPL2024_MAT_45,2024,28-04-2024,IPL_VEN_17,IPL_T20_GT,IPL_T20_RCB,IPL_T20_RCB,Field,200,3,League
IPL2024_MAT_46,2024,28-04-2024,IPL_VEN_14,IPL_T20_CSK,IPL_T20_SRH,IPL_T20_SRH,Field,212,3,League
IPL2024_MAT_47,2024,29-04-2024,IPL_VEN_07,IPL_T20_DC,IPL_T20_KKR,IPL_T20_DC,Bat,153,9,League
IPL2024_MAT_48,2024,30-04-2024,IPL_VEN_08,IPL_T20_MI,IPL_T20_LSG,IPL_T20_LSG,Field,144,7,League
IPL2024_MAT_49,2024,1/5/2024,IPL_VEN_14,IPL_T20_CSK,IPL_T20_PBKS,IPL_T20_PBKS,Field,162,7,League
IPL2024_MAT_50,2024,2/5/2024,IPL_VEN_19,IPL_T20_SRH,IPL_T20_RR,IPL_T20_SRH,Bat,201,3,League
IPL2024_MAT_51,2024,3/5/2024,IPL_VEN_25,IPL_T20_KKR,IPL_T20_MI,IPL_T20_MI,Field,169,10,League
IPL2024_MAT_52,2024,4/5/2024,IPL_VEN_13,IPL_T20_GT,IPL_T20_RCB,IPL_T20_RCB,Field,147,10,League
IPL2024_MAT_53,2024,5/5/2024,IPL_VEN_10,IPL_T20_CSK,IPL_T20_PBKS,IPL_T20_PBKS,Field,167,9,League
IPL2024_MAT_54,2024,5/5/2024,IPL_VEN_08,IPL_T20_KKR,IPL_T20_LSG,IPL_T20_LSG,Field,235,6,League
IPL2024_MAT_55,2024,6/5/2024,IPL_VEN_25,IPL_T20_SRH,IPL_T20_MI,IPL_T20_MI,Field,173,8,League
IPL2024_MAT_56,2024,7/5/2024,IPL_VEN_02,IPL_T20_DC,IPL_T20_RR,IPL_T20_RR,Field,221,8,League
IPL2024_MAT_57,2024,8/5/2024,IPL_VEN_19,IPL_T20_LSG,IPL_T20_SRH,IPL_T20_LSG,Bat,165,4,League
IPL2024_MAT_58,2024,9/5/2024,IPL_VEN_10,IPL_T20_RCB,IPL_T20_PBKS,IPL_T20_PBKS,Field,241,7,League
IPL2024_MAT_59,2024,10/5/2024,IPL_VEN_17,IPL_T20_GT,IPL_T20_CSK,IPL_T20_CSK,Field,231,3,League
IPL2024_MAT_60,2024,11/5/2024,IPL_VEN_07,IPL_T20_KKR,IPL_T20_MI,IPL_T20_MI,Field,157,7,League
IPL2024_MAT_61,2024,12/5/2024,IPL_VEN_14,IPL_T20_RR,IPL_T20_CSK,IPL_T20_RR,Bat,141,5,League
IPL2024_MAT_62,2024,12/5/2024,IPL_VEN_13,IPL_T20_RCB,IPL_T20_DC,IPL_T20_DC,Field,187,9,League
IPL2024_MAT_63,2024,14-05-2024,IPL_VEN_02,IPL_T20_DC,IPL_T20_LSG,IPL_T20_LSG,Field,208,4,League
IPL2024_MAT_64,2024,15-05-2024,IPL_VEN_03,IPL_T20_RR,IPL_T20_PBKS,IPL_T20_RR,Bat,144,9,League
IPL2024_MAT_65,2024,17-05-2024,IPL_VEN_25,IPL_T20_LSG,IPL_T20_MI,IPL_T20_MI,Field,214,6,League
IPL2024_MAT_66,2024,18-05-2024,IPL_VEN_13,IPL_T20_RCB,IPL_T20_CSK,IPL_T20_CSK,Field,218,5,League
IPL2024_MAT_67,2024,19-05-2024,IPL_VEN_19,IPL_T20_PBKS,IPL_T20_SRH,IPL_T20_PBKS,Bat,214,5,League
IPL2024_MAT_68,2024,21-05-2024,IPL_VEN_17,IPL_T20_SRH,IPL_T20_KKR,IPL_T20_SRH,Bat,159,10,Qualifier 1
IPL2024_MAT_69,2024,22-05-2024,IPL_VEN_17,IPL_T20_RCB,IPL_T20_RR,IPL_T20_RR,Field,172,8,Eliminator
IPL2024_MAT_70,2024,24-05-2024,IPL_VEN_14,IPL_T20_SRH,IPL_T20_RR,IPL_T20_RR,Field,175,9,Qualifier 2
IPL2024_MAT_71,2024,26-05-2024,IPL_VEN_14,IPL_T20_SRH,IPL_T20_KKR,IPL_T20_SRH,Bat,113,10,Final
IPL2025_MAT_01,2025,22-03-2025,IPL_VEN_07,IPL_T20_KKR,IPL_T20_RCB,IPL_T20_RCB,Field,174,8,League
IPL2025_MAT_02,2025,23-03-2025,IPL_VEN_19,IPL_T20_SRH,IPL_T20_RR,IPL_T20_RR,Field,286,6,League
IPL2025_MAT_03,2025,23-03-2025,IPL_VEN_14,IPL_T20_MI,IPL_T20_CSK,IPL_T20_CSK,Field,155,9,League
IPL2025_MAT_04,2025,24-03-2025,IPL_VEN_01,IPL_T20_LSG,IPL_T20_DC,IPL_T20_DC,Field,209,8,League
IPL2025_MAT_05,2025,25-03-2025,IPL_VEN_17,IPL_T20_PBKS,IPL_T20_GT,IPL_T20_GT,Field,243,5,League
IPL2025_MAT_06,2025,26-03-2025,IPL_VEN_03,IPL_T20_RR,IPL_T20_KKR,IPL_T20_KKR,Field,151,9,League
IPL2025_MAT_07,2025,27-03-2025,IPL_VEN_19,IPL_T20_SRH,IPL_T20_LSG,IPL_T20_LSG,Field,190,9,League
IPL2025_MAT_08,2025,28-03-2025,IPL_VEN_14,IPL_T20_RCB,IPL_T20_CSK,IPL_T20_CSK,Field,196,7,League
IPL2025_MAT_09,2025,29-03-2025,IPL_VEN_17,IPL_T20_GT,IPL_T20_MI,IPL_T20_MI,Field,196,8,League
IPL2025_MAT_10,2025,30-03-2025,IPL_VEN_01,IPL_T20_SRH,IPL_T20_DC,IPL_T20_SRH,Bat,163,10,League
IPL2025_MAT_11,2025,30-03-2025,IPL_VEN_03,IPL_T20_RR,IPL_T20_CSK,IPL_T20_CSK,Field,182,9,League
IPL2025_MAT_12,2025,31-03-2025,IPL_VEN_25,IPL_T20_KKR,IPL_T20_MI,IPL_T20_MI,Field,116,10,League
IPL2025_MAT_13,2025,1/4/2025,IPL_VEN_08,IPL_T20_LSG,IPL_T20_PBKS,IPL_T20_PBKS,Field,171,7,League
IPL2025_MAT_14,2025,2/4/2025,IPL_VEN_13,IPL_T20_RCB,IPL_T20_GT,IPL_T20_GT,Field,169,8,League
IPL2025_MAT_15,2025,3/4/2025,IPL_VEN_07,IPL_T20_KKR,IPL_T20_SRH,IPL_T20_SRH,Field,200,6,League
IPL2025_MAT_16,2025,4/4/2025,IPL_VEN_08,IPL_T20_LSG,IPL_T20_MI,IPL_T20_MI,Field,203,8,League
IPL2025_MAT_17,2025,5/4/2025,IPL_VEN_14,IPL_T20_DC,IPL_T20_CSK,IPL_T20_DC,Bat,183,6,League
IPL2025_MAT_18,2025,5/4/2025,IPL_VEN_15,IPL_T20_RR,IPL_T20_PBKS,IPL_T20_PBKS,Field,205,4,League
IPL2025_MAT_19,2025,6/4/2025,IPL_VEN_19,IPL_T20_SRH,IPL_T20_GT,IPL_T20_GT,Field,152,8,League
IPL2025_MAT_20,2025,7/4/2025,IPL_VEN_25,IPL_T20_RCB,IPL_T20_MI,IPL_T20_MI,Field,221,5,League
IPL2025_MAT_21,2025,8/4/2025,IPL_VEN_07,IPL_T20_LSG,IPL_T20_KKR,IPL_T20_KKR,Field,238,3,League
IPL2025_MAT_22,2025,8/4/2025,IPL_VEN_15,IPL_T20_PBKS,IPL_T20_CSK,IPL_T20_PBKS,Bat,219,6,League
IPL2025_MAT_23,2025,9/4/2025,IPL_VEN_17,IPL_T20_GT,IPL_T20_RR,IPL_T20_RR,Field,217,6,League
IPL2025_MAT_24,2025,10/4/2025,IPL_VEN_13,IPL_T20_RCB,IPL_T20_DC,IPL_T20_DC,Field,163,7,League
IPL2025_MAT_25,2025,11/4/2025,IPL_VEN_14,IPL_T20_CSK,IPL_T20_KKR,IPL_T20_KKR,Field,103,9,League
IPL2025_MAT_26,2025,12/4/2025,IPL_VEN_08,IPL_T20_GT,IPL_T20_LSG,IPL_T20_LSG,Field,180,6,League
IPL2025_MAT_27,2025,12/4/2025,IPL_VEN_19,IPL_T20_PBKS,IPL_T20_SRH,IPL_T20_PBKS,Bat,245,6,League
IPL2025_MAT_28,2025,13-04-2025,IPL_VEN_21,IPL_T20_RR,IPL_T20_RCB,IPL_T20_RCB,Field,173,4,League
IPL2025_MAT_29,2025,13-04-2025,IPL_VEN_02,IPL_T20_MI,IPL_T20_DC,IPL_T20_DC,Field,205,5,League
IPL2025_MAT_30,2025,14-04-2025,IPL_VEN_08,IPL_T20_LSG,IPL_T20_CSK,IPL_T20_CSK,Field,166,7,League
IPL2025_MAT_31,2025,15-04-2025,IPL_VEN_15,IPL_T20_PBKS,IPL_T20_KKR,IPL_T20_PBKS,Bat,111,10,League
IPL2025_MAT_32,2025,16-04-2025,IPL_VEN_02,IPL_T20_DC,IPL_T20_RR,IPL_T20_RR,Field,188,5,League
IPL2025_MAT_33,2025,17-04-2025,IPL_VEN_25,IPL_T20_SRH,IPL_T20_MI,IPL_T20_MI,Field,162,5,League
IPL2025_MAT_34,2025,18-04-2025,IPL_VEN_13,IPL_T20_RCB,IPL_T20_PBKS,IPL_T20_PBKS,Field,95,9,League
IPL2025_MAT_35,2025,19-04-2025,IPL_VEN_17,IPL_T20_DC,IPL_T20_GT,IPL_T20_GT,Field,203,8,League
IPL2025_MAT_36,2025,19-04-2025,IPL_VEN_21,IPL_T20_LSG,IPL_T20_RR,IPL_T20_LSG,Bat,180,5,League
IPL2025_MAT_37,2025,20-04-2025,IPL_VEN_15,IPL_T20_PBKS,IPL_T20_RCB,IPL_T20_RCB,Field,157,6,League
IPL2025_MAT_38,2025,20-04-2025,IPL_VEN_25,IPL_T20_CSK,IPL_T20_MI,IPL_T20_MI,Field,176,5,League
IPL2025_MAT_39,2025,21-04-2025,IPL_VEN_07,IPL_T20_GT,IPL_T20_KKR,IPL_T20_KKR,Field,198,3,League
IPL2025_MAT_40,2025,22-04-2025,IPL_VEN_08,IPL_T20_LSG,IPL_T20_DC,IPL_T20_DC,Field,159,6,League
IPL2025_MAT_41,2025,23-04-2025,IPL_VEN_19,IPL_T20_SRH,IPL_T20_MI,IPL_T20_MI,Field,143,8,League
IPL2025_MAT_42,2025,24-04-2025,IPL_VEN_13,IPL_T20_RCB,IPL_T20_RR,IPL_T20_RR,Field,205,5,League
IPL2025_MAT_43,2025,25-04-2025,IPL_VEN_14,IPL_T20_CSK,IPL_T20_SRH,IPL_T20_SRH,Field,154,10,League
IPL2025_MAT_44,2025,26-04-2025,IPL_VEN_07,IPL_T20_PBKS,IPL_T20_KKR,IPL_T20_PBKS,Bat,201,4,League
IPL2025_MAT_45,2025,27-04-2025,IPL_VEN_25,IPL_T20_MI,IPL_T20_LSG,IPL_T20_LSG,Field,215,7,League
IPL2025_MAT_46,2025,27-04-2025,IPL_VEN_02,IPL_T20_DC,IPL_T20_RCB,IPL_T20_RCB,Field,162,8,League
IPL2025_MAT_47,2025,28-04-2025,IPL_VEN_21,IPL_T20_GT,IPL_T20_RR,IPL_T20_RR,Field,209,4,League
IPL2025_MAT_48,2025,29-04-2025,IPL_VEN_02,IPL_T20_KKR,IPL_T20_DC,IPL_T20_DC,Field,204,9,League
IPL2025_MAT_49,2025,30-04-2025,IPL_VEN_14,IPL_T20_CSK,IPL_T20_PBKS,IPL_T20_PBKS,Field,190,10,League
IPL2025_MAT_50,2025,1/5/2025,IPL_VEN_21,IPL_T20_MI,IPL_T20_RR,IPL_T20_RR,Field,217,2,League
IPL2025_MAT_51,2025,2/5/2025,IPL_VEN_17,IPL_T20_GT,IPL_T20_SRH,IPL_T20_SRH,Field,224,6,League
IPL2025_MAT_52,2025,3/5/2025,IPL_VEN_13,IPL_T20_RCB,IPL_T20_CSK,IPL_T20_CSK,Field,213,5,League
IPL2025_MAT_53,2025,4/5/2025,IPL_VEN_07,IPL_T20_KKR,IPL_T20_RR,IPL_T20_KKR,Bat,206,4,League
IPL2025_MAT_54,2025,4/5/2025,IPL_VEN_10,IPL_T20_PBKS,IPL_T20_LSG,IPL_T20_LSG,Field,236,5,League
IPL2025_MAT_55,2025,5/5/2025,IPL_VEN_19,IPL_T20_DC,IPL_T20_SRH,IPL_T20_SRH,Field,133,7,League
IPL2025_MAT_56,2025,6/5/2025,IPL_VEN_25,IPL_T20_MI,IPL_T20_GT,IPL_T20_GT,Field,155,8,League
IPL2025_MAT_57,2025,7/5/2025,IPL_VEN_07,IPL_T20_KKR,IPL_T20_CSK,IPL_T20_KKR,Bat,179,6,League
IPL2025_MAT_58,2025,8/5/2025,IPL_VEN_10,IPL_T20_PBKS,IPL_T20_DC,IPL_T20_PBKS,Bat,122,1,League
IPL2025_MAT_59,2025,18-05-2025,IPL_VEN_21,IPL_T20_PBKS,IPL_T20_RR,IPL_T20_PBKS,Bat,219,5,League
IPL2025_MAT_60,2025,18-05-2025,IPL_VEN_02,IPL_T20_DC,IPL_T20_GT,IPL_T20_GT,Field,199,3,League
IPL2025_MAT_61,2025,19-05-2025,IPL_VEN_08,IPL_T20_LSG,IPL_T20_SRH,IPL_T20_SRH,Field,205,7,League
IPL2025_MAT_62,2025,20-05-2025,IPL_VEN_02,IPL_T20_CSK,IPL_T20_RR,IPL_T20_RR,Field,187,8,League
IPL2025_MAT_63,2025,21-05-2025,IPL_VEN_25,IPL_T20_MI,IPL_T20_DC,IPL_T20_DC,Field,180,5,League
IPL2025_MAT_64,2025,22-05-2025,IPL_VEN_17,IPL_T20_LSG,IPL_T20_GT,IPL_T20_GT,Field,235,2,League
IPL2025_MAT_65,2025,23-05-2025,IPL_VEN_08,IPL_T20_SRH,IPL_T20_RCB,IPL_T20_RCB,Field,231,6,League
IPL2025_MAT_66,2025,24-05-2025,IPL_VEN_21,IPL_T20_PBKS,IPL_T20_DC,IPL_T20_DC,Field,206,8,League
IPL2025_MAT_67,2025,25-05-2025,IPL_VEN_17,IPL_T20_CSK,IPL_T20_GT,IPL_T20_CSK,Bat,230,5,League
IPL2025_MAT_68,2025,25-05-2025,IPL_VEN_02,IPL_T20_SRH,IPL_T20_KKR,IPL_T20_SRH,Bat,278,3,League
IPL2025_MAT_69,2025,26-05-2025,IPL_VEN_21,IPL_T20_MI,IPL_T20_PBKS,IPL_T20_PBKS,Field,184,7,League
IPL2025_MAT_70,2025,27-05-2025,IPL_VEN_08,IPL_T20_LSG,IPL_T20_RCB,IPL_T20_RCB,Field,227,3,League
IPL2025_MAT_71,2025,29-05-2025,IPL_VEN_15,IPL_T20_PBKS,IPL_T20_RCB,IPL_T20_RCB,Field,101,10,Qualifier 1
IPL2025_MAT_72,2025,30-05-2025,IPL_VEN_15,IPL_T20_MI,IPL_T20_GT,IPL_T20_MI,Bat,228,5,Eliminator
IPL2025_MAT_73,2025,1/6/2025,IPL_VEN_17,IPL_T20_MI,IPL_T20_PBKS,IPL_T20_PBKS,Field,203,6,Qualifier 2
IPL2025_MAT_74,2025,3/6/2025,IPL_VEN_17,IPL_T20_RCB,IPL_T20_PBKS,IPL_T20_PBKS,Field,190,9,Final
IPL2026_MAT_01,2026,22-03-2026,IPL_VEN_13,IPL_T20_RCB,IPL_T20_SRH,IPL_T20_RCB,Bat,201,9,League
IPL2026_MAT_02,2026,23-03-2026,IPL_VEN_25,IPL_T20_MI,IPL_T20_KKR,IPL_T20_MI,Bat,224,4,League
IPL2026_MAT_03,2026,25-03-2026,IPL_VEN_21,IPL_T20_CSK,IPL_T20_RR,IPL_T20_RR,Field,127,10,League
IPL2026_MAT_04,2026,26-03-2026,IPL_VEN_15,IPL_T20_GT,IPL_T20_PBKS,IPL_T20_PBKS,Field,162,6,League
IPL2026_MAT_05,2026,28-03-2026,IPL_VEN_08,IPL_T20_LSG,IPL_T20_DC,IPL_T20_DC,Field,141,10,League
IPL2026_MAT_06,2026,29-03-2026,IPL_VEN_07,IPL_T20_SRH,IPL_T20_KKR,IPL_T20_SRH,Bat,226,8,League
IPL2026_MAT_07,2026,30-03-2026,IPL_VEN_14,IPL_T20_CSK,IPL_T20_PBKS,IPL_T20_CSK,Bat,209,5,League
IPL2026_MAT_08,2026,01-04-2026,IPL_VEN_02,IPL_T20_MI,IPL_T20_DC,IPL_T20_DC,Field,162,6,League
IPL2026_MAT_09,2026,02-04-2026,IPL_VEN_17,IPL_T20_GT,IPL_T20_RR,IPL_T20_GT,Bat,204,8,League
IPL2026_MAT_10,2026,04-04-2026,IPL_VEN_19,IPL_T20_SRH,IPL_T20_LSG,IPL_T20_SRH,Bat,156,9,League
IPL2026_MAT_11,2026,05-04-2026,IPL_VEN_13,IPL_T20_RCB,IPL_T20_CSK,IPL_T20_RCB,Bat,250,3,League
IPL2026_MAT_13,2026,08-04-2026,IPL_VEN_21,IPL_T20_RR,IPL_T20_MI,IPL_T20_RR,Bat,150,3,League
IPL2026_MAT_14,2026,09-04-2026,IPL_VEN_02,IPL_T20_DC,IPL_T20_GT,IPL_T20_DC,Bat,209,8,League
IPL2026_MAT_15,2026,10-04-2026,IPL_VEN_07,IPL_T20_KKR,IPL_T20_LSG,IPL_T20_KKR,Bat,181,4,League
IPL2026_MAT_16,2026,11-04-2026,IPL_VEN_21,IPL_T20_RCB,IPL_T20_RR,IPL_T20_RCB,Bat,201,8,League
IPL2026_MAT_17,2026,12-04-2026,IPL_VEN_15,IPL_T20_SRH,IPL_T20_PBKS,IPL_T20_SRH,Bat,219,6,League
IPL2026_MAT_18,2026,13-04-2026,IPL_VEN_14,IPL_T20_CSK,IPL_T20_DC,IPL_T20_CSK,Bat,212,2,League
IPL2026_MAT_19,2026,14-04-2026,IPL_VEN_08,IPL_T20_LSG,IPL_T20_GT,IPL_T20_LSG,Bat,164,8,League
IPL2026_MAT_20,2026,15-04-2026,IPL_VEN_25,IPL_T20_RCB,IPL_T20_MI,IPL_T20_RCB,Bat,240,4,League
IPL2026_MAT_21,2026,16-04-2026,IPL_VEN_19,IPL_T20_SRH,IPL_T20_RR,IPL_T20_SRH,Bat,216,6,League
IPL2026_MAT_22,2026,16-04-2026,IPL_VEN_14,IPL_T20_CSK,IPL_T20_KKR,IPL_T20_CSK,Bat,192,5,League
IPL2026_MAT_23,2026,17-04-2026,IPL_VEN_08,IPL_T20_LSG,IPL_T20_RCB,IPL_T20_LSG,Bat,146,10,League
IPL2026_MAT_24,2026,17-04-2026,IPL_VEN_25,IPL_T20_MI,IPL_T20_PBKS,IPL_T20_MI,Bat,195,6,League
