player_id,player_name,season,bowling_type,innings,runs,balls_faced,strike_rate,batting_average,dismissals
PLY_0014,Abhishek Sharma,2018,Pace,2,26,14,185.71,26.0,0
PLY_0014,Abhishek Sharma,2018,Spin,1,1,1,100.0,1.0,0
PLY_0014,Abhishek Sharma,2019,Pace,1,5,3,166.67,5.0,0
PLY_0014,Abhishek Sharma,2020,Pace,4,20,15,133.33,20.0,1
PLY_0014,Abhishek Sharma,2020,Spin,2,19,17,111.76,19.0,0
PLY_0014,Abhishek Sharma,2021,Pace,4,9,14,64.29,9.0,0
PLY_0014,Abhishek Sharma,2021,Spin,4,16,13,123.08,16.0,1
PLY_0014,Abhishek Sharma,2022,Pace,8,73,61,119.67,24.33,3
PLY_0014,Abhishek Sharma,2022,Spin,5,89,44,202.27,89.0,1
PLY_0014,Abhishek Sharma,2023,Pace,6,53,36,147.22,26.5,2
PLY_0014,Abhishek Sharma,2023,Spin,6,49,34,144.12,9.8,5
PLY_0014,Abhishek Sharma,2024,Pace,8,62,39,158.97,15.5,4
PLY_0014,Abhishek Sharma,2024,Spin,6,98,40,245.0,49.0,2
PLY_0014,Abhishek Sharma,2025,Pace,7,67,50,134.0,33.5,2
PLY_0014,Abhishek Sharma,2025,Spin,3,57,15,380.0,57.0,1
PLY_0015,Abishek Porel,2023,Spin,3,2,6,33.33,2.0,1
PLY_0015,Abishek Porel,2024,Pace,8,87,58,150.0,87.0,1
PLY_0015,Abishek Porel,2024,Spin,6,47,33,142.42,47.0,1
PLY_0015,Abishek Porel,2025,Pace,8,100,56,178.57,50.0,2
PLY_0015,Abishek Porel,2025,Spin,3,28,20,140.0,14.0,2
PLY_0018,Adam Milne,2017,Spin,1,3,6,50.0,3.0,1
PLY_0018,Adam Milne,2021,Pace,1,2,4,50.0,2.0,1
PLY_0026,Aiden Markram,2021,Pace,5,31,21,147.62,31.0,0
PLY_0026,Aiden Markram,2021,Spin,2,17,16,106.25,17.0,1
PLY_0026,Aiden Markram,2022,Pace,6,31,22,140.91,31.0,0
PLY_0026,Aiden Markram,2022,Spin,8,67,59,113.56,67.0,0
PLY_0026,Aiden Markram,2023,Pace,3,16,9,177.78,16.0,0
PLY_0026,Aiden Markram,2023,Spin,8,56,50,112.0,28.0,2
PLY_0026,Aiden Markram,2024,Pace,6,20,22,90.91,10.0,2
PLY_0026,Aiden Markram,2024,Spin,7,44,46,95.65,44.0,1
PLY_0026,Aiden Markram,2025,Pace,7,97,62,156.45,32.33,3
PLY_0026,Aiden Markram,2025,Spin,5,41,28,146.43,41.0,1
PLY_0028,Ajinkya Rahane,2015,Pace,6,75,56,133.93,37.5,2
PLY_0028,Ajinkya Rahane,2015,Spin,5,72,60,120.0,36.0,2
PLY_0028,Ajinkya Rahane,2016,Pace,8,49,51,96.08,9.8,5
PLY_0028,Ajinkya Rahane,2016,Spin,5,65,62,104.84,65.0,1
PLY_0028,Ajinkya Rahane,2017,Pace,8,48,52,92.31,48.0,1
PLY_0028,Ajinkya Rahane,2017,Spin,5,44,39,112.82,44.0,1
PLY_0028,Ajinkya Rahane,2018,Pace,9,69,55,125.45,69.0,0
PLY_0028,Ajinkya Rahane,2018,Spin,8,90,71,126.76,22.5,4
PLY_0028,Ajinkya Rahane,2019,Pace,7,56,49,114.29,28.0,2
PLY_0028,Ajinkya Rahane,2019,Spin,7,73,56,130.36,36.5,2
PLY_0028,Ajinkya Rahane,2020,Pace,3,9,15,60.0,9.0,0
PLY_0028,Ajinkya Rahane,2020,Spin,2,26,23,113.04,13.0,2
PLY_0028,Ajinkya Rahane,2022,Pace,6,29,30,96.67,14.5,2
PLY_0028,Ajinkya Rahane,2022,Spin,2,13,9,144.44,13.0,0
PLY_0028,Ajinkya Rahane,2023,Pace,6,48,22,218.18,48.0,1
PLY_0028,Ajinkya Rahane,2023,Spin,10,103,73,141.1,25.75,4
PLY_0028,Ajinkya Rahane,2024,Pace,7,36,32,112.5,12.0,3
PLY_0028,Ajinkya Rahane,2024,Spin,3,21,20,105.0,21.0,1
PLY_0028,Ajinkya Rahane,2025,Pace,5,57,35,162.86,57.0,0
PLY_0028,Ajinkya Rahane,2025,Spin,5,59,53,111.32,29.5,2
PLY_0055,Angkrish Raghuvanshi,2024,Pace,5,20,14,142.86,6.67,3
PLY_0055,Angkrish Raghuvanshi,2024,Spin,4,22,18,122.22,22.0,1
PLY_0055,Angkrish Raghuvanshi,2025,Pace,4,27,20,135.0,27.0,1
PLY_0055,Angkrish Raghuvanshi,2025,Spin,3,25,22,113.64,25.0,1
PLY_0057,Aniket Verma,2025,Pace,7,45,36,125.0,22.5,2
PLY_0057,Aniket Verma,2025,Spin,5,81,45,180.0,40.5,2
PLY_0066,Anrich Nortje,2020,Pace,1,1,3,33.33,1.0,1
PLY_0066,Anrich Nortje,2023,Pace,4,10,9,111.11,10.0,1
PLY_0066,Anrich Nortje,2023,Spin,1,1,3,33.33,1.0,0
PLY_0066,Anrich Nortje,2024,Pace,2,0,4,0.0,0.0,2
PLY_0066,Anrich Nortje,2024,Spin,1,1,2,50.0,1.0,0
PLY_0067,Anshul Kamboj,2025,Pace,1,4,1,400.0,4.0,0
PLY_0068,Anuj Rawat,2022,Pace,5,47,44,106.82,47.0,1
PLY_0068,Anuj Rawat,2022,Spin,1,3,7,42.86,3.0,0
PLY_0068,Anuj Rawat,2023,Pace,2,21,9,233.33,21.0,0
PLY_0068,Anuj Rawat,2023,Spin,4,10,16,62.5,10.0,0
PLY_0068,Anuj Rawat,2024,Pace,2,22,11,200.0,22.0,0
PLY_0068,Anuj Rawat,2024,Spin,2,7,7,100.0,7.0,0
PLY_0069,Anukul Roy,2022,Pace,1,0,2,0.0,0.0,1
PLY_0069,Anukul Roy,2023,Pace,3,19,14,135.71,19.0,1
PLY_0069,Anukul Roy,2023,Spin,1,0,1,0.0,0.0,1
PLY_0075,Arshad Khan,2023,Pace,1,1,2,50.0,1.0,0
PLY_0075,Arshad Khan,2023,Spin,1,2,3,66.67,2.0,0
PLY_0075,Arshad Khan,2024,Pace,3,6,10,60.0,6.0,1
PLY_0075,Arshad Khan,2024,Spin,2,19,14,135.71,19.0,0
PLY_0075,Arshad Khan,2025,Pace,1,1,1,100.0,1.0,0
PLY_0075,Arshad Khan,2025,Spin,2,2,7,28.57,1.0,2
PLY_0076,Arshdeep Singh,2020,Pace,1,0,3,0.0,0.0,1
PLY_0076,Arshdeep Singh,2021,Pace,1,1,1,100.0,1.0,0
PLY_0076,Arshdeep Singh,2022,Pace,2,0,2,0.0,0.0,2
PLY_0076,Arshdeep Singh,2022,Spin,1,0,3,0.0,0.0,0
PLY_0076,Arshdeep Singh,2024,Pace,1,4,3,133.33,4.0,1
PLY_0076,Arshdeep Singh,2025,Pace,1,1,2,50.0,1.0,0
PLY_0086,Ashutosh Sharma,2015,Pace,1,0,1,0.0,0.0,1
PLY_0086,Ashutosh Sharma,2017,Spin,1,11,6,183.33,11.0,0
PLY_0086,Ashutosh Sharma,2024,Pace,7,71,40,177.5,35.5,2
PLY_0086,Ashutosh Sharma,2024,Spin,3,7,15,46.67,3.5,2
PLY_0086,Ashutosh Sharma,2025,Pace,6,78,40,195.0,39.0,2
PLY_0086,Ashutosh Sharma,2025,Spin,3,34,19,178.95,34.0,1
PLY_0088,Avesh Khan,2022,Pace,2,3,4,75.0,3.0,0
PLY_0088,Avesh Khan,2022,Spin,1,12,4,300.0,12.0,1
PLY_0088,Avesh Khan,2024,Pace,1,7,3,233.33,7.0,0
PLY_0088,Avesh Khan,2025,Pace,1,0,1,0.0,0.0,1
PLY_0089,Axar Patel,2015,Pace,3,13,11,118.18,6.5,2
PLY_0089,Axar Patel,2015,Spin,5,47,47,100.0,15.67,3
PLY_0089,Axar Patel,2016,Pace,5,38,15,253.33,38.0,1
PLY_0089,Axar Patel,2016,Spin,3,2,6,33.33,2.0,0
PLY_0089,Axar Patel,2017,Pace,3,5,7,71.43,5.0,0
PLY_0089,Axar Patel,2017,Spin,6,37,31,119.35,37.0,1
PLY_0089,Axar Patel,2018,Pace,4,7,12,58.33,7.0,1
PLY_0089,Axar Patel,2018,Spin,3,23,13,176.92,23.0,1
PLY_0089,Axar Patel,2019,Pace,8,40,35,114.29,13.33,3
PLY_0089,Axar Patel,2019,Spin,7,11,17,64.71,5.5,2
PLY_0089,Axar Patel,2020,Pace,3,24,22,109.09,24.0,1
PLY_0089,Axar Patel,2020,Spin,5,30,14,214.29,30.0,1
PLY_0089,Axar Patel,2021,Pace,4,12,13,92.31,12.0,1
PLY_0089,Axar Patel,2021,Spin,3,9,10,90.0,9.0,0
PLY_0089,Axar Patel,2022,Pace,8,38,23,165.22,38.0,1
PLY_0089,Axar Patel,2022,Spin,2,12,9,133.33,12.0,0
PLY_0089,Axar Patel,2023,Pace,5,53,38,139.47,26.5,2
PLY_0089,Axar Patel,2023,Spin,7,51,38,134.21,51.0,0
PLY_0089,Axar Patel,2024,Pace,9,68,51,133.33,68.0,1
PLY_0089,Axar Patel,2024,Spin,4,50,34,147.06,16.67,3
PLY_0089,Axar Patel,2025,Pace,6,39,36,108.33,13.0,3
PLY_0089,Axar Patel,2025,Spin,5,98,52,188.46,49.0,2
PLY_0090,Ayush Badoni,2022,Pace,5,37,30,123.33,37.0,0
PLY_0090,Ayush Badoni,2022,Spin,5,25,28,89.29,25.0,1
PLY_0090,Ayush Badoni,2023,Pace,6,34,22,154.55,34.0,1
PLY_0090,Ayush Badoni,2023,Spin,6,27,20,135.0,27.0,1
PLY_0090,Ayush Badoni,2024,Pace,8,100,56,178.57,100.0,0
PLY_0090,Ayush Badoni,2024,Spin,7,40,41,97.56,13.33,3
PLY_0090,Ayush Badoni,2025,Pace,5,49,32,153.12,24.5,2
PLY_0090,Ayush Badoni,2025,Spin,5,41,34,120.59,13.67,3
PLY_0091,Ayush Mhatre,2025,Pace,4,86,35,245.71,86.0,1
PLY_0094,Azmatullah Omarzai,2024,Spin,3,14,10,140.0,14.0,1
PLY_0094,Azmatullah Omarzai,2025,Pace,2,10,8,125.0,10.0,0
PLY_0094,Azmatullah Omarzai,2025,Spin,2,8,11,72.73,4.0,2
PLY_0109,Bhuvneshwar Kumar,2015,Pace,2,0,2,0.0,0.0,0
PLY_0109,Bhuvneshwar Kumar,2016,Pace,1,0,1,0.0,0.0,0
PLY_0109,Bhuvneshwar Kumar,2016,Spin,1,1,2,50.0,1.0,1
PLY_0109,Bhuvneshwar Kumar,2017,Pace,1,4,3,133.33,4.0,0
PLY_0109,Bhuvneshwar Kumar,2018,Pace,3,7,7,100.0,7.0,1
PLY_0109,Bhuvneshwar Kumar,2019,Pace,1,2,4,50.0,2.0,0
PLY_0109,Bhuvneshwar Kumar,2021,Pace,4,11,9,122.22,11.0,0
PLY_0109,Bhuvneshwar Kumar,2022,Pace,1,5,6,83.33,5.0,0
PLY_0109,Bhuvneshwar Kumar,2022,Spin,1,5,3,166.67,5.0,0
PLY_0109,Bhuvneshwar Kumar,2023,Pace,1,1,4,25.0,1.0,1
PLY_0109,Bhuvneshwar Kumar,2023,Spin,2,18,17,105.88,18.0,0
PLY_0109,Bhuvneshwar Kumar,2024,Pace,1,3,2,150.0,3.0,0
PLY_0109,Bhuvneshwar Kumar,2024,Spin,1,0,1,0.0,0.0,0
PLY_0109,Bhuvneshwar Kumar,2025,Pace,3,3,5,60.0,3.0,1
PLY_0120,Cameron Green,2023,Pace,8,117,66,177.27,117.0,0
PLY_0120,Cameron Green,2023,Spin,6,86,66,130.3,28.67,3
PLY_0120,Cameron Green,2024,Pace,6,23,18,127.78,23.0,1
PLY_0120,Cameron Green,2024,Spin,7,64,46,139.13,32.0,2
PLY_0140,Corbin Bosch,2025,Pace,2,29,19,152.63,14.5,2
PLY_0140,Corbin Bosch,2025,Spin,1,3,4,75.0,3.0,0
PLY_0156,David Miller,2015,Pace,4,53,20,265.0,53.0,0
PLY_0156,David Miller,2015,Spin,6,62,57,108.77,62.0,1
PLY_0156,David Miller,2016,Pace,5,49,30,163.33,24.5,2
PLY_0156,David Miller,2016,Spin,6,39,27,144.44,19.5,2
PLY_0156,David Miller,2017,Spin,4,15,23,65.22,15.0,1
PLY_0156,David Miller,2018,Pace,2,5,6,83.33,5.0,1
PLY_0156,David Miller,2018,Spin,3,24,18,133.33,24.0,0
PLY_0156,David Miller,2019,Pace,4,13,14,92.86,13.0,1
PLY_0156,David Miller,2019,Spin,5,60,49,122.45,30.0,2
PLY_0156,David Miller,2021,Pace,6,52,41,126.83,26.0,2
PLY_0156,David Miller,2021,Spin,3,11,17,64.71,11.0,1
PLY_0156,David Miller,2022,Pace,13,113,81,139.51,37.67,3
PLY_0156,David Miller,2022,Spin,11,90,61,147.54,90.0,0
PLY_0156,David Miller,2023,Pace,8,51,31,164.52,17.0,3
PLY_0156,David Miller,2023,Spin,9,52,44,118.18,26.0,2
PLY_0156,David Miller,2024,Pace,5,25,21,119.05,12.5,2
PLY_0156,David Miller,2024,Spin,2,14,10,140.0,14.0,0
PLY_0156,David Miller,2025,Pace,4,26,17,152.94,26.0,1
PLY_0156,David Miller,2025,Spin,4,21,26,80.77,21.0,1
PLY_0163,Deepak Chahar,2017,Spin,1,1,1,100.0,1.0,0
PLY_0163,Deepak Chahar,2018,Pace,1,8,4,200.0,8.0,1
PLY_0163,Deepak Chahar,2018,Spin,1,35,17,205.88,35.0,1
PLY_0163,Deepak Chahar,2019,Pace,2,6,7,85.71,6.0,1
PLY_0163,Deepak Chahar,2021,Spin,1,1,1,100.0,1.0,0
PLY_0163,Deepak Chahar,2025,Pace,2,8,7,114.29,8.0,0
PLY_0163,Deepak Chahar,2025,Spin,2,2,6,33.33,2.0,0
PLY_0165,Devdutt Padikkal,2020,Pace,10,103,82,125.61,25.75,4
PLY_0165,Devdutt Padikkal,2020,Spin,5,46,49,93.88,46.0,1
PLY_0165,Devdutt Padikkal,2021,Pace,9,57,62,91.94,19.0,3
PLY_0165,Devdutt Padikkal,2021,Spin,6,65,59,110.17,65.0,1
PLY_0165,Devdutt Padikkal,2022,Pace,8,54,50,108.0,18.0,3
PLY_0165,Devdutt Padikkal,2022,Spin,9,95,59,161.02,31.67,3
PLY_0165,Devdutt Padikkal,2023,Pace,7,21,19,110.53,7.0,3
PLY_0165,Devdutt Padikkal,2023,Spin,6,16,22,72.73,4.0,4
PLY_0165,Devdutt Padikkal,2024,Pace,3,1,4,25.0,0.5,2
PLY_0165,Devdutt Padikkal,2024,Spin,1,3,6,50.0,3.0,0
PLY_0165,Devdutt Padikkal,2025,Pace,6,24,18,133.33,8.0,3
PLY_0165,Devdutt Padikkal,2025,Spin,5,29,23,126.09,9.67,3
PLY_0168,Dewald Brevis,2022,Pace,4,21,18,116.67,7.0,3
PLY_0168,Dewald Brevis,2022,Spin,4,44,33,133.33,44.0,0
PLY_0168,Dewald Brevis,2024,Pace,2,13,13,100.0,13.0,1
PLY_0168,Dewald Brevis,2024,Spin,2,25,26,96.15,25.0,0
PLY_0168,Dewald Brevis,2025,Pace,2,45,19,236.84,45.0,1
PLY_0168,Dewald Brevis,2025,Spin,2,26,14,185.71,26.0,0
PLY_0170,Dhruv Jurel,2023,Pace,6,47,21,223.81,23.5,2
PLY_0170,Dhruv Jurel,2023,Spin,2,12,9,133.33,12.0,1
PLY_0170,Dhruv Jurel,2024,Pace,6,37,21,176.19,37.0,0
PLY_0170,Dhruv Jurel,2024,Spin,5,36,22,163.64,36.0,1
PLY_0170,Dhruv Jurel,2025,Pace,7,63,33,190.91,63.0,0
PLY_0170,Dhruv Jurel,2025,Spin,5,37,33,112.12,12.33,3
PLY_0183,Donovan Ferreira,2024,Spin,1,0,1,0.0,0.0,1
PLY_0183,Donovan Ferreira,2025,Pace,1,0,1,0.0,0.0,0
PLY_0206,Glenn Phillips,2021,Pace,2,4,5,80.0,4.0,1
PLY_0206,Glenn Phillips,2021,Spin,1,6,3,200.0,6.0,0
PLY_0206,Glenn Phillips,2023,Pace,2,23,8,287.5,11.5,2
PLY_0206,Glenn Phillips,2023,Spin,1,1,2,50.0,1.0,1
PLY_0214,Hardik Pandya,2015,Pace,4,28,18,155.56,28.0,1
PLY_0214,Hardik Pandya,2015,Spin,2,10,9,111.11,10.0,1
PLY_0214,Hardik Pandya,2016,Pace,2,1,4,25.0,1.0,1
PLY_0214,Hardik Pandya,2016,Spin,1,9,9,100.0,9.0,1
PLY_0214,Hardik Pandya,2017,Pace,4,7,9,77.78,7.0,1
PLY_0214,Hardik Pandya,2017,Spin,8,36,37,97.3,36.0,1
PLY_0214,Hardik Pandya,2018,Pace,4,39,28,139.29,39.0,0
PLY_0214,Hardik Pandya,2018,Spin,8,41,42,97.62,41.0,1
PLY_0214,Hardik Pandya,2019,Pace,8,74,37,200.0,74.0,1
PLY_0214,Hardik Pandya,2019,Spin,10,103,55,187.27,51.5,2
PLY_0214,Hardik Pandya,2020,Pace,5,59,28,210.71,59.0,1
PLY_0214,Hardik Pandya,2020,Spin,6,35,30,116.67,17.5,2
PLY_0214,Hardik Pandya,2021,Pace,8,25,29,86.21,8.33,3
PLY_0214,Hardik Pandya,2021,Spin,4,17,16,106.25,17.0,1
PLY_0214,Hardik Pandya,2022,Pace,11,114,87,131.03,57.0,2
PLY_0214,Hardik Pandya,2022,Spin,10,83,65,127.69,83.0,1
PLY_0214,Hardik Pandya,2023,Pace,5,17,24,70.83,8.5,2
PLY_0214,Hardik Pandya,2023,Spin,7,120,68,176.47,60.0,2
PLY_0214,Hardik Pandya,2024,Pace,8,23,19,121.05,7.67,3
PLY_0214,Hardik Pandya,2024,Spin,5,62,32,193.75,62.0,0
PLY_0214,Hardik Pandya,2025,Pace,8,43,36,119.44,43.0,0
PLY_0214,Hardik Pandya,2025,Spin,4,10,15,66.67,10.0,1
PLY_0218,Harpreet Brar,2019,Spin,1,5,3,166.67,5.0,0
PLY_0218,Harpreet Brar,2021,Pace,4,22,21,104.76,22.0,0
PLY_0218,Harpreet Brar,2021,Spin,2,5,8,62.5,5.0,0
PLY_0218,Harpreet Brar,2022,Spin,2,10,11,90.91,10.0,1
PLY_0218,Harpreet Brar,2023,Pace,3,3,8,37.5,1.5,2
PLY_0218,Harpreet Brar,2023,Spin,2,1,2,50.0,1.0,1
PLY_0218,Harpreet Brar,2024,Pace,4,14,12,116.67,14.0,0
PLY_0218,Harpreet Brar,2024,Spin,2,18,8,225.0,18.0,1
PLY_0222,Harshal Patel,2015,Pace,1,2,2,100.0,2.0,0
PLY_0222,Harshal Patel,2015,Spin,1,6,2,300.0,6.0,0
PLY_0222,Harshal Patel,2018,Pace,2,35,11,318.18,35.0,0
PLY_0222,Harshal Patel,2018,Spin,1,6,8,75.0,6.0,0
PLY_0222,Harshal Patel,2020,Pace,2,8,12,66.67,8.0,1
PLY_0222,Harshal Patel,2021,Pace,2,9,9,100.0,9.0,1
PLY_0222,Harshal Patel,2021,Spin,3,5,11,45.45,5.0,1
PLY_0222,Harshal Patel,2022,Pace,4,6,8,75.0,6.0,1
PLY_0222,Harshal Patel,2022,Spin,1,1,1,100.0,1.0,0
PLY_0222,Harshal Patel,2023,Spin,1,6,2,300.0,6.0,1
PLY_0222,Harshal Patel,2024,Pace,2,0,2,0.0,0.0,2
PLY_0222,Harshal Patel,2024,Spin,1,1,3,33.33,1.0,0
PLY_0222,Harshal Patel,2025,Pace,3,12,13,92.31,12.0,1
PLY_0222,Harshal Patel,2025,Spin,1,1,1,100.0,1.0,0
PLY_0225,Heinrich Klaasen,2018,Pace,2,31,19,163.16,31.0,1
PLY_0225,Heinrich Klaasen,2018,Spin,1,10,10,100.0,10.0,0
PLY_0225,Heinrich Klaasen,2019,Spin,1,0,1,0.0,0.0,1
PLY_0225,Heinrich Klaasen,2023,Pace,6,51,27,188.89,51.0,1
PLY_0225,Heinrich Klaasen,2023,Spin,10,173,91,190.11,173.0,1
PLY_0225,Heinrich Klaasen,2024,Pace,8,70,47,148.94,70.0,1
PLY_0225,Heinrich Klaasen,2024,Spin,10,79,51,154.9,26.33,3
PLY_0225,Heinrich Klaasen,2025,Pace,12,81,59,137.29,16.2,5
PLY_0225,Heinrich Klaasen,2025,Spin,7,101,56,180.36,50.5,2
PLY_0232,Ishan Kishan,2016,Pace,1,5,3,166.67,5.0,0
PLY_0232,Ishan Kishan,2016,Spin,2,10,7,142.86,10.0,1
PLY_0232,Ishan Kishan,2017,Pace,4,48,37,129.73,24.0,2
PLY_0232,Ishan Kishan,2017,Spin,7,58,50,116.0,14.5,4
PLY_0232,Ishan Kishan,2018,Pace,5,37,14,264.29,37.0,0
PLY_0232,Ishan Kishan,2018,Spin,6,105,54,194.44,35.0,3
PLY_0232,Ishan Kishan,2019,Pace,2,17,13,130.77,17.0,0
PLY_0232,Ishan Kishan,2019,Spin,4,41,48,85.42,13.67,3
PLY_0232,Ishan Kishan,2020,Pace,5,19,25,76.0,4.75,4
PLY_0232,Ishan Kishan,2020,Spin,12,131,104,125.96,131.0,1
PLY_0232,Ishan Kishan,2021,Pace,5,55,32,171.88,27.5,2
PLY_0232,Ishan Kishan,2021,Spin,6,31,32,96.88,15.5,2
PLY_0232,Ishan Kishan,2022,Pace,10,78,58,134.48,26.0,3
PLY_0232,Ishan Kishan,2022,Spin,10,106,85,124.71,53.0,2
PLY_0232,Ishan Kishan,2023,Pace,9,85,60,141.67,21.25,4
PLY_0232,Ishan Kishan,2023,Spin,8,49,48,102.08,9.8,5
PLY_0232,Ishan Kishan,2024,Pace,8,63,34,185.29,31.5,2
PLY_0232,Ishan Kishan,2024,Spin,6,49,36,136.11,12.25,4
PLY_0232,Ishan Kishan,2025,Pace,8,63,43,146.51,63.0,1
PLY_0232,Ishan Kishan,2025,Spin,5,24,27,88.89,24.0,1
PLY_0235,Ishant Sharma,2017,Pace,1,2,3,66.67,2.0,0
PLY_0235,Ishant Sharma,2017,Spin,1,0,1,0.0,0.0,1
PLY_0235,Ishant Sharma,2019,Spin,1,10,3,333.33,10.0,0
PLY_0235,Ishant Sharma,2023,Pace,1,1,1,100.0,1.0,0
PLY_0235,Ishant Sharma,2024,Pace,1,0,2,0.0,0.0,0
PLY_0239,Jacob Bethell,2025,Spin,2,22,14,157.14,22.0,1
PLY_0251,Jamie Overton,2025,Pace,2,15,6,250.0,15.0,0
PLY_0254,Jason Holder,2016,Pace,3,15,11,136.36,7.5,2
PLY_0254,Jason Holder,2020,Pace,2,7,5,140.0,7.0,0
PLY_0254,Jason Holder,2020,Spin,2,8,13,61.54,8.0,1
PLY_0254,Jason Holder,2021,Pace,5,8,11,72.73,8.0,1
PLY_0254,Jason Holder,2021,Spin,3,13,16,81.25,13.0,1
PLY_0254,Jason Holder,2022,Pace,4,16,12,133.33,16.0,1
PLY_0254,Jason Holder,2022,Spin,1,1,2,50.0,1.0,1
PLY_0254,Jason Holder,2023,Spin,1,2,4,50.0,2.0,0
PLY_0256,Jasprit Bumrah,2016,Pace,2,3,3,100.0,3.0,0
PLY_0256,Jasprit Bumrah,2018,Pace,1,1,1,100.0,1.0,0
PLY_0256,Jasprit Bumrah,2019,Pace,1,0,1,0.0,0.0,0
PLY_0256,Jasprit Bumrah,2021,Pace,3,3,5,60.0,3.0,1
PLY_0256,Jasprit Bumrah,2021,Spin,1,1,1,100.0,1.0,0
PLY_0256,Jasprit Bumrah,2022,Pace,2,0,5,0.0,0.0,0
PLY_0256,Jasprit Bumrah,2024,Pace,2,9,6,150.0,9.0,0
PLY_0258,Jayant Yadav,2016,Spin,1,1,3,33.33,1.0,0
PLY_0258,Jayant Yadav,2021,Pace,1,5,2,250.0,5.0,0
PLY_0258,Jayant Yadav,2021,Spin,2,16,9,177.78,16.0,1
PLY_0259,Jaydev Unadkat,2018,Pace,1,15,12,125.0,15.0,1
PLY_0259,Jaydev Unadkat,2018,Spin,2,13,8,162.5,13.0,0
PLY_0259,Jaydev Unadkat,2019,Pace,1,0,1,0.0,0.0,0
PLY_0259,Jaydev Unadkat,2020,Spin,1,4,8,50.0,4.0,1
PLY_0259,Jaydev Unadkat,2021,Pace,1,6,5,120.0,6.0,0
PLY_0259,Jaydev Unadkat,2022,Pace,4,25,15,166.67,25.0,0
PLY_0259,Jaydev Unadkat,2022,Spin,1,1,2,50.0,1.0,0
PLY_0259,Jaydev Unadkat,2024,Pace,2,6,8,75.0,6.0,0
PLY_0259,Jaydev Unadkat,2024,Spin,1,3,5,60.0,3.0,1
PLY_0264,Jitesh Sharma,2022,Pace,5,36,24,150.0,36.0,1
PLY_0264,Jitesh Sharma,2022,Spin,5,56,46,121.74,56.0,1
PLY_0264,Jitesh Sharma,2023,Pace,4,51,28,182.14,25.5,2
PLY_0264,Jitesh Sharma,2023,Spin,10,51,34,150.0,51.0,1
PLY_0264,Jitesh Sharma,2024,Pace,7,30,31,96.77,15.0,2
PLY_0264,Jitesh Sharma,2024,Spin,5,46,31,148.39,15.33,3
PLY_0264,Jitesh Sharma,2025,Pace,6,52,39,133.33,52.0,0
PLY_0264,Jitesh Sharma,2025,Spin,5,36,18,200.0,12.0,3
PLY_0267,Jofra Archer,2018,Pace,2,13,11,118.18,13.0,1
PLY_0267,Jofra Archer,2019,Pace,2,29,14,207.14,29.0,0
PLY_0267,Jofra Archer,2019,Spin,2,12,9,133.33,12.0,0
PLY_0267,Jofra Archer,2020,Pace,3,30,14,214.29,30.0,1
PLY_0267,Jofra Archer,2020,Spin,3,2,5,40.0,2.0,0
PLY_0267,Jofra Archer,2023,Pace,1,1,2,50.0,1.0,0
PLY_0267,Jofra Archer,2025,Pace,3,9,10,90.0,9.0,1
PLY_0267,Jofra Archer,2025,Spin,1,4,3,133.33,4.0,0
PLY_0272,Jos Buttler,2016,Pace,4,43,25,172.0,14.33,3
PLY_0272,Jos Buttler,2016,Spin,8,27,22,122.73,13.5,2
PLY_0272,Jos Buttler,2017,Pace,2,53,24,220.83,53.0,1
PLY_0272,Jos Buttler,2017,Spin,5,37,31,119.35,37.0,1
PLY_0272,Jos Buttler,2018,Pace,9,123,60,205.0,61.5,2
PLY_0272,Jos Buttler,2018,Spin,9,128,95,134.74,32.0,4
PLY_0272,Jos Buttler,2019,Pace,5,39,36,108.33,39.0,1
PLY_0272,Jos Buttler,2019,Spin,3,28,35,80.0,28.0,1
PLY_0272,Jos Buttler,2020,Pace,3,36,27,133.33,36.0,1
PLY_0272,Jos Buttler,2020,Spin,8,80,53,150.94,80.0,1
PLY_0272,Jos Buttler,2021,Pace,7,77,55,140.0,38.5,2
PLY_0272,Jos Buttler,2021,Spin,2,25,22,113.64,25.0,1
PLY_0272,Jos Buttler,2022,Pace,11,125,102,122.55,31.25,4
PLY_0272,Jos Buttler,2022,Spin,10,101,73,138.36,101.0,0
PLY_0272,Jos Buttler,2023,Pace,8,94,62,151.61,31.33,3
PLY_0272,Jos Buttler,2023,Spin,6,76,57,133.33,38.0,2
PLY_0272,Jos Buttler,2024,Pace,9,72,57,126.32,72.0,1
PLY_0272,Jos Buttler,2024,Spin,6,25,31,80.65,6.25,4
PLY_0272,Jos Buttler,2025,Pace,9,96,53,181.13,96.0,1
PLY_0272,Jos Buttler,2025,Spin,4,27,25,108.0,27.0,0
PLY_0273,Josh Hazlewood,2022,Pace,4,13,19,68.42,13.0,0
PLY_0274,Josh Inglis,2025,Pace,6,63,39,161.54,63.0,1
PLY_0274,Josh Inglis,2025,Spin,1,5,3,166.67,5.0,0
PLY_0280,KL Rahul,2015,Pace,2,8,6,133.33,8.0,1
PLY_0280,KL Rahul,2015,Spin,3,27,23,117.39,27.0,1
PLY_0280,KL Rahul,2016,Pace,6,76,48,158.33,76.0,0
PLY_0280,KL Rahul,2016,Spin,6,69,45,153.33,34.5,2
PLY_0280,KL Rahul,2018,Pace,7,92,68,135.29,92.0,1
PLY_0280,KL Rahul,2018,Spin,8,115,60,191.67,19.17,6
PLY_0280,KL Rahul,2019,Pace,6,111,90,123.33,111.0,0
PLY_0280,KL Rahul,2019,Spin,5,95,74,128.38,95.0,1
PLY_0280,KL Rahul,2020,Pace,11,109,82,132.93,27.25,4
PLY_0280,KL Rahul,2020,Spin,10,61,66,92.42,30.5,2
PLY_0280,KL Rahul,2021,Pace,11,137,106,129.25,68.5,2
PLY_0280,KL Rahul,2021,Spin,7,55,51,107.84,55.0,1
PLY_0280,KL Rahul,2022,Pace,9,149,122,122.13,74.5,2
PLY_0280,KL Rahul,2022,Spin,7,87,75,116.0,87.0,1
PLY_0280,KL Rahul,2023,Pace,7,56,53,105.66,18.67,3
PLY_0280,KL Rahul,2023,Spin,4,43,34,126.47,43.0,0
PLY_0280,KL Rahul,2024,Pace,10,113,91,124.18,28.25,4
PLY_0280,KL Rahul,2024,Spin,10,102,84,121.43,51.0,2
PLY_0280,KL Rahul,2025,Pace,10,146,102,143.14,73.0,2
PLY_0280,KL Rahul,2025,Spin,3,84,53,158.49,84.0,0
PLY_0282,Kagiso Rabada,2017,Pace,2,13,16,81.25,6.5,2
PLY_0282,Kagiso Rabada,2017,Spin,3,23,25,92.0,23.0,0
PLY_0282,Kagiso Rabada,2019,Pace,3,5,5,100.0,5.0,0
PLY_0282,Kagiso Rabada,2020,Pace,4,21,20,105.0,10.5,2
PLY_0282,Kagiso Rabada,2020,Spin,1,0,1,0.0,0.0,0
PLY_0282,Kagiso Rabada,2021,Pace,1,4,1,400.0,4.0,0
PLY_0282,Kagiso Rabada,2022,Pace,3,13,12,108.33,6.5,2
PLY_0282,Kagiso Rabada,2022,Spin,2,3,7,42.86,3.0,1
PLY_0282,Kagiso Rabada,2024,Pace,1,1,1,100.0,1.0,0
PLY_0282,Kagiso Rabada,2025,Pace,1,1,1,100.0,1.0,0
PLY_0293,Kartik Tyagi,2020,Pace,1,1,2,50.0,1.0,1
PLY_0293,Kartik Tyagi,2021,Pace,1,1,3,33.33,1.0,1
PLY_0293,Kartik Tyagi,2022,Spin,1,0,1,0.0,0.0,1
PLY_0294,Karun Nair,2015,Pace,4,15,11,136.36,15.0,0
PLY_0294,Karun Nair,2015,Spin,5,56,36,155.56,18.67,3
PLY_0294,Karun Nair,2016,Pace,4,34,32,106.25,34.0,0
PLY_0294,Karun Nair,2016,Spin,7,68,60,113.33,22.67,3
PLY_0294,Karun Nair,2017,Pace,5,50,39,128.21,50.0,0
PLY_0294,Karun Nair,2017,Spin,8,49,44,111.36,16.33,3
PLY_0294,Karun Nair,2018,Pace,6,54,31,174.19,10.8,5
PLY_0294,Karun Nair,2018,Spin,8,63,54,116.67,63.0,1
PLY_0294,Karun Nair,2020,Pace,2,1,3,33.33,1.0,0
PLY_0294,Karun Nair,2020,Spin,1,0,1,0.0,0.0,1
PLY_0294,Karun Nair,2022,Pace,2,3,4,75.0,3.0,1
PLY_0294,Karun Nair,2022,Spin,2,4,6,66.67,4.0,0
PLY_0294,Karun Nair,2025,Pace,2,52,23,226.09,52.0,1
PLY_0294,Karun Nair,2025,Spin,1,5,4,125.0,5.0,0
PLY_0301,Khaleel Ahmed,2020,Pace,1,0,2,0.0,0.0,1
PLY_0301,Khaleel Ahmed,2022,Pace,1,0,1,0.0,0.0,1
PLY_0305,Krunal Pandya,2016,Pace,3,27,17,158.82,27.0,0
PLY_0305,Krunal Pandya,2016,Spin,4,90,36,250.0,90.0,1
PLY_0305,Krunal Pandya,2017,Pace,1,1,3,33.33,1.0,1
PLY_0305,Krunal Pandya,2017,Spin,6,56,50,112.0,56.0,1
PLY_0305,Krunal Pandya,2018,Pace,6,23,33,69.7,23.0,1
PLY_0305,Krunal Pandya,2018,Spin,5,33,21,157.14,16.5,2
PLY_0305,Krunal Pandya,2019,Pace,3,32,24,133.33,16.0,2
PLY_0305,Krunal Pandya,2019,Spin,8,44,41,107.32,14.67,3
PLY_0305,Krunal Pandya,2020,Pace,4,3,7,42.86,3.0,0
PLY_0305,Krunal Pandya,2020,Spin,4,8,14,57.14,8.0,1
PLY_0305,Krunal Pandya,2021,Pace,5,31,21,147.62,31.0,1
PLY_0305,Krunal Pandya,2021,Spin,4,10,14,71.43,10.0,1
PLY_0305,Krunal Pandya,2022,Pace,7,44,34,129.41,14.67,3
PLY_0305,Krunal Pandya,2022,Spin,6,25,32,78.12,12.5,2
PLY_0305,Krunal Pandya,2023,Pace,7,45,30,150.0,22.5,2
PLY_0305,Krunal Pandya,2023,Spin,5,39,37,105.41,13.0,3
PLY_0305,Krunal Pandya,2024,Pace,6,31,24,129.17,15.5,2
PLY_0305,Krunal Pandya,2024,Spin,7,19,18,105.56,19.0,1
PLY_0305,Krunal Pandya,2025,Pace,3,32,16,200.0,32.0,1
PLY_0305,Krunal Pandya,2025,Spin,3,36,33,109.09,36.0,1
PLY_0306,Kuldeep Yadav,2019,Spin,2,1,2,50.0,1.0,1
PLY_0306,Kuldeep Yadav,2020,Pace,1,3,3,100.0,3.0,0
PLY_0306,Kuldeep Yadav,2020,Spin,1,3,6,50.0,3.0,0
PLY_0306,Kuldeep Yadav,2021,Pace,1,0,1,0.0,0.0,0
PLY_0306,Kuldeep Yadav,2022,Pace,4,6,11,54.55,6.0,0
PLY_0306,Kuldeep Yadav,2023,Pace,6,14,21,66.67,14.0,0
PLY_0306,Kuldeep Yadav,2023,Spin,1,1,1,100.0,1.0,0
PLY_0306,Kuldeep Yadav,2024,Pace,5,19,15,126.67,19.0,1
PLY_0306,Kuldeep Yadav,2024,Spin,1,5,3,166.67,5.0,0
PLY_0306,Kuldeep Yadav,2025,Pace,4,7,7,100.0,3.5,2
PLY_0306,Kuldeep Yadav,2025,Spin,2,5,3,166.67,5.0,0
PLY_0309,Kumar Kushagra,2024,Pace,1,2,3,66.67,2.0,1
PLY_0315,Kyle Jamieson,2021,Pace,3,22,15,146.67,11.0,2
PLY_0315,Kyle Jamieson,2021,Spin,3,22,20,110.0,22.0,0
PLY_0324,Liam Livingstone,2019,Spin,1,15,8,187.5,15.0,1
PLY_0324,Liam Livingstone,2021,Pace,4,16,11,145.45,8.0,2
PLY_0324,Liam Livingstone,2021,Spin,3,11,9,122.22,11.0,1
PLY_0324,Liam Livingstone,2022,Pace,9,99,54,183.33,19.8,5
PLY_0324,Liam Livingstone,2022,Spin,10,88,56,157.14,22.0,4
PLY_0324,Liam Livingstone,2023,Pace,7,80,38,210.53,40.0,2
PLY_0324,Liam Livingstone,2023,Spin,6,44,46,95.65,44.0,1
PLY_0324,Liam Livingstone,2024,Pace,3,9,6,150.0,9.0,0
PLY_0324,Liam Livingstone,2024,Spin,2,14,20,70.0,14.0,1
PLY_0324,Liam Livingstone,2025,Pace,4,11,16,68.75,5.5,2
PLY_0324,Liam Livingstone,2025,Spin,3,56,37,151.35,56.0,1
PLY_0328,Lockie Ferguson,2020,Pace,1,3,3,100.0,3.0,0
PLY_0328,Lockie Ferguson,2020,Spin,2,1,3,33.33,1.0,0
PLY_0328,Lockie Ferguson,2021,Pace,1,3,3,100.0,3.0,0
PLY_0328,Lockie Ferguson,2022,Pace,2,1,2,50.0,1.0,1
PLY_0331,Luke Wood,2024,Pace,1,9,3,300.0,9.0,0
PLY_0334,MS Dhoni,2015,Pace,4,14,15,93.33,7.0,2
PLY_0334,MS Dhoni,2015,Spin,8,51,40,127.5,25.5,2
PLY_0334,MS Dhoni,2016,Pace,6,62,33,187.88,31.0,2
PLY_0334,MS Dhoni,2016,Spin,7,69,66,104.55,69.0,1
PLY_0334,MS Dhoni,2017,Pace,6,93,51,182.35,46.5,2
PLY_0334,MS Dhoni,2017,Spin,8,37,42,88.1,9.25,4
PLY_0334,MS Dhoni,2018,Pace,9,82,53,154.72,82.0,0
PLY_0334,MS Dhoni,2018,Spin,10,91,81,112.35,30.33,3
PLY_0334,MS Dhoni,2019,Pace,3,9,14,64.29,9.0,0
PLY_0334,MS Dhoni,2019,Spin,6,63,62,101.61,63.0,1
PLY_0334,MS Dhoni,2020,Pace,6,49,30,163.33,24.5,2
PLY_0334,MS Dhoni,2020,Spin,3,15,21,71.43,15.0,0
PLY_0334,MS Dhoni,2021,Pace,7,34,22,154.55,11.33,3
PLY_0334,MS Dhoni,2021,Spin,3,27,28,96.43,27.0,1
PLY_0334,MS Dhoni,2022,Pace,9,82,58,141.38,82.0,1
PLY_0334,MS Dhoni,2022,Spin,3,7,13,53.85,7.0,0
PLY_0334,MS Dhoni,2023,Pace,4,16,9,177.78,8.0,2
PLY_0334,MS Dhoni,2023,Spin,1,14,7,200.0,14.0,0
PLY_0334,MS Dhoni,2024,Pace,7,49,27,181.48,49.0,1
PLY_0334,MS Dhoni,2024,Spin,2,18,8,225.0,18.0,0
PLY_0334,MS Dhoni,2025,Pace,7,69,42,164.29,34.5,2
PLY_0334,MS Dhoni,2025,Spin,3,7,9,77.78,7.0,1
PLY_0335,Madhav Tiwari,2025,Pace,1,2,2,100.0,2.0,1
PLY_0342,Manav Suthar,2024,Pace,1,1,1,100.0,1.0,0
PLY_0344,Manish Pandey,2015,Pace,5,39,20,195.0,39.0,1
PLY_0344,Manish Pandey,2015,Spin,5,24,29,82.76,8.0,3
PLY_0344,Manish Pandey,2016,Pace,5,19,14,135.71,9.5,2
PLY_0344,Manish Pandey,2016,Spin,4,15,16,93.75,7.5,2
PLY_0344,Manish Pandey,2017,Pace,5,36,28,128.57,18.0,2
PLY_0344,Manish Pandey,2017,Spin,9,76,67,113.43,76.0,0
PLY_0344,Manish Pandey,2018,Pace,7,68,42,161.9,68.0,1
PLY_0344,Manish Pandey,2018,Spin,6,41,47,87.23,20.5,2
PLY_0344,Manish Pandey,2019,Pace,5,41,22,186.36,41.0,1
PLY_0344,Manish Pandey,2019,Spin,8,112,89,125.84,28.0,4
PLY_0344,Manish Pandey,2020,Pace,8,72,47,153.19,36.0,2
PLY_0344,Manish Pandey,2020,Spin,11,74,74,100.0,37.0,2
PLY_0344,Manish Pandey,2021,Pace,6,56,45,124.44,56.0,0
PLY_0344,Manish Pandey,2021,Spin,5,48,42,114.29,24.0,2
PLY_0344,Manish Pandey,2022,Pace,2,9,8,112.5,9.0,1
PLY_0344,Manish Pandey,2022,Spin,2,6,9,66.67,6.0,0
PLY_0344,Manish Pandey,2023,Pace,2,20,18,111.11,20.0,1
PLY_0344,Manish Pandey,2023,Spin,5,31,28,110.71,31.0,1
PLY_0344,Manish Pandey,2024,Pace,1,13,8,162.5,13.0,0
PLY_0344,Manish Pandey,2024,Spin,1,4,5,80.0,4.0,0
PLY_0344,Manish Pandey,2025,Spin,1,18,17,105.88,18.0,0
PLY_0351,Marco Jansen,2021,Pace,1,0,1,0.0,0.0,1
PLY_0351,Marco Jansen,2022,Pace,1,1,2,50.0,1.0,1
PLY_0351,Marco Jansen,2023,Pace,3,5,7,71.43,5.0,1
PLY_0351,Marco Jansen,2023,Spin,2,4,4,100.0,4.0,0
PLY_0351,Marco Jansen,2024,Pace,1,1,1,100.0,1.0,0
PLY_0351,Marco Jansen,2024,Spin,1,12,5,240.0,12.0,0
PLY_0351,Marco Jansen,2025,Pace,3,10,13,76.92,10.0,0
PLY_0351,Marco Jansen,2025,Spin,2,8,7,114.29,8.0,1
PLY_0352,Marcus Stoinis,2016,Pace,2,6,9,66.67,3.0,2
PLY_0352,Marcus Stoinis,2016,Spin,3,26,16,162.5,26.0,1
PLY_0352,Marcus Stoinis,2017,Pace,1,1,2,50.0,1.0,0
PLY_0352,Marcus Stoinis,2017,Spin,2,8,9,88.89,8.0,1
PLY_0352,Marcus Stoinis,2018,Pace,3,8,11,72.73,8.0,1
PLY_0352,Marcus Stoinis,2018,Spin,2,16,11,145.45,16.0,1
PLY_0352,Marcus Stoinis,2019,Pace,3,24,10,240.0,24.0,0
PLY_0352,Marcus Stoinis,2019,Spin,9,52,61,85.25,17.33,3
PLY_0352,Marcus Stoinis,2020,Pace,11,70,61,114.75,17.5,4
PLY_0352,Marcus Stoinis,2020,Spin,8,41,33,124.24,41.0,1
PLY_0352,Marcus Stoinis,2021,Pace,4,19,16,118.75,19.0,1
PLY_0352,Marcus Stoinis,2021,Spin,2,17,12,141.67,17.0,0
PLY_0352,Marcus Stoinis,2022,Pace,8,54,30,180.0,27.0,2
PLY_0352,Marcus Stoinis,2022,Spin,4,8,12,66.67,8.0,0
PLY_0352,Marcus Stoinis,2023,Pace,6,41,29,141.38,13.67,3
PLY_0352,Marcus Stoinis,2023,Spin,7,53,41,129.27,53.0,1
PLY_0352,Marcus Stoinis,2024,Pace,10,47,40,117.5,15.67,3
PLY_0352,Marcus Stoinis,2024,Spin,9,63,57,110.53,15.75,4
PLY_0352,Marcus Stoinis,2025,Pace,8,67,29,231.03,33.5,2
PLY_0352,Marcus Stoinis,2025,Spin,2,14,13,107.69,14.0,1
PLY_0358,Matthew Breetzke,2025,Pace,1,5,7,71.43,5.0,1
PLY_0360,Matthew Short,2023,Pace,4,40,22,181.82,40.0,0
PLY_0360,Matthew Short,2023,Spin,2,4,9,44.44,2.0,2
PLY_0363,Mayank Markande,2018,Pace,1,6,4,150.0,6.0,0
PLY_0363,Mayank Markande,2018,Spin,1,0,1,0.0,0.0,0
PLY_0363,Mayank Markande,2019,Pace,1,5,4,125.0,5.0,1
PLY_0363,Mayank Markande,2023,Pace,1,11,3,366.67,11.0,0
PLY_0371,Mitchell Marsh,2016,Pace,1,4,5,80.0,4.0,0
PLY_0371,Mitchell Marsh,2016,Spin,1,3,6,50.0,3.0,1
PLY_0371,Mitchell Marsh,2022,Pace,7,54,43,125.58,54.0,1
PLY_0371,Mitchell Marsh,2022,Spin,3,28,20,140.0,28.0,0
PLY_0371,Mitchell Marsh,2023,Pace,2,31,18,172.22,31.0,1
PLY_0371,Mitchell Marsh,2023,Spin,1,1,3,33.33,1.0,0
PLY_0371,Mitchell Marsh,2024,Pace,1,6,2,300.0,6.0,1
PLY_0371,Mitchell Marsh,2024,Spin,1,2,2,100.0,2.0,0
PLY_0371,Mitchell Marsh,2025,Pace,8,123,81,151.85,17.57,7
PLY_0371,Mitchell Marsh,2025,Spin,6,115,73,157.53,115.0,1
PLY_0373,Mitchell Santner,2019,Pace,1,2,5,40.0,2.0,0
PLY_0373,Mitchell Santner,2022,Pace,2,9,7,128.57,9.0,1
PLY_0373,Mitchell Santner,2024,Pace,2,8,7,114.29,8.0,1
PLY_0373,Mitchell Santner,2024,Spin,1,0,2,0.0,0.0,1
PLY_0373,Mitchell Santner,2025,Pace,4,8,10,80.0,8.0,0
PLY_0373,Mitchell Santner,2025,Spin,1,5,7,71.43,5.0,0
PLY_0374,Mitchell Starc,2015,Pace,3,11,14,78.57,11.0,1
PLY_0374,Mitchell Starc,2024,Pace,3,8,7,114.29,8.0,1
PLY_0374,Mitchell Starc,2025,Spin,2,1,2,50.0,1.0,1
PLY_0383,Mohammed Siraj,2018,Pace,1,3,3,100.0,3.0,1
PLY_0383,Mohammed Siraj,2019,Pace,1,2,3,66.67,2.0,0
PLY_0383,Mohammed Siraj,2019,Spin,2,0,3,0.0,0.0,0
PLY_0383,Mohammed Siraj,2020,Pace,2,9,6,150.0,9.0,0
PLY_0383,Mohammed Siraj,2021,Pace,2,16,14,114.29,16.0,1
PLY_0383,Mohammed Siraj,2022,Pace,4,20,21,95.24,10.0,2
PLY_0383,Mohammed Siraj,2022,Spin,1,0,2,0.0,0.0,0
PLY_0383,Mohammed Siraj,2023,Pace,1,1,1,100.0,1.0,0
PLY_0383,Mohammed Siraj,2024,Spin,1,12,4,300.0,12.0,0
PLY_0383,Mohammed Siraj,2025,Spin,1,0,2,0.0,0.0,0
PLY_0393,Mukesh Kumar,2023,Pace,2,3,3,100.0,3.0,0
PLY_0393,Mukesh Kumar,2024,Pace,1,0,2,0.0,0.0,0
PLY_0402,Naman Dhir,2024,Pace,4,39,19,205.26,39.0,1
PLY_0402,Naman Dhir,2024,Spin,2,12,8,150.0,12.0,0
PLY_0402,Naman Dhir,2025,Pace,10,114,49,232.65,38.0,3
PLY_0402,Naman Dhir,2025,Spin,4,19,14,135.71,19.0,1
PLY_0408,Navdeep Saini,2019,Spin,1,2,3,66.67,2.0,1
PLY_0408,Navdeep Saini,2020,Pace,1,6,5,120.0,6.0,0
PLY_0408,Navdeep Saini,2020,Spin,1,1,3,33.33,1.0,0
PLY_0408,Navdeep Saini,2021,Spin,1,2,4,50.0,2.0,1
PLY_0411,Nehal Wadhera,2023,Pace,4,11,10,110.0,3.67,3
PLY_0411,Nehal Wadhera,2023,Spin,4,63,36,175.0,63.0,1
PLY_0411,Nehal Wadhera,2024,Pace,5,27,18,150.0,27.0,1
PLY_0411,Nehal Wadhera,2024,Spin,4,27,23,117.39,13.5,2
PLY_0411,Nehal Wadhera,2025,Pace,7,37,32,115.62,12.33,3
PLY_0411,Nehal Wadhera,2025,Spin,4,35,22,159.09,35.0,1
PLY_0413,Nicholas Pooran,2019,Pace,2,20,9,222.22,20.0,0
PLY_0413,Nicholas Pooran,2019,Spin,5,72,45,160.0,72.0,1
PLY_0413,Nicholas Pooran,2020,Pace,8,68,45,151.11,34.0,2
PLY_0413,Nicholas Pooran,2020,Spin,8,46,41,112.2,15.33,3
PLY_0413,Nicholas Pooran,2021,Pace,5,14,19,73.68,3.5,4
PLY_0413,Nicholas Pooran,2021,Spin,4,9,9,100.0,9.0,0
PLY_0413,Nicholas Pooran,2022,Pace,8,63,44,143.18,63.0,1
PLY_0413,Nicholas Pooran,2022,Spin,7,32,30,106.67,32.0,1
PLY_0413,Nicholas Pooran,2023,Pace,7,60,34,176.47,30.0,2
PLY_0413,Nicholas Pooran,2023,Spin,7,31,39,79.49,15.5,2
PLY_0413,Nicholas Pooran,2024,Pace,10,90,62,145.16,22.5,4
PLY_0413,Nicholas Pooran,2024,Spin,8,64,43,148.84,64.0,1
PLY_0413,Nicholas Pooran,2025,Pace,9,108,63,171.43,54.0,2
PLY_0413,Nicholas Pooran,2025,Spin,6,117,48,243.75,117.0,1
PLY_0417,Nitish Kumar Reddy,2024,Pace,5,44,38,115.79,22.0,2
PLY_0417,Nitish Kumar Reddy,2024,Spin,5,54,33,163.64,27.0,2
PLY_0417,Nitish Kumar Reddy,2025,Pace,5,21,26,80.77,21.0,1
PLY_0417,Nitish Kumar Reddy,2025,Spin,4,49,42,116.67,24.5,2
PLY_0418,Nitish Rana,2016,Pace,2,19,19,100.0,19.0,1
PLY_0418,Nitish Rana,2016,Spin,2,11,7,157.14,11.0,0
PLY_0418,Nitish Rana,2017,Pace,4,30,18,166.67,30.0,1
PLY_0418,Nitish Rana,2017,Spin,8,75,56,133.93,37.5,2
PLY_0418,Nitish Rana,2018,Pace,7,30,20,150.0,10.0,3
PLY_0418,Nitish Rana,2018,Spin,6,36,26,138.46,36.0,1
PLY_0418,Nitish Rana,2019,Pace,4,63,41,153.66,63.0,1
PLY_0418,Nitish Rana,2019,Spin,5,71,54,131.48,23.67,3
PLY_0418,Nitish Rana,2020,Pace,7,30,24,125.0,10.0,3
PLY_0418,Nitish Rana,2020,Spin,6,83,57,145.61,83.0,1
PLY_0418,Nitish Rana,2021,Pace,8,88,69,127.54,88.0,1
PLY_0418,Nitish Rana,2021,Spin,8,62,48,129.17,62.0,1
PLY_0418,Nitish Rana,2022,Pace,7,103,70,147.14,20.6,5
PLY_0418,Nitish Rana,2022,Spin,6,54,40,135.0,54.0,0
PLY_0418,Nitish Rana,2023,Pace,5,76,35,217.14,76.0,1
PLY_0418,Nitish Rana,2023,Spin,7,53,39,135.9,26.5,2
PLY_0418,Nitish Rana,2024,Pace,2,12,12,100.0,12.0,1
PLY_0418,Nitish Rana,2024,Spin,1,4,3,133.33,4.0,0
PLY_0418,Nitish Rana,2025,Pace,5,29,18,161.11,29.0,1
PLY_0418,Nitish Rana,2025,Spin,3,70,33,212.12,70.0,1
PLY_0419,Noor Ahmad,2023,Pace,1,0,1,0.0,0.0,1
PLY_0419,Noor Ahmad,2023,Spin,1,1,1,100.0,1.0,0
PLY_0419,Noor Ahmad,2024,Pace,1,0,1,0.0,0.0,1
PLY_0419,Noor Ahmad,2024,Spin,1,1,6,16.67,1.0,0
PLY_0419,Noor Ahmad,2025,Spin,1,1,2,50.0,1.0,0
PLY_0432,Pat Cummins,2015,Pace,1,0,1,0.0,0.0,1
PLY_0432,Pat Cummins,2017,Pace,2,14,7,200.0,14.0,0
PLY_0432,Pat Cummins,2017,Spin,3,10,9,111.11,10.0,1
PLY_0432,Pat Cummins,2020,Pace,5,41,26,157.69,41.0,1
PLY_0432,Pat Cummins,2020,Spin,2,1,14,7.14,1.0,1
PLY_0432,Pat Cummins,2021,Pace,1,7,8,87.5,7.0,0
PLY_0432,Pat Cummins,2021,Spin,2,4,8,50.0,4.0,0
PLY_0432,Pat Cummins,2022,Pace,3,14,10,140.0,7.0,2
PLY_0432,Pat Cummins,2022,Spin,1,0,1,0.0,0.0,1
PLY_0432,Pat Cummins,2024,Pace,7,40,28,142.86,20.0,2
PLY_0432,Pat Cummins,2024,Spin,3,16,13,123.08,16.0,0
PLY_0432,Pat Cummins,2025,Pace,4,13,7,185.71,13.0,1
PLY_0432,Pat Cummins,2025,Spin,3,12,17,70.59,12.0,1
PLY_0437,Phil Salt,2023,Pace,4,47,24,195.83,47.0,1
PLY_0437,Phil Salt,2024,Pace,9,91,58,156.9,22.75,4
PLY_0437,Phil Salt,2024,Spin,3,20,17,117.65,20.0,1
PLY_0437,Phil Salt,2025,Pace,8,67,50,134.0,16.75,4
PLY_0437,Phil Salt,2025,Spin,4,39,19,205.26,19.5,2
PLY_0440,Prabhsimran Singh,2019,Pace,1,10,7,142.86,10.0,1
PLY_0440,Prabhsimran Singh,2019,Spin,1,1,3,33.33,1.0,0
PLY_0440,Prabhsimran Singh,2020,Pace,2,10,9,111.11,10.0,1
PLY_0440,Prabhsimran Singh,2020,Spin,1,1,4,25.0,1.0,0
PLY_0440,Prabhsimran Singh,2021,Pace,1,2,1,200.0,2.0,0
PLY_0440,Prabhsimran Singh,2022,Pace,1,13,7,185.71,13.0,1
PLY_0440,Prabhsimran Singh,2023,Pace,7,15,18,83.33,3.75,4
PLY_0440,Prabhsimran Singh,2023,Spin,5,67,47,142.55,33.5,2
PLY_0440,Prabhsimran Singh,2024,Pace,5,47,36,130.56,23.5,2
PLY_0440,Prabhsimran Singh,2024,Spin,7,60,39,153.85,20.0,3
PLY_0440,Prabhsimran Singh,2025,Pace,13,132,85,155.29,33.0,4
PLY_0440,Prabhsimran Singh,2025,Spin,5,90,47,191.49,90.0,1
PLY_0446,Praveen Dubey,2020,Pace,1,1,3,33.33,1.0,0
PLY_0446,Praveen Dubey,2023,Pace,1,7,5,140.0,7.0,0
PLY_0452,Prince Yadav,2025,Pace,1,1,3,33.33,1.0,0
PLY_0454,Prithvi Shaw,2018,Pace,4,51,41,124.39,51.0,0
PLY_0454,Prithvi Shaw,2018,Spin,4,40,31,129.03,13.33,3
PLY_0454,Prithvi Shaw,2019,Pace,7,72,47,153.19,36.0,2
PLY_0454,Prithvi Shaw,2019,Spin,6,62,37,167.57,31.0,2
PLY_0454,Prithvi Shaw,2020,Pace,5,30,27,111.11,10.0,3
PLY_0454,Prithvi Shaw,2020,Spin,3,54,36,150.0,54.0,1
PLY_0454,Prithvi Shaw,2021,Pace,5,60,35,171.43,30.0,2
PLY_0454,Prithvi Shaw,2021,Spin,7,68,39,174.36,68.0,1
PLY_0454,Prithvi Shaw,2022,Pace,7,43,33,130.3,21.5,2
PLY_0454,Prithvi Shaw,2022,Spin,4,16,16,100.0,16.0,1
PLY_0454,Prithvi Shaw,2023,Pace,5,24,15,160.0,24.0,1
PLY_0454,Prithvi Shaw,2023,Spin,1,2,4,50.0,2.0,0
PLY_0454,Prithvi Shaw,2024,Pace,2,17,17,100.0,17.0,1
PLY_0454,Prithvi Shaw,2024,Spin,4,47,19,247.37,15.67,3
PLY_0456,Priyansh Arya,2025,Pace,12,92,68,135.29,30.67,3
PLY_0456,Priyansh Arya,2025,Spin,4,91,48,189.58,45.5,2
PLY_0458,Quinton de Kock,2015,Pace,2,7,6,116.67,7.0,0
PLY_0458,Quinton de Kock,2016,Pace,7,28,36,77.78,14.0,2
PLY_0458,Quinton de Kock,2016,Spin,4,48,30,160.0,48.0,0
PLY_0458,Quinton de Kock,2018,Pace,5,16,16,100.0,16.0,1
PLY_0458,Quinton de Kock,2018,Spin,5,74,64,115.62,24.67,3
PLY_0458,Quinton de Kock,2019,Pace,5,45,26,173.08,45.0,1
PLY_0458,Quinton de Kock,2019,Spin,11,66,87,75.86,16.5,4
PLY_0458,Quinton de Kock,2020,Pace,7,88,53,166.04,22.0,4
PLY_0458,Quinton de Kock,2020,Spin,11,81,85,95.29,27.0,3
PLY_0458,Quinton de Kock,2021,Pace,5,51,37,137.84,51.0,1
PLY_0458,Quinton de Kock,2021,Spin,7,43,42,102.38,43.0,1
PLY_0458,Quinton de Kock,2022,Pace,9,94,65,144.62,31.33,3
PLY_0458,Quinton de Kock,2022,Spin,7,67,54,124.07,22.33,3
PLY_0458,Quinton de Kock,2023,Pace,2,20,16,125.0,20.0,0
PLY_0458,Quinton de Kock,2023,Spin,3,33,24,137.5,16.5,2
PLY_0458,Quinton de Kock,2024,Pace,3,33,21,157.14,16.5,2
PLY_0458,Quinton de Kock,2024,Spin,1,18,11,163.64,18.0,0
PLY_0458,Quinton de Kock,2025,Pace,1,7,8,87.5,7.0,0
PLY_0458,Quinton de Kock,2025,Spin,1,1,1,100.0,1.0,0
PLY_0460,Rachin Ravindra,2024,Pace,6,42,26,161.54,21.0,2
PLY_0460,Rachin Ravindra,2024,Spin,3,14,8,175.0,4.67,3
PLY_0460,Rachin Ravindra,2025,Pace,4,27,22,122.73,27.0,1
PLY_0460,Rachin Ravindra,2025,Spin,1,7,5,140.0,7.0,0
PLY_0462,Rahul Chahar,2019,Pace,1,4,4,100.0,4.0,1
PLY_0462,Rahul Chahar,2019,Spin,2,7,4,175.0,7.0,0
PLY_0462,Rahul Chahar,2021,Pace,3,12,11,109.09,4.0,3
PLY_0462,Rahul Chahar,2021,Spin,1,1,2,50.0,1.0,0
PLY_0462,Rahul Chahar,2022,Pace,2,4,6,66.67,2.0,2
PLY_0462,Rahul Chahar,2022,Spin,3,2,6,33.33,2.0,0
PLY_0462,Rahul Chahar,2023,Pace,1,0,4,0.0,0.0,0
PLY_0462,Rahul Chahar,2024,Pace,1,1,2,50.0,1.0,0
PLY_0466,Rahul Tewatia,2018,Pace,2,1,2,50.0,1.0,0
PLY_0466,Rahul Tewatia,2018,Spin,3,4,6,66.67,4.0,1
PLY_0466,Rahul Tewatia,2019,Pace,4,22,16,137.5,22.0,1
PLY_0466,Rahul Tewatia,2020,Pace,4,30,21,142.86,30.0,1
PLY_0466,Rahul Tewatia,2020,Spin,6,39,35,111.43,39.0,0
PLY_0466,Rahul Tewatia,2021,Pace,8,51,33,154.55,12.75,4
PLY_0466,Rahul Tewatia,2021,Spin,7,24,25,96.0,24.0,1
PLY_0466,Rahul Tewatia,2022,Pace,9,81,62,130.65,27.0,3
PLY_0466,Rahul Tewatia,2022,Spin,2,19,13,146.15,19.0,0
PLY_0466,Rahul Tewatia,2023,Pace,3,3,3,100.0,3.0,0
PLY_0466,Rahul Tewatia,2023,Spin,1,7,6,116.67,7.0,1
PLY_0466,Rahul Tewatia,2024,Pace,6,28,19,147.37,28.0,1
PLY_0466,Rahul Tewatia,2024,Spin,3,13,17,76.47,6.5,2
PLY_0466,Rahul Tewatia,2025,Pace,5,27,15,180.0,27.0,0
PLY_0466,Rahul Tewatia,2025,Spin,1,2,3,66.67,2.0,1
PLY_0467,Rahul Tripathi,2017,Pace,5,35,27,129.63,35.0,1
PLY_0467,Rahul Tripathi,2017,Spin,5,73,48,152.08,36.5,2
PLY_0467,Rahul Tripathi,2018,Pace,7,37,33,112.12,12.33,3
PLY_0467,Rahul Tripathi,2018,Spin,6,47,31,151.61,23.5,2
PLY_0467,Rahul Tripathi,2019,Pace,4,24,15,160.0,24.0,0
PLY_0467,Rahul Tripathi,2019,Spin,4,28,27,103.7,9.33,3
PLY_0467,Rahul Tripathi,2020,Pace,6,41,41,100.0,10.25,4
PLY_0467,Rahul Tripathi,2020,Spin,3,16,14,114.29,16.0,1
PLY_0467,Rahul Tripathi,2021,Pace,9,87,48,181.25,43.5,2
PLY_0467,Rahul Tripathi,2021,Spin,8,51,49,104.08,12.75,4
PLY_0467,Rahul Tripathi,2022,Pace,9,80,49,163.27,26.67,3
PLY_0467,Rahul Tripathi,2022,Spin,5,47,35,134.29,47.0,0
PLY_0467,Rahul Tripathi,2023,Pace,8,46,34,135.29,23.0,2
PLY_0467,Rahul Tripathi,2023,Spin,4,44,44,100.0,44.0,1
PLY_0467,Rahul Tripathi,2024,Pace,3,14,10,140.0,14.0,0
PLY_0467,Rahul Tripathi,2024,Spin,3,41,27,151.85,41.0,1
PLY_0467,Rahul Tripathi,2025,Pace,3,6,4,150.0,6.0,0
PLY_0467,Rahul Tripathi,2025,Spin,2,5,10,50.0,2.5,2
PLY_0473,Rajat Patidar,2021,Pace,1,1,2,50.0,1.0,0
PLY_0473,Rajat Patidar,2021,Spin,2,22,21,104.76,22.0,1
PLY_0473,Rajat Patidar,2022,Pace,4,61,49,124.49,61.0,0
PLY_0473,Rajat Patidar,2022,Spin,5,62,36,172.22,31.0,2
PLY_0473,Rajat Patidar,2024,Pace,6,39,22,177.27,13.0,3
PLY_0473,Rajat Patidar,2024,Spin,9,81,48,168.75,81.0,0
PLY_0473,Rajat Patidar,2025,Pace,8,38,40,95.0,38.0,1
PLY_0473,Rajat Patidar,2025,Spin,5,60,45,133.33,60.0,1
PLY_0475,Ramandeep Singh,2022,Pace,1,0,1,0.0,0.0,1
PLY_0475,Ramandeep Singh,2022,Spin,2,6,8,75.0,6.0,0
PLY_0475,Ramandeep Singh,2024,Pace,4,48,19,252.63,48.0,1
PLY_0475,Ramandeep Singh,2024,Spin,2,12,10,120.0,12.0,0
PLY_0475,Ramandeep Singh,2025,Pace,1,0,1,0.0,0.0,1
PLY_0475,Ramandeep Singh,2025,Spin,3,3,4,75.0,3.0,1
PLY_0478,Rashid Khan,2017,Pace,2,7,3,233.33,7.0,1
PLY_0478,Rashid Khan,2018,Pace,6,46,18,255.56,15.33,3
PLY_0478,Rashid Khan,2019,Pace,1,0,1,0.0,0.0,1
PLY_0478,Rashid Khan,2019,Spin,1,1,1,100.0,1.0,0
PLY_0478,Rashid Khan,2020,Pace,2,4,9,44.44,4.0,0
PLY_0478,Rashid Khan,2020,Spin,1,10,5,200.0,10.0,0
PLY_0478,Rashid Khan,2021,Pace,7,26,25,104.0,6.5,4
PLY_0478,Rashid Khan,2021,Spin,2,6,5,120.0,6.0,1
PLY_0478,Rashid Khan,2022,Pace,3,26,19,136.84,13.0,2
PLY_0478,Rashid Khan,2023,Pace,2,1,2,50.0,0.5,2
PLY_0478,Rashid Khan,2023,Spin,1,2,4,50.0,2.0,0
PLY_0478,Rashid Khan,2024,Pace,4,41,22,186.36,41.0,1
PLY_0478,Rashid Khan,2024,Spin,1,23,17,135.29,23.0,0
PLY_0478,Rashid Khan,2025,Pace,2,4,4,100.0,4.0,0
PLY_0478,Rashid Khan,2025,Spin,1,7,6,116.67,7.0,1
PLY_0479,Rasikh Salam,2024,Pace,1,1,1,100.0,1.0,1
PLY_0479,Rasikh Salam,2024,Spin,1,1,3,33.33,1.0,0
PLY_0481,Ravi Bishnoi,2020,Pace,1,6,6,100.0,6.0,0
PLY_0481,Ravi Bishnoi,2021,Pace,1,1,3,33.33,1.0,0
PLY_0481,Ravi Bishnoi,2023,Pace,1,0,1,0.0,0.0,0
PLY_0481,Ravi Bishnoi,2023,Spin,1,1,1,100.0,1.0,0
PLY_0481,Ravi Bishnoi,2024,Pace,1,1,1,100.0,1.0,0
PLY_0481,Ravi Bishnoi,2025,Pace,1,7,5,140.0,7.0,0
PLY_0485,Ravindra Jadeja,2015,Pace,5,24,23,104.35,24.0,0
PLY_0485,Ravindra Jadeja,2015,Spin,4,20,24,83.33,20.0,1
PLY_0485,Ravindra Jadeja,2016,Pace,5,27,23,117.39,27.0,0
PLY_0485,Ravindra Jadeja,2016,Spin,5,17,21,80.95,17.0,1
PLY_0485,Ravindra Jadeja,2017,Pace,3,18,13,138.46,18.0,0
PLY_0485,Ravindra Jadeja,2017,Spin,4,26,19,136.84,26.0,0
PLY_0485,Ravindra Jadeja,2018,Pace,4,9,7,128.57,9.0,1
PLY_0485,Ravindra Jadeja,2018,Spin,5,17,17,100.0,17.0,1
PLY_0485,Ravindra Jadeja,2019,Pace,4,22,31,70.97,22.0,0
PLY_0485,Ravindra Jadeja,2019,Spin,3,22,16,137.5,22.0,0
PLY_0485,Ravindra Jadeja,2020,Pace,5,76,32,237.5,76.0,1
PLY_0485,Ravindra Jadeja,2020,Spin,3,12,19,63.16,12.0,0
PLY_0485,Ravindra Jadeja,2021,Pace,8,66,50,132.0,66.0,1
PLY_0485,Ravindra Jadeja,2021,Spin,3,2,8,25.0,2.0,1
PLY_0485,Ravindra Jadeja,2022,Pace,6,38,33,115.15,19.0,2
PLY_0485,Ravindra Jadeja,2022,Spin,3,14,14,100.0,14.0,0
PLY_0485,Ravindra Jadeja,2023,Pace,6,46,29,158.62,46.0,0
PLY_0485,Ravindra Jadeja,2023,Spin,5,21,20,105.0,21.0,0
PLY_0485,Ravindra Jadeja,2024,Pace,10,91,54,168.52,22.75,4
PLY_0485,Ravindra Jadeja,2024,Spin,3,21,15,140.0,21.0,1
PLY_0485,Ravindra Jadeja,2025,Pace,6,51,37,137.84,51.0,1
PLY_0485,Ravindra Jadeja,2025,Spin,4,4,11,36.36,1.33,3
PLY_0493,Rinku Singh,2018,Pace,1,4,2,200.0,4.0,1
PLY_0493,Rinku Singh,2018,Spin,2,18,20,90.0,18.0,1
PLY_0493,Rinku Singh,2019,Pace,2,23,14,164.29,11.5,2
PLY_0493,Rinku Singh,2019,Spin,1,4,7,57.14,4.0,0
PLY_0493,Rinku Singh,2020,Spin,1,5,3,166.67,5.0,1
PLY_0493,Rinku Singh,2022,Pace,5,39,26,150.0,39.0,1
PLY_0493,Rinku Singh,2022,Spin,6,14,15,93.33,14.0,1
PLY_0493,Rinku Singh,2023,Pace,7,106,61,173.77,106.0,1
PLY_0493,Rinku Singh,2023,Spin,10,66,53,124.53,33.0,2
PLY_0493,Rinku Singh,2024,Pace,5,35,20,175.0,17.5,2
PLY_0493,Rinku Singh,2024,Spin,4,20,17,117.65,20.0,1
PLY_0493,Rinku Singh,2025,Pace,2,19,11,172.73,19.0,0
PLY_0493,Rinku Singh,2025,Spin,5,75,45,166.67,75.0,1
PLY_0495,Rishabh Pant,2016,Pace,5,20,17,117.65,10.0,2
PLY_0495,Rishabh Pant,2016,Spin,5,16,18,88.89,8.0,2
PLY_0495,Rishabh Pant,2017,Pace,5,12,16,75.0,4.0,3
PLY_0495,Rishabh Pant,2017,Spin,9,75,48,156.25,37.5,2
PLY_0495,Rishabh Pant,2018,Pace,11,136,81,167.9,136.0,1
PLY_0495,Rishabh Pant,2018,Spin,9,133,91,146.15,66.5,2
PLY_0495,Rishabh Pant,2019,Pace,11,75,50,150.0,18.75,4
PLY_0495,Rishabh Pant,2019,Spin,11,137,90,152.22,68.5,2
PLY_0495,Rishabh Pant,2020,Pace,10,88,61,144.26,22.0,4
PLY_0495,Rishabh Pant,2020,Spin,8,45,61,73.77,22.5,2
PLY_0495,Rishabh Pant,2021,Pace,9,75,47,159.57,75.0,1
PLY_0495,Rishabh Pant,2021,Spin,8,56,50,112.0,56.0,1
PLY_0495,Rishabh Pant,2022,Pace,8,25,26,96.15,6.25,4
PLY_0495,Rishabh Pant,2022,Spin,7,67,47,142.55,67.0,1
PLY_0495,Rishabh Pant,2024,Pace,7,129,61,211.48,129.0,1
PLY_0495,Rishabh Pant,2024,Spin,10,107,85,125.88,107.0,1
PLY_0495,Rishabh Pant,2025,Pace,7,48,50,96.0,24.0,2
PLY_0495,Rishabh Pant,2025,Spin,4,29,36,80.56,29.0,1
PLY_0497,Riyan Parag,2019,Pace,2,27,16,168.75,27.0,1
PLY_0497,Riyan Parag,2019,Spin,3,38,40,95.0,38.0,0
PLY_0497,Riyan Parag,2020,Pace,4,36,27,133.33,36.0,0
PLY_0497,Riyan Parag,2020,Spin,3,13,13,100.0,13.0,0
PLY_0497,Riyan Parag,2021,Pace,5,18,12,150.0,18.0,1
PLY_0497,Riyan Parag,2021,Spin,5,14,17,82.35,14.0,1
PLY_0497,Riyan Parag,2022,Pace,8,31,23,134.78,31.0,1
PLY_0497,Riyan Parag,2022,Spin,6,20,17,117.65,10.0,2
PLY_0497,Riyan Parag,2023,Pace,5,22,19,115.79,22.0,1
PLY_0497,Riyan Parag,2023,Spin,4,12,17,70.59,6.0,2
PLY_0497,Riyan Parag,2024,Pace,8,114,66,172.73,38.0,3
PLY_0497,Riyan Parag,2024,Spin,10,151,110,137.27,75.5,2
PLY_0497,Riyan Parag,2025,Pace,5,72,41,175.61,36.0,2
PLY_0497,Riyan Parag,2025,Spin,6,75,56,133.93,37.5,2
PLY_0499,Robin Minz,2025,Pace,1,2,3,66.67,2.0,0
PLY_0499,Robin Minz,2025,Spin,2,4,12,33.33,2.0,2
PLY_0505,Rohit Sharma,2015,Pace,7,68,44,154.55,17.0,4
PLY_0505,Rohit Sharma,2015,Spin,9,134,102,131.37,67.0,2
PLY_0505,Rohit Sharma,2016,Pace,5,59,40,147.5,59.0,1
PLY_0505,Rohit Sharma,2016,Spin,6,68,69,98.55,34.0,2
PLY_0505,Rohit Sharma,2017,Pace,1,27,16,168.75,27.0,0
PLY_0505,Rohit Sharma,2017,Spin,13,93,87,106.9,15.5,6
PLY_0505,Rohit Sharma,2018,Pace,6,36,33,109.09,36.0,1
PLY_0505,Rohit Sharma,2018,Spin,6,58,51,113.73,58.0,1
PLY_0505,Rohit Sharma,2019,Pace,7,64,50,128.0,64.0,0
PLY_0505,Rohit Sharma,2019,Spin,10,79,61,129.51,26.33,3
PLY_0505,Rohit Sharma,2020,Pace,6,61,47,129.79,12.2,5
PLY_0505,Rohit Sharma,2020,Spin,8,79,75,105.33,15.8,5
PLY_0505,Rohit Sharma,2021,Pace,9,50,42,119.05,50.0,1
PLY_0505,Rohit Sharma,2021,Spin,7,48,42,114.29,12.0,4
PLY_0505,Rohit Sharma,2022,Pace,9,76,50,152.0,25.33,3
PLY_0505,Rohit Sharma,2022,Spin,5,26,27,96.3,6.5,4
PLY_0505,Rohit Sharma,2023,Pace,9,93,65,143.08,46.5,2
PLY_0505,Rohit Sharma,2023,Spin,5,47,34,138.24,23.5,2
PLY_0505,Rohit Sharma,2024,Pace,7,62,39,158.97,62.0,1
PLY_0505,Rohit Sharma,2024,Spin,7,63,48,131.25,15.75,4
PLY_0505,Rohit Sharma,2025,Pace,9,52,45,115.56,13.0,4
PLY_0505,Rohit Sharma,2025,Spin,2,82,54,151.85,82.0,0
PLY_0506,Romario Shepherd,2022,Pace,2,7,8,87.5,7.0,0
PLY_0506,Romario Shepherd,2022,Spin,1,6,8,75.0,6.0,0
PLY_0506,Romario Shepherd,2025,Pace,1,0,1,0.0,0.0,1
PLY_0509,Rovman Powell,2022,Pace,5,56,35,160.0,18.67,3
PLY_0509,Rovman Powell,2022,Spin,6,17,23,73.91,8.5,2
PLY_0509,Rovman Powell,2023,Spin,3,0,5,0.0,0.0,3
PLY_0509,Rovman Powell,2024,Pace,5,24,15,160.0,8.0,3
PLY_0509,Rovman Powell,2024,Spin,3,20,14,142.86,20.0,1
PLY_0510,Ruturaj Gaikwad,2020,Pace,1,10,5,200.0,10.0,0
PLY_0510,Ruturaj Gaikwad,2020,Spin,4,50,50,100.0,50.0,0
PLY_0510,Ruturaj Gaikwad,2021,Pace,14,167,128,130.47,41.75,4
PLY_0510,Ruturaj Gaikwad,2021,Spin,7,97,55,176.36,48.5,2
PLY_0510,Ruturaj Gaikwad,2022,Pace,6,99,71,139.44,49.5,2
PLY_0510,Ruturaj Gaikwad,2022,Spin,5,38,48,79.17,19.0,2
PLY_0510,Ruturaj Gaikwad,2023,Pace,9,88,65,135.38,29.33,3
PLY_0510,Ruturaj Gaikwad,2023,Spin,11,156,90,173.33,31.2,5
PLY_0510,Ruturaj Gaikwad,2024,Pace,11,138,97,142.27,69.0,2
PLY_0510,Ruturaj Gaikwad,2024,Spin,7,62,50,124.0,62.0,1
PLY_0510,Ruturaj Gaikwad,2025,Pace,2,17,9,188.89,17.0,0
PLY_0514,Ryan Rickelton,2025,Pace,8,78,53,147.17,39.0,2
PLY_0514,Ryan Rickelton,2025,Spin,5,45,31,145.16,15.0,3
PLY_0525,Sameer Rizvi,2024,Pace,3,6,7,85.71,3.0,2
PLY_0525,Sameer Rizvi,2024,Spin,1,14,4,350.0,14.0,0
PLY_0525,Sameer Rizvi,2025,Pace,3,16,12,133.33,16.0,0
PLY_0525,Sameer Rizvi,2025,Spin,1,10,6,166.67,10.0,0
PLY_0530,Sandeep Sharma,2015,Pace,1,1,4,25.0,1.0,0
PLY_0530,Sandeep Sharma,2016,Pace,1,1,1,100.0,1.0,0
PLY_0530,Sandeep Sharma,2017,Pace,1,2,2,100.0,2.0,0
PLY_0530,Sandeep Sharma,2020,Pace,3,1,4,25.0,1.0,1
PLY_0530,Sandeep Sharma,2021,Pace,1,0,1,0.0,0.0,0
PLY_0530,Sandeep Sharma,2023,Pace,1,2,2,100.0,2.0,0
PLY_0530,Sandeep Sharma,2025,Pace,1,3,3,100.0,3.0,0
PLY_0530,Sandeep Sharma,2025,Spin,1,3,2,150.0,3.0,0
PLY_0532,Sanju Samson,2015,Pace,5,40,27,148.15,10.0,4
PLY_0532,Sanju Samson,2015,Spin,2,24,21,114.29,24.0,0
PLY_0532,Sanju Samson,2016,Pace,8,51,55,92.73,51.0,0
PLY_0532,Sanju Samson,2016,Spin,9,57,44,129.55,19.0,3
PLY_0532,Sanju Samson,2017,Pace,5,54,53,101.89,13.5,4
PLY_0532,Sanju Samson,2017,Spin,6,93,74,125.68,46.5,2
PLY_0532,Sanju Samson,2018,Pace,8,29,35,82.86,9.67,3
PLY_0532,Sanju Samson,2018,Spin,10,103,82,125.61,51.5,2
PLY_0532,Sanju Samson,2019,Pace,6,67,35,191.43,67.0,1
PLY_0532,Sanju Samson,2019,Spin,6,46,47,97.87,15.33,3
PLY_0532,Sanju Samson,2020,Pace,7,67,48,139.58,33.5,2
PLY_0532,Sanju Samson,2020,Spin,7,109,71,153.52,54.5,2
PLY_0532,Sanju Samson,2021,Pace,9,80,71,112.68,40.0,2
PLY_0532,Sanju Samson,2021,Spin,7,62,57,108.77,31.0,2
PLY_0532,Sanju Samson,2022,Pace,9,75,58,129.31,18.75,4
PLY_0532,Sanju Samson,2022,Spin,9,105,63,166.67,105.0,1
PLY_0532,Sanju Samson,2023,Pace,8,66,45,146.67,33.0,2
PLY_0532,Sanju Samson,2023,Spin,9,68,44,154.55,22.67,3
PLY_0532,Sanju Samson,2024,Pace,11,147,86,170.93,49.0,3
PLY_0532,Sanju Samson,2024,Spin,7,84,66,127.27,84.0,0
PLY_0532,Sanju Samson,2025,Pace,4,50,34,147.06,50.0,1
PLY_0532,Sanju Samson,2025,Spin,4,46,33,139.39,23.0,2
PLY_0534,Sarfaraz Khan,2015,Pace,3,23,15,153.33,23.0,1
PLY_0534,Sarfaraz Khan,2015,Spin,4,25,14,178.57,25.0,1
PLY_0534,Sarfaraz Khan,2016,Pace,2,34,13,261.54,34.0,1
PLY_0534,Sarfaraz Khan,2018,Pace,2,7,5,140.0,7.0,0
PLY_0534,Sarfaraz Khan,2018,Spin,3,2,5,40.0,2.0,1
PLY_0534,Sarfaraz Khan,2019,Pace,3,27,17,158.82,13.5,2
PLY_0534,Sarfaraz Khan,2019,Spin,3,31,40,77.5,31.0,0
PLY_0534,Sarfaraz Khan,2020,Pace,2,4,7,57.14,4.0,0
PLY_0534,Sarfaraz Khan,2020,Spin,1,2,7,28.57,2.0,1
PLY_0534,Sarfaraz Khan,2022,Pace,4,26,15,173.33,26.0,1
PLY_0534,Sarfaraz Khan,2022,Spin,2,9,7,128.57,9.0,1
PLY_0534,Sarfaraz Khan,2023,Pace,3,10,7,142.86,10.0,1
PLY_0534,Sarfaraz Khan,2023,Spin,2,8,9,88.89,4.0,2
PLY_0541,Shahbaz Ahmed,2021,Pace,5,18,13,138.46,18.0,0
PLY_0541,Shahbaz Ahmed,2021,Spin,2,8,7,114.29,8.0,1
PLY_0541,Shahbaz Ahmed,2022,Pace,7,79,45,175.56,79.0,1
PLY_0541,Shahbaz Ahmed,2022,Spin,6,35,30,116.67,35.0,1
PLY_0541,Shahbaz Ahmed,2023,Pace,1,1,1,100.0,1.0,0
PLY_0541,Shahbaz Ahmed,2023,Spin,3,8,7,114.29,8.0,1
PLY_0541,Shahbaz Ahmed,2024,Pace,9,61,48,127.08,20.33,3
PLY_0541,Shahbaz Ahmed,2024,Spin,5,37,29,127.59,37.0,0
PLY_0541,Shahbaz Ahmed,2025,Pace,1,3,3,100.0,3.0,0
PLY_0541,Shahbaz Ahmed,2025,Spin,1,1,2,50.0,1.0,0
PLY_0555,Shardul Thakur,2015,Spin,1,2,3,66.67,2.0,0
PLY_0555,Shardul Thakur,2019,Pace,1,1,1,100.0,1.0,0
PLY_0555,Shardul Thakur,2020,Pace,1,2,4,50.0,2.0,0
PLY_0555,Shardul Thakur,2021,Pace,1,1,1,100.0,1.0,0
PLY_0555,Shardul Thakur,2021,Spin,1,3,2,150.0,3.0,0
PLY_0555,Shardul Thakur,2022,Pace,6,30,21,142.86,10.0,3
PLY_0555,Shardul Thakur,2022,Spin,3,5,9,55.56,5.0,1
PLY_0555,Shardul Thakur,2023,Pace,4,30,19,157.89,10.0,3
PLY_0555,Shardul Thakur,2023,Spin,3,3,5,60.0,3.0,1
PLY_0555,Shardul Thakur,2024,Pace,1,2,3,66.67,2.0,0
PLY_0555,Shardul Thakur,2024,Spin,1,1,1,100.0,1.0,0
PLY_0555,Shardul Thakur,2025,Pace,1,3,3,100.0,3.0,0
PLY_0555,Shardul Thakur,2025,Spin,1,0,2,0.0,0.0,1
PLY_0562,Sherfane Rutherford,2019,Pace,2,10,10,100.0,10.0,1
PLY_0562,Sherfane Rutherford,2019,Spin,6,17,20,85.0,5.67,3
PLY_0562,Sherfane Rutherford,2022,Pace,2,3,5,60.0,3.0,0
PLY_0562,Sherfane Rutherford,2022,Spin,2,8,16,50.0,8.0,0
PLY_0562,Sherfane Rutherford,2025,Pace,8,63,39,161.54,21.0,3
PLY_0562,Sherfane Rutherford,2025,Spin,3,35,23,152.17,35.0,0
PLY_0564,Shimron Hetmyer,2019,Pace,3,19,16,118.75,19.0,1
PLY_0564,Shimron Hetmyer,2019,Spin,3,32,21,152.38,10.67,3
PLY_0564,Shimron Hetmyer,2020,Pace,8,66,43,153.49,33.0,2
PLY_0564,Shimron Hetmyer,2020,Spin,4,11,7,157.14,11.0,1
PLY_0564,Shimron Hetmyer,2021,Pace,7,65,36,180.56,21.67,3
PLY_0564,Shimron Hetmyer,2021,Spin,3,3,5,60.0,3.0,0
PLY_0564,Shimron Hetmyer,2022,Pace,8,132,65,203.08,66.0,2
PLY_0564,Shimron Hetmyer,2022,Spin,6,14,22,63.64,14.0,0
PLY_0564,Shimron Hetmyer,2023,Pace,10,58,42,138.1,29.0,2
PLY_0564,Shimron Hetmyer,2023,Spin,3,30,24,125.0,30.0,1
PLY_0564,Shimron Hetmyer,2024,Pace,6,53,26,203.85,26.5,2
PLY_0564,Shimron Hetmyer,2024,Spin,2,1,4,25.0,1.0,1
PLY_0564,Shimron Hetmyer,2025,Pace,7,39,31,125.81,7.8,5
PLY_0564,Shimron Hetmyer,2025,Spin,5,85,45,188.89,85.0,0
PLY_0565,Shivam Dube,2019,Pace,2,6,5,120.0,6.0,0
PLY_0565,Shivam Dube,2019,Spin,2,14,13,107.69,7.0,2
PLY_0565,Shivam Dube,2020,Pace,4,17,20,85.0,8.5,2
PLY_0565,Shivam Dube,2020,Spin,3,23,16,143.75,23.0,0
PLY_0565,Shivam Dube,2021,Pace,8,19,32,59.38,4.75,4
PLY_0565,Shivam Dube,2021,Spin,6,37,32,115.62,37.0,1
PLY_0565,Shivam Dube,2022,Pace,6,16,16,100.0,5.33,3
PLY_0565,Shivam Dube,2022,Spin,6,21,20,105.0,21.0,0
PLY_0565,Shivam Dube,2023,Pace,7,41,32,128.12,20.5,2
PLY_0565,Shivam Dube,2023,Spin,9,82,52,157.69,27.33,3
PLY_0565,Shivam Dube,2024,Pace,8,112,62,180.65,56.0,2
PLY_0565,Shivam Dube,2024,Spin,7,53,28,189.29,26.5,2
PLY_0565,Shivam Dube,2025,Pace,6,33,35,94.29,16.5,2
PLY_0565,Shivam Dube,2025,Spin,5,29,29,100.0,29.0,0
PLY_0566,Shivam Mavi,2018,Pace,1,1,2,50.0,1.0,0
PLY_0566,Shivam Mavi,2018,Spin,2,3,5,60.0,3.0,1
PLY_0566,Shivam Mavi,2020,Pace,1,0,1,0.0,0.0,1
PLY_0566,Shivam Mavi,2021,Pace,1,18,9,200.0,18.0,1
PLY_0566,Shivam Mavi,2022,Pace,1,1,1,100.0,1.0,0
PLY_0566,Shivam Mavi,2022,Spin,2,1,4,25.0,1.0,1
PLY_0576,Shreyas Gopal,2018,Pace,1,9,8,112.5,9.0,1
PLY_0576,Shreyas Gopal,2018,Spin,3,16,16,100.0,16.0,0
PLY_0576,Shreyas Gopal,2019,Pace,3,12,11,109.09,6.0,2
PLY_0576,Shreyas Gopal,2019,Spin,2,10,15,66.67,10.0,1
PLY_0576,Shreyas Gopal,2020,Pace,2,4,6,66.67,4.0,1
PLY_0576,Shreyas Gopal,2020,Spin,2,14,10,140.0,14.0,1
PLY_0576,Shreyas Gopal,2021,Pace,1,0,1,0.0,0.0,1
PLY_0576,Shreyas Gopal,2022,Spin,1,0,2,0.0,0.0,0
PLY_0577,Shreyas Iyer,2015,Pace,9,71,66,107.58,35.5,2
PLY_0577,Shreyas Iyer,2015,Spin,6,78,57,136.84,39.0,2
PLY_0577,Shreyas Iyer,2016,Pace,4,3,7,42.86,1.0,3
PLY_0577,Shreyas Iyer,2017,Pace,5,31,28,110.71,10.33,3
PLY_0577,Shreyas Iyer,2017,Spin,6,71,53,133.96,71.0,1
PLY_0577,Shreyas Iyer,2018,Pace,8,95,60,158.33,47.5,2
PLY_0577,Shreyas Iyer,2018,Spin,9,102,67,152.24,34.0,3
PLY_0577,Shreyas Iyer,2019,Pace,8,60,57,105.26,15.0,4
PLY_0577,Shreyas Iyer,2019,Spin,12,125,118,105.93,20.83,6
PLY_0577,Shreyas Iyer,2020,Pace,14,86,81,106.17,28.67,3
PLY_0577,Shreyas Iyer,2020,Spin,11,53,54,98.15,26.5,2
PLY_0577,Shreyas Iyer,2021,Pace,5,52,43,120.93,52.0,1
PLY_0577,Shreyas Iyer,2021,Spin,3,16,16,100.0,16.0,1
PLY_0577,Shreyas Iyer,2022,Pace,9,61,52,117.31,30.5,2
PLY_0577,Shreyas Iyer,2022,Spin,7,117,83,140.96,58.5,2
PLY_0577,Shreyas Iyer,2024,Pace,8,49,42,116.67,16.33,3
PLY_0577,Shreyas Iyer,2024,Spin,4,52,38,136.84,52.0,0
PLY_0577,Shreyas Iyer,2025,Pace,9,123,67,183.58,123.0,0
PLY_0577,Shreyas Iyer,2025,Spin,5,83,51,162.75,83.0,1
PLY_0579,Shubham Dubey,2024,Pace,2,2,2,100.0,2.0,0
PLY_0579,Shubham Dubey,2024,Spin,2,3,5,60.0,3.0,0
PLY_0579,Shubham Dubey,2025,Pace,6,22,15,146.67,22.0,0
PLY_0579,Shubham Dubey,2025,Spin,3,14,9,155.56,14.0,1
PLY_0580,Shubman Gill,2018,Pace,6,20,19,105.26,20.0,1
PLY_0580,Shubman Gill,2018,Spin,5,54,39,138.46,54.0,0
PLY_0580,Shubman Gill,2019,Pace,5,20,20,100.0,20.0,0
PLY_0580,Shubman Gill,2019,Spin,7,61,44,138.64,61.0,1
PLY_0580,Shubman Gill,2020,Pace,7,58,52,111.54,58.0,0
PLY_0580,Shubman Gill,2020,Spin,9,95,72,131.94,47.5,2
PLY_0580,Shubman Gill,2021,Pace,12,91,77,118.18,22.75,4
PLY_0580,Shubman Gill,2021,Spin,6,73,71,102.82,73.0,1
PLY_0580,Shubman Gill,2022,Pace,12,87,78,111.54,21.75,4
PLY_0580,Shubman Gill,2022,Spin,6,91,51,178.43,45.5,2
PLY_0580,Shubman Gill,2023,Pace,8,126,84,150.0,63.0,2
PLY_0580,Shubman Gill,2023,Spin,10,142,87,163.22,47.33,3
PLY_0580,Shubman Gill,2024,Pace,6,48,39,123.08,48.0,1
PLY_0580,Shubman Gill,2024,Spin,4,49,34,144.12,49.0,1
PLY_0580,Shubman Gill,2025,Pace,9,103,67,153.73,20.6,5
PLY_0580,Shubman Gill,2025,Spin,5,76,46,165.22,76.0,0
PLY_0591,Spencer Johnson,2024,Pace,1,1,1,100.0,1.0,0
PLY_0601,Sumit Kumar,2024,Pace,1,0,3,0.0,0.0,1
PLY_0601,Sumit Kumar,2024,Spin,2,15,12,125.0,15.0,1
PLY_0604,Sunil Narine,2016,Pace,2,3,6,50.0,3.0,0
PLY_0604,Sunil Narine,2017,Pace,5,32,27,118.52,10.67,3
PLY_0604,Sunil Narine,2017,Spin,2,2,3,66.67,2.0,0
PLY_0604,Sunil Narine,2018,Pace,4,43,20,215.0,43.0,0
PLY_0604,Sunil Narine,2018,Spin,5,64,31,206.45,21.33,3
PLY_0604,Sunil Narine,2019,Pace,1,4,2,200.0,4.0,0
PLY_0604,Sunil Narine,2019,Spin,3,12,13,92.31,6.0,2
PLY_0604,Sunil Narine,2020,Pace,2,14,7,200.0,14.0,0
PLY_0604,Sunil Narine,2020,Spin,1,32,11,290.91,32.0,0
PLY_0604,Sunil Narine,2021,Pace,4,4,8,50.0,2.0,2
PLY_0604,Sunil Narine,2021,Spin,1,0,1,0.0,0.0,1
PLY_0604,Sunil Narine,2022,Pace,5,20,9,222.22,10.0,2
PLY_0604,Sunil Narine,2022,Spin,4,26,14,185.71,13.0,2
PLY_0604,Sunil Narine,2023,Pace,5,12,11,109.09,4.0,3
PLY_0604,Sunil Narine,2023,Spin,2,4,5,80.0,4.0,1
PLY_0604,Sunil Narine,2024,Pace,10,75,63,119.05,37.5,2
PLY_0604,Sunil Narine,2024,Spin,5,64,34,188.24,21.33,3
PLY_0604,Sunil Narine,2025,Pace,3,28,21,133.33,28.0,1
PLY_0604,Sunil Narine,2025,Spin,3,39,21,185.71,13.0,3
PLY_0610,Suryakumar Yadav,2015,Pace,5,32,17,188.24,16.0,2
PLY_0610,Suryakumar Yadav,2015,Spin,4,28,30,93.33,28.0,0
PLY_0610,Suryakumar Yadav,2016,Pace,5,24,11,218.18,24.0,0
PLY_0610,Suryakumar Yadav,2016,Spin,5,35,24,145.83,35.0,0
PLY_0610,Suryakumar Yadav,2017,Pace,2,2,3,66.67,2.0,1
PLY_0610,Suryakumar Yadav,2017,Spin,2,14,10,140.0,14.0,0
PLY_0610,Suryakumar Yadav,2018,Pace,6,40,41,97.56,20.0,2
PLY_0610,Suryakumar Yadav,2018,Spin,9,100,85,117.65,50.0,2
PLY_0610,Suryakumar Yadav,2019,Pace,7,73,52,140.38,24.33,3
PLY_0610,Suryakumar Yadav,2019,Spin,9,114,101,112.87,114.0,1
PLY_0610,Suryakumar Yadav,2020,Pace,8,72,56,128.57,72.0,0
PLY_0610,Suryakumar Yadav,2020,Spin,11,149,108,137.96,149.0,1
PLY_0610,Suryakumar Yadav,2021,Pace,8,53,36,147.22,17.67,3
PLY_0610,Suryakumar Yadav,2021,Spin,10,78,55,141.82,19.5,4
PLY_0610,Suryakumar Yadav,2022,Pace,7,62,33,187.88,62.0,0
PLY_0610,Suryakumar Yadav,2022,Spin,7,65,45,144.44,65.0,1
PLY_0610,Suryakumar Yadav,2023,Pace,10,82,42,195.24,27.33,3
PLY_0610,Suryakumar Yadav,2023,Spin,9,116,83,139.76,58.0,2
PLY_0610,Suryakumar Yadav,2024,Pace,7,59,41,143.9,19.67,3
PLY_0610,Suryakumar Yadav,2024,Spin,3,32,22,145.45,32.0,0
PLY_0610,Suryakumar Yadav,2025,Pace,8,120,68,176.47,30.0,4
PLY_0610,Suryakumar Yadav,2025,Spin,10,212,132,160.61,53.0,4
PLY_0611,Suryansh Shedge,2025,Pace,1,0,1,0.0,0.0,1
PLY_0611,Suryansh Shedge,2025,Spin,1,0,1,0.0,0.0,1
PLY_0614,Swapnil Singh,2016,Pace,1,0,1,0.0,0.0,1
PLY_0614,Swapnil Singh,2017,Spin,2,7,9,77.78,7.0,0
PLY_0614,Swapnil Singh,2022,Pace,2,9,6,150.0,9.0,1
PLY_0614,Swapnil Singh,2023,Pace,1,0,1,0.0,0.0,1
PLY_0614,Swapnil Singh,2023,Spin,2,2,4,50.0,2.0,0
PLY_0614,Swapnil Singh,2024,Pace,10,83,49,169.39,27.67,3
PLY_0614,Swapnil Singh,2024,Spin,9,75,58,129.31,37.5,2
PLY_0614,Swapnil Singh,2025,Pace,9,72,41,175.61,36.0,2
PLY_0614,Swapnil Singh,2025,Spin,4,84,46,182.61,84.0,1
PLY_0616,T Natarajan,2020,Pace,1,0,1,0.0,0.0,0
PLY_0625,Tilak Varma,2022,Pace,10,56,54,103.7,18.67,3
PLY_0625,Tilak Varma,2022,Spin,10,79,55,143.64,79.0,1
PLY_0625,Tilak Varma,2023,Pace,7,66,27,244.44,22.0,3
PLY_0625,Tilak Varma,2023,Spin,8,56,40,140.0,18.67,3
PLY_0625,Tilak Varma,2024,Pace,10,94,68,138.24,47.0,2
PLY_0625,Tilak Varma,2024,Spin,10,113,71,159.15,113.0,0
PLY_0625,Tilak Varma,2025,Pace,8,58,35,165.71,11.6,5
PLY_0625,Tilak Varma,2025,Spin,8,94,78,120.51,47.0,2
PLY_0627,Tim David,2021,Pace,1,1,1,100.0,1.0,0
PLY_0627,Tim David,2022,Pace,3,60,23,260.87,60.0,1
PLY_0627,Tim David,2022,Spin,4,8,12,66.67,8.0,0
PLY_0627,Tim David,2023,Pace,6,52,29,179.31,52.0,0
PLY_0627,Tim David,2023,Spin,6,15,18,83.33,5.0,3
PLY_0627,Tim David,2024,Pace,8,87,49,177.55,21.75,4
PLY_0627,Tim David,2024,Spin,5,12,15,80.0,12.0,0
PLY_0627,Tim David,2025,Pace,6,72,29,248.28,72.0,1
PLY_0627,Tim David,2025,Spin,3,33,21,157.14,33.0,0
PLY_0629,Tim Seifert,2021,Pace,1,1,1,100.0,1.0,0
PLY_0629,Tim Seifert,2022,Pace,1,9,6,150.0,9.0,0
PLY_0632,Tom Banton,2020,Pace,2,3,9,33.33,3.0,1
PLY_0636,Travis Head,2016,Pace,2,20,13,153.85,10.0,2
PLY_0636,Travis Head,2016,Spin,1,2,3,66.67,2.0,0
PLY_0636,Travis Head,2017,Pace,1,2,2,100.0,2.0,0
PLY_0636,Travis Head,2017,Spin,3,42,29,144.83,42.0,1
PLY_0636,Travis Head,2024,Pace,7,78,49,159.18,19.5,4
PLY_0636,Travis Head,2024,Spin,8,44,45,97.78,14.67,3
PLY_0636,Travis Head,2025,Pace,9,106,64,165.62,26.5,4
PLY_0636,Travis Head,2025,Spin,3,16,16,100.0,16.0,1
PLY_0637,Trent Boult,2018,Spin,1,0,2,0.0,0.0,1
PLY_0637,Trent Boult,2019,Pace,1,1,1,100.0,1.0,0
PLY_0637,Trent Boult,2019,Spin,1,6,3,200.0,6.0,1
PLY_0637,Trent Boult,2021,Pace,1,1,1,100.0,1.0,0
PLY_0637,Trent Boult,2022,Pace,2,20,12,166.67,20.0,0
PLY_0637,Trent Boult,2022,Spin,2,9,5,180.0,9.0,1
PLY_0637,Trent Boult,2023,Spin,1,14,9,155.56,14.0,0
PLY_0637,Trent Boult,2024,Pace,2,1,4,25.0,1.0,0
PLY_0637,Trent Boult,2024,Spin,1,0,1,0.0,0.0,0
PLY_0638,Tristan Stubbs,2022,Pace,2,2,4,50.0,2.0,1
PLY_0638,Tristan Stubbs,2023,Spin,1,2,3,66.67,2.0,0
PLY_0638,Tristan Stubbs,2024,Pace,10,106,60,176.67,106.0,1
PLY_0638,Tristan Stubbs,2024,Spin,10,84,39,215.38,84.0,0
PLY_0638,Tristan Stubbs,2025,Pace,11,77,48,160.42,25.67,3
PLY_0638,Tristan Stubbs,2025,Spin,4,32,19,168.42,32.0,1
PLY_0639,Tushar Deshpande,2020,Pace,1,7,5,140.0,7.0,0
PLY_0639,Tushar Deshpande,2025,Spin,1,3,3,100.0,3.0,1
PLY_0645,Umran Malik,2022,Pace,1,0,1,0.0,0.0,0
PLY_0647,Urvil Patel,2025,Pace,2,11,10,110.0,11.0,1
PLY_0647,Urvil Patel,2025,Spin,1,17,7,242.86,17.0,1
PLY_0651,Vaibhav Arora,2022,Pace,2,1,3,33.33,1.0,1
PLY_0651,Vaibhav Arora,2023,Pace,1,2,1,200.0,2.0,0
PLY_0651,Vaibhav Arora,2025,Pace,1,0,6,0.0,0.0,1
PLY_0652,Vaibhav Suryavanshi,2025,Pace,4,57,31,183.87,28.5,2
PLY_0652,Vaibhav Suryavanshi,2025,Spin,3,77,39,197.44,77.0,1
PLY_0655,Venkatesh Iyer,2021,Pace,7,47,52,90.38,47.0,1
PLY_0655,Venkatesh Iyer,2021,Spin,4,58,46,126.09,58.0,1
PLY_0655,Venkatesh Iyer,2022,Pace,8,27,36,75.0,9.0,3
PLY_0655,Venkatesh Iyer,2022,Spin,3,10,12,83.33,5.0,2
PLY_0655,Venkatesh Iyer,2023,Pace,7,42,33,127.27,42.0,1
PLY_0655,Venkatesh Iyer,2023,Spin,4,51,42,121.43,51.0,0
PLY_0655,Venkatesh Iyer,2024,Pace,8,115,59,194.92,57.5,2
PLY_0655,Venkatesh Iyer,2024,Spin,5,27,34,79.41,13.5,2
PLY_0655,Venkatesh Iyer,2025,Pace,2,7,8,87.5,7.0,0
PLY_0655,Venkatesh Iyer,2025,Spin,3,37,33,112.12,18.5,2
PLY_0665,Vipraj Nigam,2025,Pace,4,17,10,170.0,8.5,2
PLY_0665,Vipraj Nigam,2025,Spin,2,29,10,290.0,29.0,0
PLY_0666,Virat Kohli,2015,Pace,8,81,60,135.0,27.0,3
PLY_0666,Virat Kohli,2015,Spin,9,103,66,156.06,103.0,0
PLY_0666,Virat Kohli,2016,Pace,10,150,84,178.57,75.0,2
PLY_0666,Virat Kohli,2016,Spin,11,157,116,135.34,157.0,0
PLY_0666,Virat Kohli,2017,Pace,3,26,18,144.44,26.0,1
PLY_0666,Virat Kohli,2017,Spin,4,54,41,131.71,54.0,0
PLY_0666,Virat Kohli,2018,Pace,7,81,53,152.83,81.0,0
PLY_0666,Virat Kohli,2018,Spin,10,91,85,107.06,22.75,4
PLY_0666,Virat Kohli,2019,Pace,5,73,47,155.32,36.5,2
PLY_0666,Virat Kohli,2019,Spin,8,108,79,136.71,21.6,5
PLY_0666,Virat Kohli,2020,Pace,11,76,57,133.33,19.0,4
PLY_0666,Virat Kohli,2020,Spin,8,110,95,115.79,110.0,1
PLY_0666,Virat Kohli,2021,Pace,11,71,50,142.0,14.2,5
PLY_0666,Virat Kohli,2021,Spin,7,46,43,106.98,46.0,1
PLY_0666,Virat Kohli,2022,Pace,9,59,55,107.27,14.75,4
PLY_0666,Virat Kohli,2022,Spin,5,56,50,112.0,56.0,1
PLY_0666,Virat Kohli,2023,Pace,9,159,92,172.83,39.75,4
PLY_0666,Virat Kohli,2023,Spin,9,114,104,109.62,38.0,3
PLY_0666,Virat Kohli,2024,Pace,11,166,85,195.29,83.0,2
PLY_0666,Virat Kohli,2024,Spin,9,133,100,133.0,133.0,1
PLY_0666,Virat Kohli,2025,Pace,10,88,59,149.15,29.33,3
PLY_0666,Virat Kohli,2025,Spin,6,82,70,117.14,82.0,1
PLY_0669,Vishnu Vinod,2017,Pace,1,6,10,60.0,6.0,1
PLY_0669,Vishnu Vinod,2017,Spin,1,1,2,50.0,1.0,0
PLY_0669,Vishnu Vinod,2023,Pace,3,2,4,50.0,1.0,2
PLY_0669,Vishnu Vinod,2023,Spin,2,8,8,100.0,8.0,0
PLY_0673,Washington Sundar,2017,Pace,1,2,2,100.0,2.0,0
PLY_0673,Washington Sundar,2018,Pace,2,21,7,300.0,21.0,0
PLY_0673,Washington Sundar,2020,Pace,3,11,13,84.62,5.5,2
PLY_0673,Washington Sundar,2020,Spin,4,19,18,105.56,19.0,1
PLY_0673,Washington Sundar,2021,Pace,3,13,13,100.0,13.0,0
PLY_0673,Washington Sundar,2021,Spin,3,3,9,33.33,1.5,2
PLY_0673,Washington Sundar,2022,Pace,5,14,14,100.0,4.67,3
PLY_0673,Washington Sundar,2022,Spin,2,5,6,83.33,5.0,0
PLY_0673,Washington Sundar,2023,Pace,1,9,6,150.0,9.0,0
PLY_0673,Washington Sundar,2023,Spin,2,15,23,65.22,15.0,1
PLY_0673,Washington Sundar,2024,Pace,1,0,1,0.0,0.0,1
PLY_0673,Washington Sundar,2025,Pace,2,5,6,83.33,2.5,2
PLY_0673,Washington Sundar,2025,Spin,1,2,3,66.67,2.0,1
PLY_0678,Will Jacks,2024,Pace,5,47,21,223.81,47.0,1
PLY_0678,Will Jacks,2024,Spin,5,91,58,156.9,45.5,2
PLY_0678,Will Jacks,2025,Pace,6,51,32,159.38,17.0,3
PLY_0678,Will Jacks,2025,Spin,4,32,32,100.0,16.0,2
PLY_0680,Xavier Bartlett,2025,Spin,1,2,3,66.67,2.0,0
PLY_0684,Yashasvi Jaiswal,2020,Spin,1,13,15,86.67,13.0,0
PLY_0684,Yashasvi Jaiswal,2021,Pace,8,53,49,108.16,26.5,2
PLY_0684,Yashasvi Jaiswal,2021,Spin,2,13,9,144.44,13.0,1
PLY_0684,Yashasvi Jaiswal,2022,Pace,7,93,60,155.0,46.5,2
PLY_0684,Yashasvi Jaiswal,2022,Spin,4,16,11,145.45,16.0,0
PLY_0684,Yashasvi Jaiswal,2023,Pace,11,149,82,181.71,37.25,4
PLY_0684,Yashasvi Jaiswal,2023,Spin,6,103,63,163.49,103.0,0
PLY_0684,Yashasvi Jaiswal,2024,Pace,8,121,71,170.42,40.33,3
PLY_0684,Yashasvi Jaiswal,2024,Spin,3,37,18,205.56,37.0,1
PLY_0684,Yashasvi Jaiswal,2025,Pace,8,128,79,162.03,64.0,2
PLY_0684,Yashasvi Jaiswal,2025,Spin,3,41,38,107.89,41.0,1
PLY_0690,Yudhvir Singh,2015,Pace,3,14,13,107.69,7.0,2
PLY_0690,Yudhvir Singh,2015,Spin,5,48,51,94.12,24.0,2
PLY_0690,Yudhvir Singh,2016,Pace,3,54,31,174.19,54.0,0
PLY_0690,Yudhvir Singh,2016,Spin,7,63,50,126.0,31.5,2
PLY_0690,Yudhvir Singh,2017,Pace,2,1,5,20.0,1.0,0
PLY_0690,Yudhvir Singh,2017,Spin,6,33,40,82.5,33.0,1
PLY_0690,Yudhvir Singh,2018,Pace,3,16,7,228.57,16.0,1
PLY_0690,Yudhvir Singh,2018,Spin,2,12,13,92.31,12.0,0
PLY_0690,Yudhvir Singh,2019,Pace,1,2,4,50.0,2.0,0
PLY_0690,Yudhvir Singh,2019,Spin,3,39,21,185.71,39.0,1
PLY_0690,Yudhvir Singh,2023,Pace,1,1,1,100.0,1.0,1
PLY_0690,Yudhvir Singh,2024,Spin,1,1,2,50.0,1.0,0
PLY_0693,Yuzvendra Chahal,2015,Pace,1,1,1,100.0,1.0,0
PLY_0693,Yuzvendra Chahal,2017,Pace,2,4,5,80.0,4.0,0
PLY_0693,Yuzvendra Chahal,2017,Spin,1,2,2,100.0,2.0,0
PLY_0693,Yuzvendra Chahal,2019,Pace,1,1,2,50.0,1.0,1
PLY_0693,Yuzvendra Chahal,2019,Spin,1,4,12,33.33,4.0,1
PLY_0693,Yuzvendra Chahal,2021,Pace,2,4,6,66.67,4.0,0
PLY_0693,Yuzvendra Chahal,2021,Spin,1,0,5,0.0,0.0,0
PLY_0695,Kartik Sharma,2015,Pace,5,18,12,150.0,9.0,2
PLY_0695,Kartik Sharma,2015,Spin,4,28,17,164.71,28.0,0
PLY_0695,Kartik Sharma,2016,Pace,1,2,2,100.0,2.0,0
PLY_0695,Kartik Sharma,2016,Spin,1,2,3,66.67,2.0,0
PLY_0695,Kartik Sharma,2017,Pace,2,19,7,271.43,9.5,2
PLY_0695,Kartik Sharma,2017,Spin,1,7,5,140.0,7.0,0
PLY_0695,Kartik Sharma,2023,Spin,1,3,4,75.0,3.0,0
PLY_0695,Kartik Sharma,2024,Pace,2,9,6,150.0,9.0,1
PLY_0695,Kartik Sharma,2025,Pace,1,1,1,100.0,1.0,0
PLY_0712,Finn Allen,2021,Pace,1,0,1,0.0,0.0,0
PLY_0712,Finn Allen,2021,Spin,1,2,3,66.67,2.0,0
PLY_0712,Finn Allen,2022,Pace,1,0,1,0.0,0.0,1
PLY_0712,Finn Allen,2022,Spin,1,5,3,166.67,5.0,0
PLY_0741,Vijaykumar Vyshak,2023,Pace,2,8,5,160.0,8.0,1
PLY_0741,Vijaykumar Vyshak,2024,Pace,2,1,3,33.33,1.0,1
