player_id,player_name,player_role,runs_scored,balls_faced,fours,sixes,boundaries,batting_avg,batting_sr,dismissals,wickets_taken,overs_bowled,runs_conceded,bowling_avg,economy,form_level
PLY_0001,AB de Villiers,Batter,329,224,24,15,39,36.56,146.88,9,0.0,0.0,0.0,,0.0,Superb
PLY_0003,Aaron Finch,Batter,243,192,17,11,28,20.25,126.56,12,0.0,0.0,0.0,,0.0,Average
PLY_0004,Abdul Basith,Allrounder,0,0,0,0,0,0.0,0.0,0,0.0,0.0,0.0,,0.0,Poor
PLY_0005,Abdul Samad,Batter,203,129,17,11,28,25.38,157.36,8,1.0,8.2,110.0,110.0,13.2,Excellent
PLY_0007,Abhijeet Tomar,Batter,0,0,0,0,0,0.0,0.0,0,0.0,0.0,0.0,,0.0,Poor
PLY_0008,Abhimanyu Mithun,Bowler,0,0,0,0,0,0.0,0.0,0,0.0,0.0,0.0,,0.0,Poor
PLY_0009,Abhinav Manohar,Allrounder,79,69,8,2,10,13.17,114.49,6,0.0,0.0,0.0,,0.0,Poor
PLY_0012,Abhishek Nayar,Allrounder,0,0,0,0,0,0.0,0.0,0,0.0,0.0,0.0,,0.0,Poor
PLY_0014,Abhishek Sharma,Allrounder,450,242,41,31,72,40.91,185.95,11,3.0,11.0,92.0,30.67,8.36,Excellent
PLY_0015,Abishek Porel,Batter,184,135,19,6,25,18.4,136.3,10,0.0,0.0,0.0,,0.0,Average
PLY_0016,Abu Nechim,Bowler,0,0,0,0,0,0.0,0.0,0,0.0,0.0,0.0,,0.0,Poor
PLY_0018,Adam Milne,Bowler,0,1,0,0,0,0.0,0.0,0,1.0,6.0,72.0,72.0,12.0,Poor
PLY_0020,Adam Zampa,Bowler,13,18,1,0,1,3.25,72.22,4,13.0,33.0,276.0,21.23,8.36,Excellent
PLY_0021,Adil Rashid,Bowler,22,16,2,1,3,11.0,137.5,2,2.0,7.0,56.0,28.0,8.0,Poor
PLY_0023,Aditya Tare,Batter,32,39,4,0,4,8.0,82.05,4,0.0,0.0,0.0,,0.0,Poor
PLY_0025,Aiden Blizzard,Batter,0,0,0,0,0,0.0,0.0,0,0.0,0.0,0.0,,0.0,Poor
PLY_0026,Aiden Markram,Batter,345,238,36,10,46,34.5,144.96,10,2.0,13.0,122.0,61.0,9.38,Excellent
PLY_0028,Ajinkya Rahane,Batter,384,268,34,16,50,34.91,143.28,11,0.0,0.0,0.0,,0.0,Excellent
PLY_0031,Akash Deep,Bowler,19,13,2,1,3,6.33,146.15,3,6.0,32.0,370.0,61.67,11.56,Below Average
PLY_0032,Akash Madhwal,Bowler,8,14,0,0,0,8.0,57.14,0,8.0,29.3,306.0,38.25,10.37,Below Average
PLY_0033,Akeal Hosein,Bowler,0,0,0,0,0,0.0,0.0,0,0.0,0.0,0.0,,0.0,Poor
PLY_0034,Akila Dananjaya,Allrounder,0,0,0,0,0,0.0,0.0,0,0.0,0.0,0.0,,0.0,Poor
PLY_0036,Akshdeep Nath,Batter,28,25,5,0,5,14.0,112.0,2,0.0,0.0,0.0,,0.0,Poor
PLY_0037,Albie Morkel,Allrounder,0,0,0,0,0,0.0,0.0,0,0.0,0.0,0.0,,0.0,Poor
PLY_0038,Alex Carey,Batter,14,9,0,0,0,14.0,155.56,0,0.0,0.0,0.0,,0.0,Poor
PLY_0039,Alex Hales,Batter,64,46,7,3,10,21.33,139.13,3,0.0,0.0,0.0,,0.0,Below Average
PLY_0042,Alzarri Joseph,Bowler,26,30,3,0,3,26.0,86.67,0,11.0,27.5,227.0,20.64,8.16,Excellent
PLY_0043,Aman Khan,Allrounder,65,60,3,4,7,21.67,108.33,3,0.0,0.0,0.0,,0.0,Poor
PLY_0044,Ambati Rayudu,Batter,172,155,16,7,23,19.11,110.97,9,0.0,0.0,0.0,,0.0,Below Average
PLY_0045,Amit Mishra,Bowler,80,101,6,1,7,20.0,79.21,4,12.0,40.1,281.0,23.42,7.0,Excellent
PLY_0049,Andre Russell,Allrounder,250,140,20,21,41,25.0,178.57,10,12.0,23.0,239.0,19.92,10.39,Average
PLY_0053,Andrew Tye,Bowler,21,19,1,2,3,10.5,110.53,2,13.0,41.2,405.0,31.15,9.8,Below Average
PLY_0054,Angelo Mathews,Allrounder,77,56,7,3,10,25.67,137.5,3,3.0,17.0,134.0,44.67,7.88,Poor
PLY_0055,Angkrish Raghuvanshi,Batter,223,146,22,9,31,27.88,152.74,8,0.0,0.0,0.0,,0.0,Excellent
PLY_0056,Aniket Choudhary,Bowler,10,8,0,1,1,10.0,125.0,1,5.0,15.0,123.0,24.6,8.2,Below Average
PLY_0057,Aniket Verma,Batter,27,27,3,0,3,9.0,100.0,3,0.0,0.0,0.0,,0.0,Poor
PLY_0061,Ankit Bawne,Batter,0,0,0,0,0,0.0,0.0,0,0.0,0.0,0.0,,0.0,Poor
PLY_0062,Ankit Rajpoot,Bowler,2,5,0,0,0,2.0,40.0,1,5.0,27.2,262.0,52.4,9.59,Below Average
PLY_0063,Ankit Sharma,Bowler,0,1,0,0,0,0.0,0.0,1,2.0,9.0,71.0,35.5,7.89,Poor
PLY_0064,Ankit Soni,Allrounder,0,1,0,0,0,0.0,0.0,1,0.0,9.0,69.0,,7.67,Poor
PLY_0065,Anmolpreet Singh,Batter,74,60,9,2,11,18.5,123.33,4,0.0,0.0,0.0,,0.0,Below Average
PLY_0066,Anrich Nortje,Bowler,17,24,2,0,2,5.67,70.83,3,17.0,47.2,487.0,28.65,10.29,Below Average
PLY_0067,Anshul Kamboj,Allrounder,9,6,1,0,1,9.0,150.0,0,4.0,15.3,148.0,37.0,9.55,Poor
PLY_0068,Anuj Rawat,Batter,139,133,8,7,15,19.86,104.51,7,0.0,0.0,0.0,,0.0,Below Average
PLY_0069,Anukul Roy,Allrounder,26,23,3,0,3,13.0,113.04,2,2.0,12.4,119.0,59.5,9.39,Poor
PLY_0070,Anureet Singh,Bowler,8,8,0,1,1,8.0,100.0,1,9.0,33.1,283.0,31.44,8.53,Average
PLY_0073,Arjun Tendulkar,Bowler,0,0,0,0,0,0.0,0.0,0,0.0,0.0,0.0,,0.0,Poor
PLY_0075,Arshad Khan,Bowler,39,32,2,1,3,19.5,121.88,2,5.0,23.2,250.0,50.0,10.71,Below Average
PLY_0076,Arshdeep Singh,Bowler,15,17,2,0,2,3.75,88.24,4,19.0,47.0,451.0,23.74,9.6,Below Average
PLY_0077,Arshin Atul Kulkarni,Allrounder,9,7,2,0,2,9.0,128.57,1,0.0,0.0,0.0,,0.0,Poor
PLY_0080,Ashish Nehra,Bowler,1,2,0,0,0,1.0,50.0,0,14.0,41.2,316.0,22.57,7.65,Superb
PLY_0081,Ashish Reddy,Allrounder,38,24,3,3,6,19.0,158.33,2,1.0,3.5,44.0,44.0,11.48,Poor
PLY_0083,Ashok Dinda,Bowler,7,7,1,0,1,7.0,100.0,1,3.0,24.4,238.0,79.33,9.65,Below Average
PLY_0085,Ashton Turner,Batter,16,9,0,2,2,16.0,177.78,1,0.0,0.0,0.0,,0.0,Poor
PLY_0086,Ashutosh Sharma,Allrounder,117,74,8,7,15,23.4,158.11,5,0.0,0.0,0.0,,0.0,Below Average
PLY_0087,Atharva Taide,Allrounder,0,0,0,0,0,0.0,0.0,0,0.0,0.0,0.0,,0.0,Poor
PLY_0088,Avesh Khan,Bowler,51,24,5,4,9,51.0,212.5,1,8.0,43.0,474.0,59.25,11.02,Below Average
PLY_0089,Axar Patel,Allrounder,243,157,20,15,35,22.09,154.78,11,5.0,37.0,312.0,62.4,8.43,Excellent
PLY_0090,Ayush Badoni,Batter,428,271,36,17,53,53.5,157.93,8,0.0,1.0,19.0,,19.0,Superb
PLY_0091,Ayush Mhatre,Batter,94,50,9,5,14,47.0,188.0,2,0.0,0.0,0.0,,0.0,Below Average
PLY_0093,Azhar Mahmood,Allrounder,0,0,0,0,0,0.0,0.0,0,0.0,0.0,0.0,,0.0,Poor
PLY_0094,Azmatullah Omarzai,Allrounder,1,2,0,0,0,1.0,50.0,1,6.0,16.0,152.0,25.33,9.5,Below Average
PLY_0095,B Indrajith,Batter,15,22,2,0,2,7.5,68.18,2,0.0,0.0,0.0,,0.0,Poor
PLY_0096,B R Sharath,Batter,2,5,0,0,0,2.0,40.0,1,0.0,0.0,0.0,,0.0,Poor
PLY_0098,Barinder Sran,Bowler,3,3,0,0,0,3.0,100.0,0,5.0,17.3,158.0,31.6,9.03,Below Average
PLY_0099,Basil Thampi,Bowler,16,14,0,1,1,16.0,114.29,0,5.0,37.5,367.0,73.4,9.7,Below Average
PLY_0100,Ben Cutting,Allrounder,81,40,7,6,13,27.0,202.5,3,2.0,19.4,185.0,92.5,9.41,Poor
PLY_0102,Ben Laughlin,Bowler,1,3,0,0,0,1.0,33.33,0,2.0,4.2,40.0,20.0,9.23,Poor
PLY_0104,Ben Stokes,Allrounder,125,117,10,3,13,12.5,106.84,10,4.0,27.0,263.0,65.75,9.74,Poor
PLY_0105,Beuran Hendricks,Bowler,0,0,0,0,0,0.0,0.0,0,3.0,8.1,75.0,25.0,9.18,Below Average
PLY_0106,Bhanuka Rajapaksa,Batter,0,0,0,0,0,0.0,0.0,0,0.0,0.0,0.0,,0.0,Poor
PLY_0109,Bhuvneshwar Kumar,Bowler,57,68,5,0,5,9.5,83.82,6,17.0,48.0,402.0,23.65,8.38,Excellent
PLY_0110,Billy Stanlake,Bowler,5,2,1,0,1,5.0,250.0,0,5.0,16.0,141.0,28.2,8.81,Below Average
PLY_0112,Bipul Sharma,Allrounder,9,9,0,0,0,4.5,100.0,2,5.0,15.0,103.0,20.6,6.87,Below Average
PLY_0116,Brad Hogg,Bowler,0,0,0,0,0,0.0,0.0,0,0.0,0.0,0.0,,0.0,Poor
PLY_0117,Brendon McCullum,Batter,209,171,23,10,33,17.42,122.22,12,0.0,0.0,0.0,,0.0,Average
PLY_0120,Cameron Green,Allrounder,161,118,15,4,19,23.0,136.44,7,4.0,28.2,248.0,62.0,8.75,Average
PLY_0122,Carlos Brathwaite,Allrounder,56,40,3,5,8,9.33,140.0,6,1.0,13.1,126.0,126.0,9.57,Poor
PLY_0127,Chetan Sakariya,Bowler,11,20,2,0,2,5.5,55.0,2,10.0,31.3,279.0,27.9,8.86,Average
PLY_0129,Cheteshwar Pujara,Batter,0,0,0,0,0,0.0,0.0,0,0.0,0.0,0.0,,0.0,Poor
PLY_0130,Chidhambaram Gautam,Batter,4,5,0,0,0,4.0,80.0,1,0.0,0.0,0.0,,0.0,Poor
PLY_0131,Chris Gayle,Allrounder,271,224,24,16,40,24.64,120.98,11,0.0,0.5,5.0,,6.0,Below Average
PLY_0132,Chris Jordan,Bowler,17,16,0,0,0,8.5,106.25,2,7.0,39.2,399.0,57.0,10.14,Below Average
PLY_0133,Chris Lynn,Batter,333,229,35,20,55,30.27,145.41,11,0.0,0.0,0.0,,0.0,Superb
PLY_0134,Chris Morris,Allrounder,120,72,9,7,16,17.14,166.67,7,19.0,44.2,356.0,18.74,8.03,Excellent
PLY_0135,Chris Woakes,Allrounder,23,22,1,1,2,11.5,104.55,2,12.0,26.0,200.0,16.67,7.69,Excellent
PLY_0137,Colin Ingram,Batter,92,92,7,3,10,18.4,100.0,5,0.0,0.0,0.0,,0.0,Below Average
PLY_0138,Colin Munro,Batter,45,44,5,1,6,11.25,102.27,4,0.0,1.0,7.0,,7.0,Poor
PLY_0139,Colin de Grandhomme,Allrounder,148,109,7,9,16,37.0,135.78,4,1.0,16.2,135.0,135.0,8.27,Below Average
PLY_0140,Corbin Bosch,Allrounder,27,22,1,2,3,27.0,122.73,1,0.0,3.0,29.0,,9.67,Poor
PLY_0141,Corey Anderson,Allrounder,140,111,10,8,18,35.0,126.13,4,3.0,11.0,119.0,39.67,10.82,Below Average
PLY_0142,D'Arcy Short,Batter,56,34,4,4,8,14.0,164.71,4,0.0,2.0,9.0,,4.5,Poor
PLY_0143,Dale Steyn,Bowler,1,1,0,0,0,1.0,100.0,0,0.0,4.0,37.0,,9.25,Poor
PLY_0145,Dan Christian,Allrounder,81,69,5,4,9,11.57,117.39,7,7.0,28.3,256.0,36.57,8.98,Below Average
PLY_0147,Daniel Sams,Allrounder,2,13,0,0,0,0.4,15.38,5,5.0,26.1,226.0,45.2,8.64,Below Average
PLY_0149,Darren Bravo,Batter,0,0,0,0,0,0.0,0.0,0,0.0,0.0,0.0,,0.0,Poor
PLY_0151,Darren Sammy,Allrounder,7,9,0,0,0,7.0,77.78,1,0.0,1.0,7.0,,7.0,Poor
PLY_0152,Darshan Nalkande,Bowler,12,11,0,1,1,12.0,109.09,1,5.0,8.0,86.0,17.2,10.75,Below Average
PLY_0153,Daryl Mitchell,Allrounder,154,97,15,5,20,30.8,158.76,5,0.0,4.0,52.0,,13.0,Below Average
PLY_0154,Dasun Shanaka,Allrounder,0,0,0,0,0,0.0,0.0,0,0.0,0.0,0.0,,0.0,Poor
PLY_0156,David Miller,Batter,209,146,18,9,27,29.86,143.15,7,0.0,0.0,0.0,,0.0,Excellent
PLY_0157,David Warner,Batter,322,273,39,4,43,32.2,117.95,10,0.0,0.0,0.0,,0.0,Average
PLY_0158,David Wiese,Allrounder,26,21,2,0,2,26.0,123.81,1,3.0,11.0,91.0,30.33,8.27,Poor
PLY_0159,David Willey,Allrounder,20,22,2,0,2,20.0,90.91,1,5.0,22.0,156.0,31.2,7.09,Below Average
PLY_0161,Dawid Malan,Batter,26,26,1,1,2,26.0,100.0,1,0.0,0.0,0.0,,0.0,Poor
PLY_0163,Deepak Chahar,Bowler,35,30,2,2,4,8.75,116.67,4,7.0,30.4,311.0,44.43,10.14,Below Average
PLY_0164,Deepak Hooda,Allrounder,155,152,12,3,15,12.92,101.97,12,3.0,15.0,116.0,38.67,7.73,Poor
PLY_0165,Devdutt Padikkal,Batter,196,171,18,6,24,16.33,114.62,12,0.0,0.0,0.0,,0.0,Below Average
PLY_0166,Devon Conway,Batter,388,289,39,11,50,35.27,134.26,11,0.0,0.0,0.0,,0.0,Excellent
PLY_0168,Dewald Brevis,Batter,89,57,7,6,13,17.8,156.14,5,1.0,0.3,8.0,8.0,16.0,Below Average
PLY_0169,Dhawal Kulkarni,Bowler,13,12,0,0,0,13.0,108.33,1,4.0,35.4,313.0,78.25,8.78,Below Average
PLY_0170,Dhruv Jurel,Batter,113,77,7,7,14,14.12,146.75,8,0.0,0.0,0.0,,0.0,Below Average
PLY_0171,Dhruv Shorey,Batter,8,9,0,1,1,8.0,88.89,1,0.0,0.0,0.0,,0.0,Poor
PLY_0176,Dinesh Karthik,Batter,0,0,0,0,0,0.0,0.0,0,0.0,0.0,0.0,,0.0,Poor
PLY_0177,Dinesh Salunkhe,Bowler,0,0,0,0,0,0.0,0.0,0,0.0,0.0,0.0,,0.0,Poor
PLY_0179,Dishant Yagnik,Batter,0,0,0,0,0,0.0,0.0,0,0.0,0.0,0.0,,0.0,Poor
PLY_0183,Donovan Ferreira,Allrounder,1,3,0,0,0,1.0,33.33,1,0.0,0.0,0.0,,0.0,Poor
PLY_0186,Dushmantha Chameera,Bowler,0,0,0,0,0,0.0,0.0,0,0.0,0.0,0.0,,0.0,Poor
PLY_0187,Dwaine Pretorius,Allrounder,21,12,1,2,3,10.5,175.0,2,4.0,15.0,140.0,35.0,9.33,Below Average
PLY_0189,Dwayne Bravo,Allrounder,68,61,2,4,6,13.6,111.48,5,11.0,36.1,358.0,32.55,9.9,Poor
PLY_0190,Dwayne Smith,Allrounder,237,198,30,9,39,23.7,119.7,10,1.0,10.0,103.0,103.0,10.3,Below Average
PLY_0191,Eklavya Dwivedi,Batter,0,0,0,0,0,0.0,0.0,0,0.0,0.0,0.0,,0.0,Poor
PLY_0192,Eoin Morgan,Batter,214,148,14,15,29,30.57,144.59,7,0.0,0.0,0.0,,0.0,Excellent
PLY_0193,Evin Lewis,Batter,158,128,16,7,23,15.8,123.44,10,0.0,0.0,0.0,,0.0,Average
PLY_0194,Fabian Allen,Allrounder,0,0,0,0,0,0.0,0.0,0,0.0,4.0,38.0,,9.5,Poor
PLY_0196,Faf du Plessis,Batter,420,269,39,19,58,38.18,156.13,11,0.0,0.0,0.0,,0.0,Superb
PLY_0198,Farhaan Behardien,Allrounder,9,7,1,0,1,9.0,128.57,0,0.0,0.0,0.0,,0.0,Poor
PLY_0199,Fazalhaq Farooqi,Bowler,2,8,0,0,0,2.0,25.0,0,3.0,19.0,193.0,64.33,10.16,Below Average
PLY_0200,Gautam Gambhir,Batter,412,346,49,5,54,51.5,119.08,8,0.0,0.0,0.0,,0.0,Average
PLY_0201,George Bailey,Batter,166,141,13,5,18,27.67,117.73,6,0.0,0.0,0.0,,0.0,Average
PLY_0202,George Garton,Allrounder,2,4,0,0,0,2.0,50.0,1,2.0,12.2,105.0,52.5,8.51,Poor
PLY_0203,Gerald Coetzee,Bowler,24,22,1,2,3,8.0,109.09,3,7.0,18.3,182.0,26.0,9.84,Below Average
PLY_0204,Glenn Maxwell,Allrounder,183,115,16,13,29,16.64,159.13,11,8.0,26.4,216.0,27.0,8.1,Excellent
PLY_0206,Glenn Phillips,Allrounder,59,46,2,6,8,14.75,128.26,4,1.0,2.0,20.0,20.0,10.0,Poor
PLY_0212,Hanuma Vihari,Allrounder,0,0,0,0,0,0.0,0.0,0,0.0,0.0,0.0,,0.0,Poor
PLY_0213,Harbhajan Singh,Bowler,153,99,16,7,23,38.25,154.55,4,15.0,39.0,284.0,18.93,7.28,Superb
PLY_0214,Hardik Pandya,Allrounder,260,155,23,13,36,28.89,167.74,9,15.0,32.2,317.0,21.13,9.8,Average
PLY_0215,Hardus Viljoen,Bowler,0,0,0,0,0,0.0,0.0,0,0.0,0.0,0.0,,0.0,Poor
PLY_0218,Harpreet Brar,Bowler,57,48,6,2,8,28.5,118.75,2,4.0,32.1,258.0,64.5,8.02,Below Average
PLY_0219,Harpreet Singh,Batter,0,0,0,0,0,0.0,0.0,0,0.0,0.0,0.0,,0.0,Poor
PLY_0220,Harry Brook,Batter,29,43,4,0,4,7.25,67.44,4,0.0,0.0,0.0,,0.0,Poor
PLY_0221,Harry Gurney,Bowler,1,5,0,0,0,1.0,20.0,0,3.0,13.1,106.0,35.33,8.05,Below Average
PLY_0222,Harshal Patel,Allrounder,86,73,3,5,8,14.33,117.81,6,18.0,41.4,431.0,23.94,10.34,Poor
PLY_0223,Harshit Rana,Bowler,12,11,2,0,2,6.0,109.09,2,17.0,36.3,333.0,19.59,9.12,Average
PLY_0224,Hashim Amla,Batter,213,153,16,9,25,42.6,139.22,5,0.0,0.0,0.0,,0.0,Excellent
PLY_0225,Heinrich Klaasen,Batter,229,147,15,13,28,32.71,155.78,7,0.0,0.0,0.0,,0.0,Excellent
PLY_0227,Hrithik Shokeen,Bowler,41,39,6,0,6,20.5,105.13,2,1.0,9.1,91.0,91.0,9.93,Poor
PLY_0228,Imran Tahir,Bowler,4,6,0,0,0,4.0,66.67,1,14.0,44.2,299.0,21.36,6.74,Superb
PLY_0229,Iqbal Abdulla,Allrounder,5,10,0,0,0,5.0,50.0,1,2.0,11.0,115.0,57.5,10.45,Poor
PLY_0230,Irfan Pathan,Allrounder,0,0,0,0,0,0.0,0.0,0,0.0,0.0,0.0,,0.0,Poor
PLY_0231,Ish Sodhi,Bowler,6,11,0,0,0,6.0,54.55,1,5.0,11.1,69.0,13.8,6.18,Below Average
PLY_0232,Ishan Kishan,Batter,292,195,34,12,46,26.55,149.74,11,0.0,0.0,0.0,,0.0,Excellent
PLY_0234,Ishank Jaggi,Batter,0,0,0,0,0,0.0,0.0,0,0.0,0.0,0.0,,0.0,Poor
PLY_0235,Ishant Sharma,Bowler,11,10,1,1,2,11.0,110.0,0,8.0,38.2,411.0,51.38,10.72,Below Average
PLY_0236,Isuru Udana,Allrounder,5,5,1,0,1,2.5,100.0,2,5.0,16.0,154.0,30.8,9.62,Poor
PLY_0239,Jacob Bethell,Allrounder,55,33,8,2,10,55.0,166.67,1,0.0,0.0,0.0,,0.0,Poor
PLY_0244,Jagadeesha Suchith,Bowler,46,47,4,2,6,15.33,97.87,3,9.0,30.0,251.0,27.89,8.37,Average
PLY_0245,Jake Fraser - McGurk,Batter,133,74,12,10,22,33.25,179.73,4,0.0,0.0,0.0,,0.0,Average
PLY_0246,James Faulkner,Allrounder,177,131,13,5,18,22.12,135.11,8,8.0,40.2,394.0,49.25,9.77,Below Average
PLY_0249,James Neesham,Allrounder,9,12,0,0,0,2.25,75.0,4,5.0,16.0,144.0,28.8,9.0,Below Average
PLY_0250,James Pattinson,Bowler,4,5,0,0,0,4.0,80.0,0,6.0,17.1,142.0,23.67,8.27,Average
PLY_0252,Jaskaran Singh,Bowler,0,0,0,0,0,0.0,0.0,0,0.0,0.0,0.0,,0.0,Poor
PLY_0253,Jason Behrendorff,Bowler,0,0,0,0,0,0.0,0.0,0,12.0,29.0,242.0,20.17,8.34,Excellent
PLY_0254,Jason Holder,Allrounder,85,84,8,3,11,10.62,101.19,8,17.0,43.3,420.0,24.71,9.66,Poor
PLY_0255,Jason Roy,Batter,224,178,38,1,39,22.4,125.84,10,0.0,0.0,0.0,,0.0,Average
PLY_0256,Jasprit Bumrah,Bowler,26,31,3,0,3,26.0,83.87,1,23.0,46.5,274.0,11.91,5.85,Red-hot
PLY_0257,Javon Searles,Allrounder,0,0,0,0,0,0.0,0.0,0,0.0,0.0,0.0,,0.0,Poor
PLY_0258,Jayant Yadav,Bowler,12,7,1,1,2,12.0,171.43,1,6.0,31.1,208.0,34.67,6.67,Average
PLY_0259,Jaydev Unadkat,Bowler,41,37,3,1,4,10.25,110.81,4,7.0,38.0,341.0,48.71,8.97,Average
PLY_0262,Jhye Richardson,Bowler,2,4,0,0,0,1.0,50.0,2,1.0,8.0,95.0,95.0,11.88,Poor
PLY_0264,Jitesh Sharma,Batter,199,136,15,13,28,18.09,146.32,11,0.0,0.0,0.0,,0.0,Average
PLY_0265,Joe Denly,Batter,0,1,0,0,0,0.0,0.0,1,0.0,0.0,0.0,,0.0,Poor
PLY_0266,Joe Root,Batter,0,0,0,0,0,0.0,0.0,0,0.0,2.0,14.0,,7.0,Poor
PLY_0267,Jofra Archer,Bowler,110,89,8,4,12,15.71,123.6,7,12.0,48.3,360.0,30.0,7.42,Excellent
PLY_0269,Johan Botha,Allrounder,31,15,5,1,6,10.33,206.67,3,1.0,6.0,55.0,55.0,9.17,Poor
PLY_0271,Jonny Bairstow,Batter,306,226,38,10,48,25.5,135.4,12,0.0,0.0,0.0,,0.0,Excellent
PLY_0272,Jos Buttler,Batter,380,272,33,16,49,38.0,139.71,10,0.0,0.0,0.0,,0.0,Excellent
PLY_0273,Josh Hazlewood,Bowler,8,9,0,0,0,8.0,88.89,0,13.0,43.1,370.0,28.46,8.57,Average
PLY_0274,Josh Inglis,Batter,107,58,7,10,17,35.67,184.48,3,0.0,0.0,0.0,,0.0,Below Average
PLY_0275,Josh Philippe,Batter,12,17,1,0,1,12.0,70.59,1,0.0,0.0,0.0,,0.0,Poor
PLY_0278,K.S Bharat,Batter,107,85,6,5,11,26.75,125.88,4,0.0,0.0,0.0,,0.0,Below Average
PLY_0279,KC Cariappa,Bowler,1,3,0,0,0,1.0,33.33,1,4.0,12.0,96.0,24.0,8.0,Below Average
PLY_0280,KL Rahul,Batter,399,311,33,13,46,39.9,128.3,10,0.0,0.0,0.0,,0.0,Average
PLY_0282,Kagiso Rabada,Bowler,73,68,8,2,10,18.25,107.35,4,13.0,44.3,373.0,28.69,8.38,Excellent
PLY_0283,Kamindu Mendis,Allrounder,0,0,0,0,0,0.0,0.0,0,0.0,0.0,0.0,,0.0,Poor
PLY_0284,Kamlesh Nagarkoti,Bowler,8,13,0,0,0,4.0,61.54,2,3.0,17.0,156.0,52.0,9.18,Below Average
PLY_0287,Kane Richardson,Bowler,0,0,0,0,0,0.0,0.0,0,0.0,0.0,0.0,,0.0,Poor
PLY_0288,Kane Williamson,Batter,349,305,26,14,40,31.73,114.43,11,0.0,2.0,24.0,,12.0,Below Average
PLY_0290,Karan Sharma,Allrounder,0,0,0,0,0,0.0,0.0,0,0.0,0.0,0.0,,0.0,Poor
PLY_0291,Karanveer Singh,Batter,9,11,1,0,1,9.0,81.82,1,1.0,10.0,114.0,114.0,11.4,Poor
PLY_0292,Karn Sharma,Bowler,97,79,10,3,13,12.12,122.78,8,16.0,39.0,351.0,21.94,9.0,Average
PLY_0293,Kartik Tyagi,Bowler,11,12,1,0,1,3.67,91.67,3,8.0,33.3,328.0,41.0,9.79,Below Average
PLY_0294,Karun Nair,Batter,226,165,24,7,31,18.83,136.97,12,0.0,0.0,0.0,,0.0,Excellent
PLY_0295,Kedar Jadhav,Allrounder,210,192,18,9,27,26.25,109.38,8,0.0,0.0,0.0,,0.0,Poor
PLY_0296,Keemo Paul,Allrounder,8,11,1,0,1,8.0,72.73,1,5.0,14.3,142.0,28.4,9.79,Poor
PLY_0298,Keshav Maharaj,Bowler,0,0,0,0,0,0.0,0.0,0,0.0,2.0,16.0,,8.0,Poor
PLY_0299,Kevin Pietersen,Batter,21,14,0,2,2,21.0,150.0,0,0.0,0.0,0.0,,0.0,Poor
PLY_0301,Khaleel Ahmed,Bowler,0,2,0,0,0,0.0,0.0,2,13.0,42.3,453.0,34.85,10.66,Below Average
PLY_0302,Kieron Pollard,Allrounder,196,144,14,13,27,21.78,136.11,9,6.0,27.0,242.0,40.33,8.96,Average
PLY_0304,Krishnappa Gowtham,Allrounder,103,64,5,8,13,12.88,160.94,8,6.0,35.0,288.0,48.0,8.23,Average
PLY_0305,Krunal Pandya,Allrounder,104,97,6,4,10,9.45,107.22,11,13.0,38.0,322.0,24.77,8.47,Average
PLY_0306,Kuldeep Yadav,Bowler,58,74,2,2,4,19.33,78.38,3,12.0,43.1,325.0,27.08,7.53,Excellent
PLY_0307,Kuldip Yadav,Bowler,0,4,0,0,0,0.0,0.0,0,1.0,6.0,66.0,66.0,11.0,Poor
PLY_0309,Kumar Kushagra,Batter,2,4,0,0,0,1.0,50.0,2,0.0,0.0,0.0,,0.0,Poor
PLY_0311,Kusal Mendis,Batter,0,0,0,0,0,0.0,0.0,0,0.0,0.0,0.0,,0.0,Poor
PLY_0313,Kwena Maphaka,Bowler,0,0,0,0,0,0.0,0.0,0,1.0,2.0,23.0,23.0,11.5,Poor
PLY_0314,Kyle Abbott,Bowler,0,0,0,0,0,0.0,0.0,0,0.0,0.0,0.0,,0.0,Poor
PLY_0315,Kyle Jamieson,Bowler,4,6,0,0,0,4.0,66.67,1,5.0,12.1,105.0,21.0,8.63,Below Average
PLY_0316,Kyle Mayers,Allrounder,201,128,21,11,32,28.71,157.03,7,0.0,5.1,44.0,,8.52,Average
PLY_0319,Lalit Yadav,Allrounder,84,67,10,1,11,14.0,125.37,6,3.0,17.0,142.0,47.33,8.35,Poor
PLY_0320,Lasith Malinga,Bowler,0,0,0,0,0,0.0,0.0,0,0.0,0.0,0.0,,0.0,Poor
PLY_0323,Lendl Simmons,Batter,349,260,31,16,47,43.62,134.23,8,0.0,0.0,0.0,,0.0,Excellent
PLY_0324,Liam Livingstone,Allrounder,375,215,27,26,53,37.5,174.42,10,3.0,15.0,152.0,50.67,10.13,Average
PLY_0325,Liam Plunkett,Bowler,1,2,0,0,0,1.0,50.0,0,1.0,11.0,105.0,105.0,9.55,Poor
PLY_0327,Lizaad Williams,Bowler,0,0,0,0,0,0.0,0.0,0,0.0,0.0,0.0,,0.0,Poor
PLY_0328,Lockie Ferguson,Bowler,9,4,2,0,2,9.0,225.0,1,16.0,41.4,366.0,22.88,8.78,Average
PLY_0331,Luke Wood,Bowler,0,0,0,0,0,0.0,0.0,0,0.0,0.0,0.0,,0.0,Poor
PLY_0334,MS Dhoni,Batter,181,122,6,15,21,30.17,148.36,6,0.0,0.0,0.0,,0.0,Average
PLY_0335,Madhav Tiwari,Allrounder,0,0,0,0,0,0.0,0.0,0,0.0,1.0,14.0,,14.0,Poor
PLY_0336,Maheesh Theekshana,Bowler,14,29,0,1,1,4.67,48.28,3,10.0,45.0,398.0,39.8,8.84,Average
PLY_0339,Mahipal Lomror,Allrounder,213,144,16,12,28,19.36,147.92,11,0.0,5.0,43.0,,8.6,Average
PLY_0341,Manan Vohra,Batter,270,211,21,14,35,22.5,127.96,12,0.0,0.0,0.0,,0.0,Average
PLY_0342,Manav Suthar,Allrounder,1,2,0,0,0,1.0,50.0,1,0.0,2.0,26.0,,13.0,Poor
PLY_0343,Mandeep Singh,Allrounder,88,80,6,2,8,9.78,110.0,9,0.0,0.0,0.0,,0.0,Poor
PLY_0344,Manish Pandey,Batter,379,284,27,16,43,42.11,133.45,9,0.0,0.0,0.0,,0.0,Excellent
PLY_0345,Manoj Bhandage,Allrounder,0,0,0,0,0,0.0,0.0,0,0.0,0.0,0.0,,0.0,Poor
PLY_0346,Manoj Tiwary,Batter,149,120,13,6,19,24.83,124.17,6,0.0,0.0,0.0,,0.0,Average
PLY_0347,Manpreet Gony,Bowler,0,0,0,0,0,0.0,0.0,0,0.0,2.0,32.0,,16.0,Poor
PLY_0349,Manvinder Bisla,Batter,0,0,0,0,0,0.0,0.0,0,0.0,0.0,0.0,,0.0,Poor
PLY_0350,Marchant de Lange,Bowler,0,0,0,0,0,0.0,0.0,0,0.0,4.0,30.0,,7.5,Poor
PLY_0351,Marco Jansen,Allrounder,63,50,3,3,6,15.75,126.0,4,11.0,43.4,421.0,38.27,9.64,Poor
PLY_0352,Marcus Stoinis,Allrounder,256,158,18,17,35,28.44,162.03,9,2.0,16.5,203.0,101.5,12.06,Average
PLY_0354,Mark Wood,Bowler,12,8,1,1,2,6.0,150.0,2,9.0,16.1,144.0,16.0,8.91,Average
PLY_0355,Marlon Samuels,Batter,29,30,1,2,3,14.5,96.67,2,0.0,3.0,34.0,,11.33,Poor
PLY_0356,Martin Guptill,Batter,141,103,11,8,19,20.14,136.89,7,0.0,0.0,0.0,,0.0,Average
PLY_0358,Matthew Breetzke,Batter,0,0,0,0,0,0.0,0.0,0,0.0,0.0,0.0,,0.0,Poor
PLY_0360,Matthew Short,Allrounder,28,29,2,1,3,14.0,96.55,2,0.0,0.0,0.0,,0.0,Poor
PLY_0361,Matthew Wade,Batter,40,41,6,0,6,8.0,97.56,5,0.0,0.0,0.0,,0.0,Poor
PLY_0362,Mayank Agarwal,Batter,142,124,18,2,20,12.91,114.52,11,0.0,4.0,57.0,,14.25,Below Average
PLY_0363,Mayank Markande,Bowler,7,5,1,0,1,7.0,140.0,0,16.0,38.0,296.0,18.5,7.79,Superb
PLY_0364,Michael Bracewell,Allrounder,19,18,1,1,2,19.0,105.56,1,2.0,5.0,50.0,25.0,10.0,Poor
PLY_0366,Michael Hussey,Batter,0,0,0,0,0,0.0,0.0,0,0.0,0.0,0.0,,0.0,Poor
PLY_0370,Mitchell Johnson,Bowler,12,19,0,1,1,6.0,63.16,2,7.0,31.0,282.0,40.29,9.1,Average
PLY_0371,Mitchell Marsh,Allrounder,300,202,30,16,46,27.27,148.51,11,13.0,26.1,216.0,16.62,8.25,Superb
PLY_0372,Mitchell McClenaghan,Bowler,24,18,1,2,3,24.0,133.33,1,10.0,45.4,397.0,39.7,8.69,Average
PLY_0373,Mitchell Santner,Allrounder,32,24,1,2,3,10.67,133.33,3,6.0,30.0,252.0,42.0,8.4,Below Average
PLY_0374,Mitchell Starc,Bowler,5,16,0,0,0,1.67,31.25,3,17.0,36.2,300.0,17.65,8.26,Excellent
PLY_0375,Mithun Manhas,Allrounder,0,0,0,0,0,0.0,0.0,0,0.0,0.0,0.0,,0.0,Poor
PLY_0376,Moeen Ali,Allrounder,225,189,17,9,26,18.75,119.05,12,14.0,33.5,253.0,18.07,7.48,Superb
PLY_0381,Mohammad Nabi,Allrounder,135,88,11,8,19,16.88,153.41,8,7.0,37.1,278.0,39.71,7.48,Average
PLY_0382,Mohammad Shami,Bowler,25,23,2,1,3,6.25,108.7,4,14.0,46.0,414.0,29.57,9.0,Average
PLY_0383,Mohammed Siraj,Bowler,45,44,5,2,7,9.0,102.27,5,19.0,46.0,402.0,21.16,8.74,Average
PLY_0385,Mohit Rathee,Allrounder,1,2,0,0,0,1.0,50.0,0,0.0,2.0,29.0,,14.5,Poor
PLY_0386,Mohit Sharma,Bowler,14,14,2,0,2,4.67,100.0,3,14.0,38.0,360.0,25.71,9.47,Average
PLY_0388,Mohsin Khan,Bowler,1,3,0,0,0,1.0,33.33,1,7.0,16.0,110.0,15.71,6.88,Average
PLY_0389,Moises Henriques,Allrounder,236,197,22,3,25,33.71,119.8,7,8.0,31.1,241.0,30.12,7.73,Excellent
PLY_0390,Morne Morkel,Bowler,0,0,0,0,0,0.0,0.0,0,6.0,20.0,146.0,24.33,7.3,Average
PLY_0391,Mujeeb Ur Rahman,Bowler,1,3,0,0,0,1.0,33.33,1,10.0,34.2,294.0,29.4,8.56,Average
PLY_0392,Mukesh Choudhary,Bowler,6,6,1,0,1,6.0,100.0,0,13.0,32.1,341.0,26.23,10.6,Below Average
PLY_0393,Mukesh Kumar,Bowler,4,9,0,0,0,4.0,44.44,1,11.0,34.0,328.0,29.82,9.65,Below Average
PLY_0394,Munaf Patel,Bowler,0,0,0,0,0,0.0,0.0,0,0.0,0.0,0.0,,0.0,Poor
PLY_0396,Murali Vijay,Batter,408,325,52,6,58,37.09,125.54,11,0.0,1.0,12.0,,12.0,Average
PLY_0397,Murugan Ashwin,Bowler,8,14,1,0,1,2.67,57.14,3,5.0,38.2,340.0,68.0,8.87,Below Average
PLY_0399,Mustafizur Rahman,Bowler,12,16,0,1,1,12.0,75.0,0,10.0,46.4,368.0,36.8,7.89,Excellent
PLY_0402,Naman Dhir,Allrounder,129,85,16,6,22,16.12,151.76,8,0.0,3.0,25.0,,8.33,Below Average
PLY_0403,Naman Ojha,Batter,87,81,7,3,10,9.67,107.41,9,0.0,0.0,0.0,,0.0,Below Average
PLY_0404,Narayan Jagadeesan,Batter,39,36,5,0,5,19.5,108.33,2,0.0,0.0,0.0,,0.0,Poor
PLY_0405,Nathan Coulter-Nile,Allrounder,32,32,2,2,4,5.33,100.0,6,16.0,47.3,351.0,21.94,7.39,Excellent
PLY_0406,Nathan Ellis,Bowler,0,5,0,0,0,0.0,0.0,1,8.0,22.2,194.0,24.25,8.69,Average
PLY_0408,Navdeep Saini,Bowler,23,22,2,0,2,23.0,104.55,1,11.0,43.0,389.0,35.36,9.05,Average
PLY_0409,Naveen-Ul-Haq,Bowler,13,13,2,0,2,13.0,100.0,1,10.0,20.5,202.0,20.2,9.7,Below Average
PLY_0411,Nehal Wadhera,Batter,360,257,29,18,47,36.0,140.08,10,0.0,0.0,0.0,,0.0,Excellent
PLY_0412,Nic Maddinson,Batter,4,7,1,0,1,4.0,57.14,1,0.0,0.0,0.0,,0.0,Poor
PLY_0413,Nicholas Pooran,Batter,405,214,26,35,61,50.62,189.25,8,0.0,0.0,0.0,,0.0,Superb
PLY_0414,Nikhil Naik,Batter,0,0,0,0,0,0.0,0.0,0,0.0,0.0,0.0,,0.0,Poor
PLY_0417,Nitish Kumar Reddy,Allrounder,245,161,16,17,33,61.25,152.17,4,1.0,6.0,61.0,61.0,10.17,Average
PLY_0418,Nitish Rana,Batter,313,227,29,16,45,26.08,137.89,12,6.0,12.0,117.0,19.5,9.75,Excellent
PLY_0419,Noor Ahmad,Bowler,8,15,1,0,1,2.0,53.33,4,13.0,42.0,342.0,26.31,8.14,Excellent
PLY_0422,Obed McCoy,Bowler,0,0,0,0,0,0.0,0.0,0,0.0,1.0,13.0,,13.0,Poor
PLY_0423,Odean Smith,Allrounder,12,20,0,1,1,6.0,60.0,2,2.0,7.1,88.0,44.0,12.28,Poor
PLY_0428,Paras Dogra,Batter,0,0,0,0,0,0.0,0.0,0,0.0,0.0,0.0,,0.0,Poor
PLY_0429,Parthiv Patel,Batter,335,252,44,5,49,27.92,132.94,12,0.0,0.0,0.0,,0.0,Excellent
PLY_0430,Parveez Rasool,Allrounder,2,2,0,0,0,2.0,100.0,0,2.0,12.0,99.0,49.5,8.25,Poor
PLY_0431,Parvinder Awana,Bowler,0,0,0,0,0,0.0,0.0,0,0.0,0.0,0.0,,0.0,Poor
PLY_0432,Pat Cummins,Bowler,181,95,15,11,26,30.17,190.53,6,15.0,47.4,409.0,27.27,8.58,Average
PLY_0435,Pawan Negi,Bowler,172,135,11,9,20,19.11,127.41,9,12.0,32.2,243.0,20.25,7.52,Excellent
PLY_0436,Peter Handscomb,Batter,6,12,0,0,0,6.0,50.0,1,0.0,0.0,0.0,,0.0,Poor
PLY_0437,Phil Salt,Batter,236,133,27,15,42,19.67,177.44,12,0.0,0.0,0.0,,0.0,Excellent
PLY_0439,Piyush Chawla,Bowler,93,87,7,3,10,13.29,106.9,7,16.0,43.0,338.0,21.12,7.86,Superb
PLY_0440,Prabhsimran Singh,Batter,376,239,41,16,57,34.18,157.32,11,0.0,0.0,0.0,,0.0,Superb
PLY_0441,Pradeep Sahu,Allrounder,0,0,0,0,0,0.0,0.0,0,1.0,4.0,35.0,35.0,8.75,Poor
PLY_0442,Pradeep Sangwan,Bowler,4,12,0,0,0,1.33,33.33,3,6.0,25.0,258.0,43.0,10.32,Below Average
PLY_0443,Pragyan Ojha,Bowler,0,0,0,0,0,0.0,0.0,0,0.0,2.0,23.0,,11.5,Poor
PLY_0444,Prashant Chopra,Batter,8,6,2,0,2,8.0,133.33,1,0.0,0.0,0.0,,0.0,Poor
PLY_0445,Prasidh Krishna,Bowler,3,10,0,0,0,3.0,30.0,1,15.0,47.2,374.0,24.93,7.9,Superb
PLY_0446,Praveen Dubey,Bowler,0,0,0,0,0,0.0,0.0,0,0.0,0.0,0.0,,0.0,Poor
PLY_0447,Praveen Kumar,Bowler,40,40,4,0,4,20.0,100.0,2,6.0,31.5,263.0,43.83,8.26,Average
PLY_0448,Pravin Dubey,Bowler,0,0,0,0,0,0.0,0.0,0,0.0,5.0,43.0,,8.6,Poor
PLY_0449,Pravin Tambe,Bowler,1,1,0,0,0,1.0,100.0,0,2.0,15.0,104.0,52.0,6.93,Poor
PLY_0450,Prayas Ray Barman,Bowler,0,0,0,0,0,0.0,0.0,0,0.0,0.0,0.0,,0.0,Poor
PLY_0451,Prerak Mankad,Allrounder,0,0,0,0,0,0.0,0.0,0,0.0,0.0,0.0,,0.0,Poor
PLY_0452,Prince Yadav,Bowler,1,1,0,0,0,1.0,100.0,0,1.0,4.0,43.0,43.0,10.75,Poor
PLY_0454,Prithvi Shaw,Batter,329,207,47,10,57,27.42,158.94,12,0.0,0.0,0.0,,0.0,Superb
PLY_0455,Priyam Garg,Batter,173,145,9,7,16,19.22,119.31,9,0.0,0.0,0.0,,0.0,Average
PLY_0456,Priyansh Arya,Batter,262,132,21,20,41,32.75,198.48,8,0.0,0.0,0.0,,0.0,Excellent
PLY_0458,Quinton de Kock,Batter,397,273,34,21,55,33.08,145.42,12,0.0,0.0,0.0,,0.0,Superb
PLY_0459,RP Singh,Bowler,257,148,20,18,38,36.71,173.65,7,3.0,10.1,90.0,30.0,8.85,Below Average
PLY_0460,Rachin Ravindra,Allrounder,98,75,12,2,14,16.33,130.67,6,0.0,2.0,7.0,,3.5,Poor
PLY_0461,Rahmanullah Gurbaz,Batter,173,131,17,10,27,21.62,132.06,8,0.0,0.0,0.0,,0.0,Average
PLY_0462,Rahul Chahar,Bowler,66,57,8,3,11,11.0,115.79,6,13.0,40.2,326.0,25.08,8.08,Excellent
PLY_0464,Rahul Sharma,Bowler,0,0,0,0,0,0.0,0.0,0,0.0,0.0,0.0,,0.0,Poor
PLY_0466,Rahul Tewatia,Allrounder,213,129,22,10,32,26.62,165.12,8,6.0,30.0,283.0,47.17,9.43,Excellent
PLY_0467,Rahul Tripathi,Batter,382,276,40,14,54,38.2,138.41,10,0.0,0.0,0.0,,0.0,Excellent
PLY_0470,Rajagopal Sathish,Allrounder,0,0,0,0,0,0.0,0.0,0,0.0,0.0,0.0,,0.0,Poor
PLY_0472,Rajat Bhatia,Allrounder,28,24,0,2,2,14.0,116.67,2,5.0,30.0,224.0,44.8,7.47,Below Average
PLY_0473,Rajat Patidar,Batter,395,256,26,25,51,32.92,154.3,12,0.0,0.0,0.0,,0.0,Superb
PLY_0475,Ramandeep Singh,Batter,82,66,2,5,7,13.67,124.24,6,1.0,1.0,5.0,5.0,5.0,Below Average
PLY_0478,Rashid Khan,Allrounder,143,75,10,12,22,20.43,190.67,7,13.0,44.4,407.0,31.31,9.11,Average
PLY_0479,Rasikh Salam,Bowler,27,26,4,0,4,6.75,103.85,4,3.0,16.0,169.0,56.33,10.56,Below Average
PLY_0480,Rassie van der Dussen,Batter,16,14,2,0,2,16.0,114.29,1,0.0,0.0,0.0,,0.0,Poor
PLY_0481,Ravi Bishnoi,Bowler,21,32,2,0,2,7.0,65.62,3,8.0,40.0,375.0,46.88,9.38,Average
PLY_0482,Ravi Bopara,Allrounder,56,38,3,2,5,56.0,147.37,1,1.0,8.0,66.0,66.0,8.25,Poor
PLY_0484,Ravichandran Ashwin,Bowler,141,131,7,6,13,15.67,107.63,9,9.0,45.0,365.0,40.56,8.11,Average
PLY_0485,Ravindra Jadeja,Allrounder,252,165,21,10,31,31.5,152.73,8,10.0,37.3,270.0,27.0,7.2,Superb
PLY_0486,Reece Topley,Bowler,3,6,0,0,0,3.0,50.0,0,4.0,16.0,154.0,38.5,9.62,Below Average
PLY_0488,Richard Gleeson,Bowler,2,2,0,0,0,2.0,100.0,0,1.0,8.0,71.0,71.0,8.88,Poor
PLY_0490,Ricky Bhui,Batter,0,0,0,0,0,0.0,0.0,0,0.0,0.0,0.0,,0.0,Poor
PLY_0492,Rilee Rossouw,Batter,226,151,24,10,34,28.25,149.67,8,0.0,0.0,0.0,,0.0,Excellent
PLY_0493,Rinku Singh,Batter,0,0,0,0,0,0.0,0.0,0,0.0,0.0,0.0,,0.0,Poor
PLY_0494,Ripal Patel,Allrounder,64,59,5,2,7,16.0,108.47,4,0.0,3.0,22.0,,7.33,Poor
PLY_0495,Rishabh Pant,Batter,255,176,23,15,38,25.5,144.89,10,0.0,0.0,0.0,,0.0,Excellent
PLY_0496,Rishi Dhawan,Allrounder,30,19,3,1,4,15.0,157.89,2,3.0,17.1,151.0,50.33,8.8,Poor
PLY_0497,Riyan Parag,Batter,476,306,32,32,64,52.89,155.56,9,3.0,15.0,129.0,43.0,8.6,Superb
PLY_0499,Robin Minz,Batter,0,0,0,0,0,0.0,0.0,0,0.0,0.0,0.0,,0.0,Poor
PLY_0501,Robin Uthappa,Batter,243,189,17,13,30,20.25,128.57,12,0.0,0.0,0.0,,0.0,Average
PLY_0505,Rohit Sharma,Batter,300,216,33,15,48,25.0,138.89,12,0.0,0.0,0.0,,0.0,Excellent
PLY_0506,Romario Shepherd,Allrounder,117,42,8,12,20,39.0,278.57,3,4.0,14.0,166.0,41.5,11.86,Below Average
PLY_0507,Ronit More,Bowler,0,0,0,0,0,0.0,0.0,0,0.0,2.0,28.0,,14.0,Poor
PLY_0509,Rovman Powell,Batter,183,127,13,12,25,18.3,144.09,10,1.0,3.1,35.0,35.0,11.05,Average
PLY_0510,Ruturaj Gaikwad,Batter,337,279,34,9,43,37.44,120.79,9,0.0,0.0,0.0,,0.0,Average
PLY_0514,Ryan Rickelton,Batter,90,55,13,3,16,22.5,163.64,4,0.0,0.0,0.0,,0.0,Below Average
PLY_0515,Ryan ten Doeschate,Allrounder,20,14,1,1,2,10.0,142.86,2,0.0,1.0,4.0,,4.0,Poor
PLY_0516,Sachin Baby,Batter,75,53,5,3,8,25.0,141.51,3,0.0,0.0,0.0,,0.0,Below Average
PLY_0520,Sai Kishore,Bowler,0,0,0,0,0,0.0,0.0,0,10.0,18.3,143.0,14.3,7.73,Excellent
PLY_0521,Sai Sudharsan,Batter,506,337,53,16,69,42.17,150.15,12,0.0,0.0,0.0,,0.0,Superb
PLY_0523,Sam Billings,Batter,218,149,13,12,25,27.25,146.31,8,0.0,0.0,0.0,,0.0,Excellent
PLY_0524,Sam Curran,Allrounder,181,141,15,7,22,20.11,128.37,9,6.0,37.1,419.0,69.83,11.27,Below Average
PLY_0525,Sameer Rizvi,Allrounder,56,46,5,1,6,28.0,121.74,2,0.0,0.0,0.0,,0.0,Poor
PLY_0527,Samuel Badree,Bowler,8,9,0,0,0,8.0,88.89,1,0.0,6.0,54.0,,9.0,Poor
PLY_0529,Sandeep Lamichhane,Bowler,0,1,0,0,0,0.0,0.0,1,5.0,16.0,130.0,26.0,8.12,Below Average
PLY_0530,Sandeep Sharma,Bowler,32,37,3,0,3,10.67,86.49,3,8.0,45.2,374.0,46.75,8.25,Average
PLY_0532,Sanju Samson,Batter,443,285,42,22,64,49.22,155.44,9,0.0,0.0,0.0,,0.0,Superb
PLY_0533,Sanvir Singh,Allrounder,8,7,0,0,0,8.0,114.29,0,0.0,0.0,0.0,,0.0,Poor
PLY_0534,Sarfaraz Khan,Batter,249,208,26,4,30,27.67,119.71,9,0.0,0.0,0.0,,0.0,Average
PLY_0535,Saurabh Tiwary,Batter,251,202,25,7,32,50.2,124.26,5,0.0,0.0,0.0,,0.0,Average
PLY_0536,Saurav Chauhan,Batter,18,14,1,1,2,9.0,128.57,2,0.0,0.0,0.0,,0.0,Poor
PLY_0538,Sean Abbott,Allrounder,8,9,0,1,1,8.0,88.89,1,1.0,7.0,83.0,83.0,11.86,Poor
PLY_0539,Sediqullah Atal,Batter,0,0,0,0,0,0.0,0.0,0,0.0,0.0,0.0,,0.0,Poor
PLY_0540,Shadab Jakati,Bowler,0,0,0,0,0,0.0,0.0,0,0.0,3.0,30.0,,10.0,Poor
PLY_0541,Shahbaz Ahmed,Allrounder,167,128,12,6,18,16.7,130.47,10,2.0,18.0,171.0,85.5,9.5,Below Average
PLY_0542,Shahbaz Nadeem,Bowler,2,5,0,0,0,2.0,40.0,1,10.0,39.3,304.0,30.4,7.7,Excellent
PLY_0544,Shahrukh Khan,Batter,0,0,0,0,0,0.0,0.0,0,0.0,0.0,0.0,,0.0,Poor
PLY_0545,Shai Hope,Batter,41,34,5,0,5,41.0,120.59,1,0.0,0.0,0.0,,0.0,Poor
PLY_0546,Shaik Rasheed,Batter,14,11,1,1,2,14.0,127.27,1,0.0,0.0,0.0,,0.0,Poor
PLY_0547,Shakib Al Hasan,Allrounder,125,105,11,4,15,41.67,119.05,3,12.0,41.0,309.0,25.75,7.54,Superb
PLY_0549,Shams Mulani,Allrounder,0,0,0,0,0,0.0,0.0,0,0.0,0.0,0.0,,0.0,Poor
PLY_0553,Shane Watson,Allrounder,343,275,40,14,54,31.18,124.73,11,11.0,38.5,347.0,31.55,8.94,Average
PLY_0555,Shardul Thakur,Allrounder,168,96,16,9,25,24.0,175.0,7,8.0,38.1,382.0,47.75,10.01,Below Average
PLY_0556,Shashank Singh,Allrounder,364,228,30,19,49,91.0,159.65,4,0.0,3.0,37.0,,12.33,Average
PLY_0557,Shaun Marsh,Batter,120,93,12,2,14,20.0,129.03,6,0.0,0.0,0.0,,0.0,Average
PLY_0559,Shaun Tait,Bowler,0,0,0,0,0,0.0,0.0,0,0.0,0.0,0.0,,0.0,Poor
PLY_0560,Sheldon Cottrell,Bowler,0,2,0,0,0,0.0,0.0,1,1.0,10.0,83.0,83.0,8.3,Poor
PLY_0561,Sheldon Jackson,Batter,15,16,2,0,2,7.5,93.75,2,0.0,0.0,0.0,,0.0,Poor
PLY_0562,Sherfane Rutherford,Batter,159,115,12,10,22,19.88,138.26,8,0.0,3.5,32.0,,8.35,Average
PLY_0563,Shikhar Dhawan,Batter,485,374,62,12,74,53.89,129.68,9,0.0,0.0,0.0,,0.0,Average
PLY_0564,Shimron Hetmyer,Batter,257,163,15,16,31,36.71,157.67,7,0.0,0.0,0.0,,0.0,Excellent
PLY_0565,Shivam Dube,Allrounder,264,191,17,16,33,26.4,138.22,10,1.0,7.0,77.0,77.0,11.0,Average
PLY_0566,Shivam Mavi,Allrounder,2,6,0,0,0,2.0,33.33,1,13.0,38.5,347.0,26.69,8.94,Below Average
PLY_0567,Shivam Sharma,Batter,0,0,0,0,0,0.0,0.0,0,6.0,29.0,232.0,38.67,8.0,Poor
PLY_0568,Shivam Singh,Allrounder,0,0,0,0,0,0.0,0.0,0,0.0,0.0,0.0,,0.0,Poor
PLY_0569,Shivil Kaushik,Bowler,0,0,0,0,0,0.0,0.0,0,4.0,21.0,157.0,39.25,7.48,Below Average
PLY_0575,Shreevats Goswami,Batter,0,4,0,0,0,0.0,0.0,2,0.0,0.0,0.0,,0.0,Poor
PLY_0576,Shreyas Gopal,Bowler,110,111,11,1,12,18.33,99.1,6,10.0,40.0,355.0,35.5,8.88,Average
PLY_0577,Shreyas Iyer,Batter,374,218,28,23,51,37.4,171.56,10,0.0,0.0,0.0,,0.0,Superb
PLY_0579,Shubham Dubey,Batter,74,45,6,5,11,18.5,164.44,4,0.0,0.0,0.0,,0.0,Below Average
PLY_0580,Shubman Gill,Batter,548,366,52,17,69,68.5,149.73,8,0.0,0.0,0.0,,0.0,Superb
PLY_0581,Siddarth Kaul,Bowler,9,16,1,0,1,4.5,56.25,2,15.0,48.1,428.0,28.53,8.89,Average
PLY_0584,Siddhesh Lad,Batter,15,13,1,1,2,15.0,115.38,1,0.0,0.0,0.0,,0.0,Poor
PLY_0585,Sikandar Raza,Allrounder,65,59,3,3,6,13.0,110.17,5,1.0,7.0,71.0,71.0,10.14,Poor
PLY_0586,Simarjeet Singh,Bowler,4,8,0,0,0,1.33,50.0,3,8.0,28.1,263.0,32.88,9.34,Average
PLY_0591,Spencer Johnson,Bowler,0,1,0,0,0,0.0,0.0,0,0.0,11.0,115.0,,10.45,Poor
PLY_0592,Sreenath Aravind,Bowler,4,8,0,0,0,2.0,50.0,2,8.0,22.1,191.0,23.88,8.62,Average
PLY_0594,Srikar Bharat,Batter,0,0,0,0,0,0.0,0.0,0,0.0,0.0,0.0,,0.0,Poor
PLY_0597,Steve Smith,Batter,267,240,23,5,28,26.7,111.25,10,0.0,0.0,0.0,,0.0,Below Average
PLY_0598,Stuart Binny,Allrounder,120,104,7,6,13,17.14,115.38,7,4.0,16.0,133.0,33.25,8.31,Average
PLY_0601,Sumit Kumar,Bowler,7,6,0,1,1,7.0,116.67,1,0.0,2.0,19.0,,9.5,Poor
PLY_0602,Sumit Narwal,Allrounder,0,0,0,0,0,0.0,0.0,0,0.0,0.0,0.0,,0.0,Poor
PLY_0604,Sunil Narine,Allrounder,325,177,28,27,55,27.08,183.62,12,13.0,44.0,306.0,23.54,6.95,Red-hot
PLY_0608,Suresh Raina,Batter,246,206,22,9,31,22.36,119.42,11,1.0,13.0,119.0,119.0,9.15,Average
PLY_0610,Suryakumar Yadav,Batter,546,313,62,25,87,60.67,174.44,9,0.0,0.0,0.0,,0.0,Superb
PLY_0611,Suryansh Shedge,Allrounder,2,4,0,0,0,2.0,50.0,1,0.0,0.0,0.0,,0.0,Poor
PLY_0612,Suyash S Prabhudessai,Batter,40,25,5,1,6,20.0,160.0,2,0.0,0.0,0.0,,0.0,Poor
PLY_0614,Swapnil Singh,Bowler,20,18,2,1,3,6.67,111.11,3,4.0,13.0,107.0,26.75,8.23,Below Average
PLY_0616,T Natarajan,Bowler,0,0,0,0,0,0.0,0.0,0,11.0,42.3,378.0,34.36,8.89,Average
PLY_0617,Tabraiz Shamsi,Bowler,0,0,0,0,0,0.0,0.0,0,0.0,4.0,51.0,,12.75,Poor
PLY_0619,Tanush Kotian,Allrounder,0,0,0,0,0,0.0,0.0,0,0.0,0.0,0.0,,0.0,Poor
PLY_0624,Thisara Perera,Allrounder,0,0,0,0,0,0.0,0.0,0,0.0,0.0,0.0,,0.0,Poor
PLY_0625,Tilak Varma,Allrounder,322,234,26,14,40,35.78,137.61,9,0.0,2.0,13.0,,6.5,Average
PLY_0627,Tim David,Batter,207,147,11,14,25,29.57,140.82,7,0.0,0.0,0.0,,0.0,Excellent
PLY_0629,Tim Seifert,Batter,5,9,0,0,0,2.5,55.56,2,0.0,0.0,0.0,,0.0,Poor
PLY_0630,Tim Southee,Bowler,69,58,4,2,6,17.25,118.97,4,14.0,43.2,421.0,30.07,9.72,Below Average
PLY_0631,Tirumalasetti Suman,Batter,0,0,0,0,0,0.0,0.0,0,0.0,0.0,0.0,,0.0,Poor
PLY_0632,Tom Banton,Batter,8,12,0,0,0,8.0,66.67,1,0.0,0.0,0.0,,0.0,Poor
PLY_0633,Tom Curran,Allrounder,35,39,4,0,4,17.5,89.74,2,7.0,20.0,214.0,30.57,10.7,Poor
PLY_0634,Tom Kohler- Cadmore,Batter,0,0,0,0,0,0.0,0.0,0,0.0,0.0,0.0,,0.0,Poor
PLY_0636,Travis Head,Batter,462,287,51,21,72,46.2,160.98,10,0.0,2.1,22.0,,10.15,Superb
PLY_0637,Trent Boult,Bowler,31,24,1,2,3,15.5,129.17,2,15.0,39.3,353.0,23.53,8.94,Average
PLY_0638,Tristan Stubbs,Batter,312,194,22,17,39,62.4,160.82,5,1.0,2.0,14.0,14.0,7.0,Superb
PLY_0639,Tushar Deshpande,Bowler,3,5,0,0,0,3.0,60.0,1,19.0,41.3,362.0,19.05,8.72,Average
PLY_0640,Tymal Mills,Bowler,6,6,0,1,1,3.0,100.0,2,8.0,17.0,159.0,19.88,9.35,Average
PLY_0644,Umesh Yadav,Bowler,26,26,3,0,3,8.67,100.0,3,13.0,42.4,358.0,27.54,8.39,Excellent
PLY_0645,Umran Malik,Bowler,20,10,1,2,3,20.0,200.0,1,7.0,41.0,414.0,59.14,10.1,Below Average
PLY_0646,Unmukt Chand,Batter,13,14,1,0,1,13.0,92.86,1,0.0,0.0,0.0,,0.0,Poor
PLY_0647,Urvil Patel,Batter,31,11,1,4,5,31.0,281.82,1,0.0,0.0,0.0,,0.0,Poor
PLY_0648,Usman Khawaja,Batter,57,41,6,2,8,28.5,139.02,2,0.0,0.0,0.0,,0.0,Poor
PLY_0651,Vaibhav Arora,Bowler,6,10,0,0,0,6.0,60.0,1,15.0,40.4,384.0,25.6,9.44,Average
PLY_0652,Vaibhav Suryavanshi,Batter,4,4,1,0,1,2.0,100.0,2,0.0,0.0,0.0,,0.0,Poor
PLY_0653,Varun Aaron,Bowler,4,22,0,0,0,4.0,18.18,1,4.0,34.0,310.0,77.5,9.12,Below Average
PLY_0654,Varun Chakaravarthy,Bowler,0,0,0,0,0,0.0,0.0,0,0.0,0.0,0.0,,0.0,Poor
PLY_0655,Venkatesh Iyer,Allrounder,387,248,37,18,55,38.7,156.05,10,1.0,5.4,80.0,80.0,14.12,Average
PLY_0658,Vijay Shankar,Allrounder,291,211,27,8,35,32.33,137.91,9,1.0,10.0,122.0,122.0,12.2,Average
PLY_0659,Vijay Zol,Batter,0,0,0,0,0,0.0,0.0,0,0.0,0.0,0.0,,0.0,Poor
PLY_0660,Vijayakanth Viyaskanth,Bowler,0,0,0,0,0,0.0,0.0,0,0.0,4.0,27.0,,6.75,Poor
PLY_0662,Vikramjeet Malik,Bowler,0,0,0,0,0,0.0,0.0,0,0.0,0.0,0.0,,0.0,Poor
PLY_0664,Vinay Kumar,Bowler,18,14,1,1,2,18.0,128.57,1,4.0,26.4,266.0,66.5,9.97,Below Average
PLY_0665,Vipraj Nigam,Bowler,19,19,1,1,2,19.0,100.0,0,4.0,8.0,45.0,11.25,5.62,Below Average
PLY_0666,Virat Kohli,Batter,561,358,46,31,77,51.0,156.7,11,0.0,1.0,6.0,,6.0,Superb
PLY_0667,Virat Singh,Batter,0,0,0,0,0,0.0,0.0,0,0.0,0.0,0.0,,0.0,Poor
PLY_0668,Virender Sehwag,Batter,39,27,6,1,7,9.75,144.44,4,0.0,0.0,0.0,,0.0,Poor
PLY_0669,Vishnu Vinod,Batter,46,37,3,3,6,15.33,124.32,3,0.0,0.0,0.0,,0.0,Poor
PLY_0670,Vivrant Sharma,Allrounder,0,0,0,0,0,0.0,0.0,0,0.0,2.0,18.0,,9.0,Poor
PLY_0671,Vyshak Vijaykumar,Bowler,0,0,0,0,0,0.0,0.0,0,0.0,0.0,0.0,,0.0,Poor
PLY_0672,Wanindu Hasaranga,Allrounder,0,0,0,0,0,0.0,0.0,0,0.0,0.0,0.0,,0.0,Poor
PLY_0673,Washington Sundar,Allrounder,151,141,9,4,13,13.73,107.09,11,10.0,31.1,210.0,21.0,6.74,Average
PLY_0675,Wayne Parnell,Bowler,0,0,0,0,0,0.0,0.0,0,3.0,4.0,41.0,13.67,10.25,Below Average
PLY_0678,Will Jacks,Allrounder,142,105,13,7,20,20.29,135.24,7,1.0,6.0,70.0,70.0,11.67,Below Average
PLY_0679,Wriddhiman Saha,Batter,255,206,32,9,41,23.18,123.79,11,0.0,0.0,0.0,,0.0,Average
PLY_0680,Xavier Bartlett,Bowler,0,0,0,0,0,0.0,0.0,0,0.0,0.0,0.0,,0.0,Poor
PLY_0682,Yash Dayal,Bowler,1,1,0,0,0,1.0,100.0,0,12.0,40.1,375.0,31.25,9.34,Average
PLY_0683,Yash Dhull,Batter,2,4,0,0,0,2.0,50.0,1,0.0,0.0,0.0,,0.0,Poor
PLY_0684,Yashasvi Jaiswal,Batter,357,224,42,16,58,32.45,159.38,11,0.0,0.1,6.0,,36.0,Superb
PLY_0688,Yogesh Takawale,Batter,0,0,0,0,0,0.0,0.0,0,0.0,0.0,0.0,,0.0,Poor
PLY_0690,Yudhvir Singh,Bowler,7,7,0,1,1,7.0,100.0,1,2.0,6.0,70.0,35.0,11.67,Poor
PLY_0691,Yusuf Pathan,Allrounder,159,137,14,4,18,22.71,116.06,7,2.0,7.0,82.0,41.0,11.71,Below Average
PLY_0692,Yuvraj Singh,Batter,298,237,30,12,42,29.8,125.74,10,1.0,12.1,103.0,103.0,8.47,Average
PLY_0693,Yuzvendra Chahal,Bowler,8,12,0,0,0,8.0,66.67,0,11.0,44.0,468.0,42.55,10.64,Below Average
PLY_0694,Zaheer Khan,Bowler,7,21,1,0,1,3.5,33.33,2,14.0,44.1,319.0,22.79,7.22,Superb
PLY_0695,Kartik Sharma,Batter,0,0,0,0,0,0.0,0.0,0,0.0,0.0,0.0,,0.0,Poor
PLY_0696,Zak Foulkes,Allrounder,0,0,0,0,0,0.0,0.0,0,0.0,0.0,0.0,,0.0,Poor
PLY_0697,Ramakrishna Ghosh,Allrounder,0,0,0,0,0,0.0,0.0,0,0.0,0.0,0.0,,0.0,Poor
PLY_0698,Prashant Veer,Allrounder,0,0,0,0,0,0.0,0.0,0,0.0,0.0,0.0,,0.0,Poor
PLY_0699,Gurjapneet Singh,Bowler,83,74,9,1,10,16.6,112.16,5,3.0,8.0,60.0,20.0,7.5,Below Average
PLY_0700,Matt Henry,Bowler,0,0,0,0,0,0.0,0.0,0,1.0,5.0,71.0,71.0,14.2,Poor
PLY_0701,Pathum Nissanka,Batter,0,0,0,0,0,0.0,0.0,0,0.0,0.0,0.0,,0.0,Poor
PLY_0702,Sahil Parekh,Batter,0,0,0,0,0,0.0,0.0,0,0.0,0.0,0.0,,0.0,Poor
PLY_0703,Ajay Mandal,Allrounder,0,0,0,0,0,0.0,0.0,0,0.0,0.0,0.0,,0.0,Poor
PLY_0704,Auqib Nabi,Bowler,0,0,0,0,0,0.0,0.0,0,0.0,0.0,0.0,,0.0,Poor
PLY_0705,Lungi Ngidi,Bowler,0,0,0,0,0,0.0,0.0,0,8.0,19.0,191.0,23.88,10.05,Below Average
PLY_0707,Tripurana Vijay,Bowler,0,0,0,0,0,0.0,0.0,0,0.0,0.0,0.0,,0.0,Poor
PLY_0708,Nishant Sindhu,Allrounder,0,0,0,0,0,0.0,0.0,0,0.0,0.0,0.0,,0.0,Poor
PLY_0709,Ashok Sharma,Bowler,0,0,0,0,0,0.0,0.0,0,0.0,0.0,0.0,,0.0,Poor
PLY_0710,Gurnoor Brar,Bowler,0,0,0,0,0,0.0,0.0,0,0.0,0.0,0.0,,0.0,Poor
PLY_0711,Kulwant Khejroliya,Bowler,0,0,0,0,0,0.0,0.0,0,2.0,10.5,92.0,46.0,8.49,Poor
PLY_0712,Finn Allen,Batter,0,0,0,0,0,0.0,0.0,0,0.0,0.0,0.0,,0.0,Poor
PLY_0713,Tejasvi Dahiya,Batter,0,0,0,0,0,0.0,0.0,0,0.0,0.0,0.0,,0.0,Poor
PLY_0714,Tejasvi Dahiya,Batter,0,0,0,0,0,0.0,0.0,0,0.0,0.0,0.0,,0.0,Poor
PLY_0716,Saurabh Dube,Bowler,0,0,0,0,0,0.0,0.0,0,0.0,0.0,0.0,,0.0,Poor
PLY_0717,Blessing Muzarabani,Bowler,0,0,0,0,0,0.0,0.0,0,0.0,0.0,0.0,,0.0,Poor
PLY_0718,Matheesha Pathirana,Bowler,0,0,0,0,0,0.0,0.0,0,12.0,27.2,232.0,19.33,8.49,Excellent
PLY_0719,Prashant Solanki,Bowler,0,0,0,0,0,0.0,0.0,0,0.0,0.0,0.0,,0.0,Poor
PLY_0720,Akshat Raghuwanshi,Batter,0,0,0,0,0,0.0,0.0,0,0.0,0.0,0.0,,0.0,Poor
PLY_0721,Mukul Choudhary,Batter,0,0,0,0,0,0.0,0.0,0,0.0,0.0,0.0,,0.0,Poor
PLY_0722,Himmat Singh,Batter,0,0,0,0,0,0.0,0.0,0,0.0,0.0,0.0,,0.0,Poor
PLY_0723,Akash Singh,Bowler,0,0,0,0,0,0.0,0.0,0,4.0,12.0,109.0,27.25,9.08,Below Average
PLY_0724,Digvesh Rathi,Bowler,0,0,0,0,0,0.0,0.0,0,7.0,20.0,160.0,22.86,8.0,Average
PLY_0725,Manimaran Siddharth,Bowler,0,0,0,0,0,0.0,0.0,0,1.0,10.3,78.0,78.0,7.43,Poor
PLY_0726,Naman Tiwari,Bowler,0,0,0,0,0,0.0,0.0,0,0.0,0.0,0.0,,0.0,Poor
PLY_0727,Mayank Yadav,Bowler,0,0,0,0,0,0.0,0.0,0,3.0,9.0,87.0,29.0,9.67,Below Average
PLY_0728,Danish Malewar,Batter,0,0,0,0,0,0.0,0.0,0,0.0,0.0,0.0,,0.0,Poor
PLY_0729,Atharva Ankolekar,Allrounder,0,0,0,0,0,0.0,0.0,0,0.0,0.0,0.0,,0.0,Poor
PLY_0730,Raj Bawa,Allrounder,19,17,1,0,1,19.0,111.76,1,0.0,0.0,0.0,,0.0,Poor
PLY_0731,Mayank Rawat,Allrounder,0,0,0,0,0,0.0,0.0,0,0.0,0.0,0.0,,0.0,Poor
PLY_0732,Ashwani Kumar,Bowler,0,0,0,0,0,0.0,0.0,0,5.0,11.1,122.0,24.4,10.93,Below Average
PLY_0733,AM Ghazanfar,Bowler,0,0,0,0,0,0.0,0.0,0,0.0,0.0,0.0,,0.0,Poor
PLY_0734,Mohd Izhar,Bowler,0,0,0,0,0,0.0,0.0,0,0.0,0.0,0.0,,0.0,Poor
PLY_0735,Pyla Avinash,Batter,0,0,0,0,0,0.0,0.0,0,0.0,0.0,0.0,,0.0,Poor
PLY_0736,Harnoor Singh,Batter,0,0,0,0,0,0.0,0.0,0,0.0,0.0,0.0,,0.0,Poor
PLY_0737,Cooper Connolly,Allrounder,0,0,0,0,0,0.0,0.0,0,0.0,0.0,0.0,,0.0,Poor
PLY_0738,Musheer Khan,Allrounder,174,105,18,9,27,29.0,165.71,6,0.0,0.0,0.0,,0.0,Below Average
PLY_0739,Ben Dwarshuis,Bowler,0,0,0,0,0,0.0,0.0,0,0.0,0.0,0.0,,0.0,Poor
PLY_0740,Vishal Nishad,Bowler,0,0,0,0,0,0.0,0.0,0,0.0,0.0,0.0,,0.0,Poor
PLY_0741,Vijaykumar Vyshak,Bowler,0,1,0,0,0,0.0,0.0,1,7.0,19.5,201.0,28.71,10.13,Below Average
PLY_0746,Nandre Burger,Bowler,0,0,0,0,0,0.0,0.0,0,4.0,11.0,86.0,21.5,7.82,Below Average
PLY_0747,Sushant Mishra,Bowler,0,0,0,0,0,0.0,0.0,0,0.0,0.0,0.0,,0.0,Poor
PLY_0748,Vignesh Puthur,Bowler,0,0,0,0,0,0.0,0.0,0,2.0,5.0,41.0,20.5,8.2,Poor
PLY_0749,Kuldeep Sen,Bowler,0,0,0,0,0,0.0,0.0,0,5.0,20.3,186.0,37.2,9.07,Below Average
PLY_0757,Vicky Ostwal,Bowler,0,0,0,0,0,0.0,0.0,0,0.0,0.0,0.0,,0.0,Poor
PLY_0758,Vicky Ostwal,Bowler,0,0,0,0,0,0.0,0.0,0,0.0,0.0,0.0,,0.0,Poor
PLY_0759,Nuwan Thushara,Bowler,0,0,0,0,0,0.0,0.0,0,4.0,11.2,115.0,28.75,10.15,Below Average
PLY_0767,Eshan Malinga,Bowler,0,0,0,0,0,0.0,0.0,0,3.0,8.0,73.0,24.33,9.12,Below Average
PLY_0769,Sakib Hussain,Bowler,0,0,0,0,0,0.0,0.0,0,0.0,0.0,0.0,,0.0,Poor
PLY_0771,Zeeshan Ansari,Bowler,0,0,0,0,0,0.0,0.0,0,2.0,18.0,171.0,85.5,9.5,Poor
