player_id,player_name,from_team_id,to_team_id,season
PLY_0001,AB de Villiers,,IPL_T20_DC,2007
PLY_0001,AB de Villiers,IPL_T20_DC,IPL_T20_RCB,2011
PLY_0003,Aaron Finch,,IPL_T20_RR,2009
PLY_0003,Aaron Finch,IPL_T20_RR,IPL_T20_DC,2011
PLY_0003,Aaron Finch,IPL_T20_DC,IPL_T20_PW,2013
PLY_0003,Aaron Finch,IPL_T20_PW,IPL_T20_SRH,2014
PLY_0003,Aaron Finch,IPL_T20_SRH,IPL_T20_MI,2015
PLY_0003,Aaron Finch,IPL_T20_MI,IPL_T20_GL,2016
PLY_0003,Aaron Finch,IPL_T20_GL,IPL_T20_PBKS,2018
PLY_0003,Aaron Finch,IPL_T20_PBKS,IPL_T20_RCB,2020
PLY_0003,Aaron Finch,IPL_T20_RCB,IPL_T20_KKR,2022
PLY_0004,Abdul Basith,,IPL_T20_RR,2023
PLY_0005,Abdul Samad,,IPL_T20_SRH,2020
PLY_0005,Abdul Samad,IPL_T20_SRH,IPL_T20_LSG,2025
PLY_0007,Abhijeet Tomar,,IPL_T20_KKR,2022
PLY_0008,Abhimanyu Mithun,,IPL_T20_RCB,2009
PLY_0008,Abhimanyu Mithun,IPL_T20_RCB,IPL_T20_MI,2015
PLY_0008,Abhimanyu Mithun,IPL_T20_MI,IPL_T20_SRH,2016
PLY_0009,Abhinav Manohar,,IPL_T20_GT,2022
PLY_0009,Abhinav Manohar,IPL_T20_GT,IPL_T20_SRH,2025
PLY_0012,Abhishek Nayar,,IPL_T20_MI,2007
PLY_0012,Abhishek Nayar,IPL_T20_MI,IPL_T20_PBKS,2011
PLY_0012,Abhishek Nayar,IPL_T20_PBKS,IPL_T20_PW,2013
PLY_0012,Abhishek Nayar,IPL_T20_PW,IPL_T20_RR,2014
PLY_0014,Abhishek Sharma,,IPL_T20_DC,2018
PLY_0014,Abhishek Sharma,IPL_T20_DC,IPL_T20_SRH,2019
PLY_0015,Abishek Porel,,IPL_T20_DC,2023
PLY_0016,Abu Nechim,,IPL_T20_RCB,2015
PLY_0018,Adam Milne,,IPL_T20_RCB,2016
PLY_0018,Adam Milne,IPL_T20_RCB,IPL_T20_MI,2018
PLY_0018,Adam Milne,IPL_T20_MI,IPL_T20_CSK,2022
PLY_0018,Adam Milne,IPL_T20_CSK,IPL_T20_RR,2026
PLY_0020,Adam Zampa,,IPL_T20_RPS,2016
PLY_0020,Adam Zampa,IPL_T20_RPS,IPL_T20_RCB,2020
PLY_0020,Adam Zampa,IPL_T20_RCB,IPL_T20_RR,2023
PLY_0020,Adam Zampa,IPL_T20_RR,IPL_T20_SRH,2025
PLY_0021,Adil Rashid,,IPL_T20_PBKS,2021
PLY_0021,Adil Rashid,IPL_T20_PBKS,IPL_T20_SRH,2023
PLY_0023,Aditya Tare,,IPL_T20_MI,2009
PLY_0023,Aditya Tare,IPL_T20_MI,IPL_T20_SRH,2016
PLY_0023,Aditya Tare,IPL_T20_SRH,IPL_T20_DC,2017
PLY_0023,Aditya Tare,IPL_T20_DC,IPL_T20_MI,2018
PLY_0025,Aiden Blizzard,,IPL_T20_MI,2011
PLY_0026,Aiden Markram,,IPL_T20_PBKS,2021
PLY_0026,Aiden Markram,IPL_T20_PBKS,IPL_T20_SRH,2022
PLY_0026,Aiden Markram,IPL_T20_SRH,IPL_T20_LSG,2025
PLY_0028,Ajinkya Rahane,,IPL_T20_MI,2007
PLY_0028,Ajinkya Rahane,IPL_T20_MI,IPL_T20_RR,2011
PLY_0028,Ajinkya Rahane,IPL_T20_RR,IPL_T20_RPS,2016
PLY_0028,Ajinkya Rahane,IPL_T20_RPS,IPL_T20_RR,2018
PLY_0028,Ajinkya Rahane,IPL_T20_RR,IPL_T20_DC,2020
PLY_0028,Ajinkya Rahane,IPL_T20_DC,IPL_T20_KKR,2022
PLY_0028,Ajinkya Rahane,IPL_T20_KKR,IPL_T20_CSK,2023
PLY_0028,Ajinkya Rahane,IPL_T20_CSK,IPL_T20_KKR,2025
PLY_0031,Akash Deep,,IPL_T20_RCB,2021
PLY_0031,Akash Deep,IPL_T20_RCB,IPL_T20_LSG,2025
PLY_0032,Akash Madhwal,,IPL_T20_MI,2023
PLY_0032,Akash Madhwal,IPL_T20_MI,IPL_T20_RR,2025
PLY_0033,Akeal Hosein,,IPL_T20_SRH,2023
PLY_0033,Akeal Hosein,IPL_T20_SRH,IPL_T20_CSK,2026
PLY_0034,Akila Dananjaya,,IPL_T20_MI,2018
PLY_0036,Akshdeep Nath,,IPL_T20_GL,2016
PLY_0036,Akshdeep Nath,IPL_T20_GL,IPL_T20_PBKS,2018
PLY_0036,Akshdeep Nath,IPL_T20_PBKS,IPL_T20_RCB,2019
PLY_0037,Albie Morkel,,IPL_T20_DC,2015
PLY_0037,Albie Morkel,IPL_T20_DC,IPL_T20_RPS,2016
PLY_0038,Alex Carey,,IPL_T20_DC,2020
PLY_0039,Alex Hales,,IPL_T20_MI,2015
PLY_0039,Alex Hales,IPL_T20_MI,IPL_T20_SRH,2018
PLY_0042,Alzarri Joseph,,IPL_T20_MI,2019
PLY_0042,Alzarri Joseph,IPL_T20_MI,IPL_T20_GT,2022
PLY_0042,Alzarri Joseph,IPL_T20_GT,IPL_T20_RCB,2024
PLY_0043,Aman Khan,,IPL_T20_RR,2009
PLY_0043,Aman Khan,IPL_T20_RR,IPL_T20_PW,2011
PLY_0043,Aman Khan,IPL_T20_PW,IPL_T20_KKR,2022
PLY_0043,Aman Khan,IPL_T20_KKR,IPL_T20_DC,2023
PLY_0043,Aman Khan,IPL_T20_DC,IPL_T20_CSK,2026
PLY_0044,Ambati Rayudu,,IPL_T20_MI,2009
PLY_0044,Ambati Rayudu,IPL_T20_MI,IPL_T20_CSK,2018
PLY_0045,Amit Mishra,,IPL_T20_DC,2007
PLY_0045,Amit Mishra,IPL_T20_DC,IPL_T20_SRH,2011
PLY_0045,Amit Mishra,IPL_T20_SRH,IPL_T20_DC,2015
PLY_0045,Amit Mishra,IPL_T20_DC,IPL_T20_GL,2016
PLY_0045,Amit Mishra,IPL_T20_GL,IPL_T20_DC,2017
PLY_0045,Amit Mishra,IPL_T20_DC,IPL_T20_LSG,2023
PLY_0049,Andre Russell,,IPL_T20_DC,2012
PLY_0049,Andre Russell,IPL_T20_DC,IPL_T20_KKR,2014
PLY_0053,Andrew Tye,,IPL_T20_CSK,2015
PLY_0053,Andrew Tye,IPL_T20_CSK,IPL_T20_GL,2016
PLY_0053,Andrew Tye,IPL_T20_GL,IPL_T20_PBKS,2018
PLY_0053,Andrew Tye,IPL_T20_PBKS,IPL_T20_RR,2020
PLY_0053,Andrew Tye,IPL_T20_RR,IPL_T20_LSG,2022
PLY_0054,Angelo Mathews,,IPL_T20_KKR,2009
PLY_0054,Angelo Mathews,IPL_T20_KKR,IPL_T20_PW,2012
PLY_0054,Angelo Mathews,IPL_T20_PW,IPL_T20_DC,2015
PLY_0055,Angkrish Raghuvanshi,,IPL_T20_KKR,2024
PLY_0056,Aniket Choudhary,,IPL_T20_RCB,2017
PLY_0057,Aniket Verma,,IPL_T20_SRH,2025
PLY_0061,Ankit Bawne,,IPL_T20_DC,2017
PLY_0062,Ankit Rajpoot,,IPL_T20_CSK,2013
PLY_0062,Ankit Rajpoot,IPL_T20_CSK,IPL_T20_KKR,2016
PLY_0062,Ankit Rajpoot,IPL_T20_KKR,IPL_T20_PBKS,2018
PLY_0062,Ankit Rajpoot,IPL_T20_PBKS,IPL_T20_RR,2020
PLY_0062,Ankit Rajpoot,IPL_T20_RR,IPL_T20_LSG,2022
PLY_0063,Ankit Sharma,,IPL_T20_SRH,2012
PLY_0063,Ankit Sharma,IPL_T20_SRH,IPL_T20_RR,2014
PLY_0063,Ankit Sharma,IPL_T20_RR,IPL_T20_RPS,2016
PLY_0063,Ankit Sharma,IPL_T20_RPS,IPL_T20_RR,2018
PLY_0064,Ankit Soni,,IPL_T20_GL,2017
PLY_0065,Anmolpreet Singh,,IPL_T20_MI,2019
PLY_0065,Anmolpreet Singh,IPL_T20_MI,IPL_T20_SRH,2023
PLY_0066,Anrich Nortje,,IPL_T20_KKR,2019
PLY_0066,Anrich Nortje,IPL_T20_KKR,IPL_T20_DC,2020
PLY_0066,Anrich Nortje,IPL_T20_DC,IPL_T20_KKR,2025
PLY_0066,Anrich Nortje,IPL_T20_KKR,IPL_T20_LSG,2026
PLY_0067,Anshul Kamboj,,IPL_T20_MI,2024
PLY_0067,Anshul Kamboj,IPL_T20_MI,IPL_T20_CSK,2025
PLY_0068,Anuj Rawat,,IPL_T20_RR,2020
PLY_0068,Anuj Rawat,IPL_T20_RR,IPL_T20_RCB,2022
PLY_0068,Anuj Rawat,IPL_T20_RCB,IPL_T20_GT,2025
PLY_0069,Anukul Roy,,IPL_T20_MI,2018
PLY_0069,Anukul Roy,IPL_T20_MI,IPL_T20_KKR,2022
PLY_0070,Anureet Singh,,IPL_T20_SRH,2009
PLY_0070,Anureet Singh,IPL_T20_SRH,IPL_T20_PBKS,2015
PLY_0070,Anureet Singh,IPL_T20_PBKS,IPL_T20_RR,2018
PLY_0073,Arjun Tendulkar,,IPL_T20_MI,2022
PLY_0073,Arjun Tendulkar,IPL_T20_MI,IPL_T20_LSG,2026
PLY_0075,Arshad Khan,,IPL_T20_MI,2023
PLY_0075,Arshad Khan,IPL_T20_MI,IPL_T20_LSG,2024
PLY_0075,Arshad Khan,IPL_T20_LSG,IPL_T20_GT,2025
PLY_0076,Arshdeep Singh,,IPL_T20_PBKS,2019
PLY_0077,Arshin Atul Kulkarni,,IPL_T20_LSG,2024
PLY_0080,Ashish Nehra,,IPL_T20_MI,2007
PLY_0080,Ashish Nehra,IPL_T20_MI,IPL_T20_DC,2009
PLY_0080,Ashish Nehra,IPL_T20_DC,IPL_T20_PW,2012
PLY_0080,Ashish Nehra,IPL_T20_PW,IPL_T20_DC,2013
PLY_0080,Ashish Nehra,IPL_T20_DC,IPL_T20_CSK,2014
PLY_0080,Ashish Nehra,IPL_T20_CSK,IPL_T20_SRH,2016
PLY_0081,Ashish Reddy,,IPL_T20_SRH,2012
PLY_0083,Ashok Dinda,,IPL_T20_KKR,2007
PLY_0083,Ashok Dinda,IPL_T20_KKR,IPL_T20_DC,2011
PLY_0083,Ashok Dinda,IPL_T20_DC,IPL_T20_PW,2012
PLY_0083,Ashok Dinda,IPL_T20_PW,IPL_T20_RCB,2014
PLY_0083,Ashok Dinda,IPL_T20_RCB,IPL_T20_RPS,2016
PLY_0085,Ashton Turner,,IPL_T20_RR,2019
PLY_0085,Ashton Turner,IPL_T20_RR,IPL_T20_LSG,2024
PLY_0086,Ashutosh Sharma,,IPL_T20_PBKS,2024
PLY_0086,Ashutosh Sharma,IPL_T20_PBKS,IPL_T20_DC,2025
PLY_0087,Atharva Taide,,IPL_T20_PBKS,2022
PLY_0087,Atharva Taide,IPL_T20_PBKS,IPL_T20_SRH,2025
PLY_0088,Avesh Khan,,IPL_T20_RCB,2017
PLY_0088,Avesh Khan,IPL_T20_RCB,IPL_T20_DC,2018
PLY_0088,Avesh Khan,IPL_T20_DC,IPL_T20_LSG,2022
PLY_0088,Avesh Khan,IPL_T20_LSG,IPL_T20_RR,2024
PLY_0088,Avesh Khan,IPL_T20_RR,IPL_T20_LSG,2025
PLY_0089,Axar Patel,,IPL_T20_PBKS,2014
PLY_0089,Axar Patel,IPL_T20_PBKS,IPL_T20_DC,2019
PLY_0090,Ayush Badoni,,IPL_T20_LSG,2022
PLY_0091,Ayush Mhatre,,IPL_T20_CSK,2025
PLY_0093,Azhar Mahmood,,IPL_T20_PBKS,2012
PLY_0093,Azhar Mahmood,IPL_T20_PBKS,IPL_T20_KKR,2015
PLY_0094,Azmatullah Omarzai,,IPL_T20_GT,2024
PLY_0094,Azmatullah Omarzai,IPL_T20_GT,IPL_T20_PBKS,2025
PLY_0095,B Indrajith,,IPL_T20_KKR,2022
PLY_0096,B R Sharath,,IPL_T20_GT,2024
PLY_0098,Barinder Sran,,IPL_T20_RR,2015
PLY_0098,Barinder Sran,IPL_T20_RR,IPL_T20_SRH,2016
PLY_0098,Barinder Sran,IPL_T20_SRH,IPL_T20_PBKS,2018
PLY_0098,Barinder Sran,IPL_T20_PBKS,IPL_T20_MI,2019
PLY_0099,Basil Thampi,,IPL_T20_GL,2017
PLY_0099,Basil Thampi,IPL_T20_GL,IPL_T20_SRH,2018
PLY_0099,Basil Thampi,IPL_T20_SRH,IPL_T20_MI,2022
PLY_0100,Ben Cutting,,IPL_T20_RR,2014
PLY_0100,Ben Cutting,IPL_T20_RR,IPL_T20_SRH,2016
PLY_0100,Ben Cutting,IPL_T20_SRH,IPL_T20_MI,2018
PLY_0100,Ben Cutting,IPL_T20_MI,IPL_T20_KKR,2021
PLY_0102,Ben Laughlin,,IPL_T20_CSK,2013
PLY_0102,Ben Laughlin,IPL_T20_CSK,IPL_T20_SRH,2017
PLY_0102,Ben Laughlin,IPL_T20_SRH,IPL_T20_RR,2018
PLY_0104,Ben Stokes,,IPL_T20_RPS,2017
PLY_0104,Ben Stokes,IPL_T20_RPS,IPL_T20_RR,2018
PLY_0104,Ben Stokes,IPL_T20_RR,IPL_T20_CSK,2023
PLY_0105,Beuran Hendricks,,IPL_T20_PBKS,2014
PLY_0105,Beuran Hendricks,IPL_T20_PBKS,IPL_T20_MI,2019
PLY_0106,Bhanuka Rajapaksa,,IPL_T20_PBKS,2022
PLY_0109,Bhuvneshwar Kumar,,IPL_T20_PW,2011
PLY_0109,Bhuvneshwar Kumar,IPL_T20_PW,IPL_T20_SRH,2014
PLY_0109,Bhuvneshwar Kumar,IPL_T20_SRH,IPL_T20_RCB,2025
PLY_0110,Billy Stanlake,,IPL_T20_RCB,2017
PLY_0110,Billy Stanlake,IPL_T20_RCB,IPL_T20_SRH,2018
PLY_0112,Bipul Sharma,,IPL_T20_PBKS,2009
PLY_0112,Bipul Sharma,IPL_T20_PBKS,IPL_T20_SRH,2015
PLY_0116,Brad Hogg,,IPL_T20_KKR,2015
PLY_0117,Brendon McCullum,,IPL_T20_KKR,2007
PLY_0117,Brendon McCullum,IPL_T20_KKR,IPL_T20_KTK,2011
PLY_0117,Brendon McCullum,IPL_T20_KTK,IPL_T20_KKR,2012
PLY_0117,Brendon McCullum,IPL_T20_KKR,IPL_T20_CSK,2014
PLY_0117,Brendon McCullum,IPL_T20_CSK,IPL_T20_GL,2016
PLY_0117,Brendon McCullum,IPL_T20_GL,IPL_T20_RCB,2018
PLY_0120,Cameron Green,,IPL_T20_KKR,2020
PLY_0120,Cameron Green,IPL_T20_KKR,IPL_T20_MI,2023
PLY_0120,Cameron Green,IPL_T20_MI,IPL_T20_RCB,2024
PLY_0120,Cameron Green,IPL_T20_RCB,IPL_T20_KKR,2026
PLY_0122,Carlos Brathwaite,,IPL_T20_DC,2016
PLY_0122,Carlos Brathwaite,IPL_T20_DC,IPL_T20_SRH,2018
PLY_0122,Carlos Brathwaite,IPL_T20_SRH,IPL_T20_KKR,2019
PLY_0127,Chetan Sakariya,,IPL_T20_RR,2021
PLY_0127,Chetan Sakariya,IPL_T20_RR,IPL_T20_DC,2022
PLY_0127,Chetan Sakariya,IPL_T20_DC,IPL_T20_KKR,2024
PLY_0129,Cheteshwar Pujara,,IPL_T20_KKR,2009
PLY_0129,Cheteshwar Pujara,IPL_T20_KKR,IPL_T20_RCB,2011
PLY_0129,Cheteshwar Pujara,IPL_T20_RCB,IPL_T20_PBKS,2014
PLY_0129,Cheteshwar Pujara,IPL_T20_PBKS,IPL_T20_CSK,2021
PLY_0130,Chidhambaram Gautam,,IPL_T20_DC,2013
PLY_0130,Chidhambaram Gautam,IPL_T20_DC,IPL_T20_MI,2014
PLY_0130,Chidhambaram Gautam,IPL_T20_MI,IPL_T20_DC,2015
PLY_0131,Chris Gayle,,IPL_T20_KKR,2009
PLY_0131,Chris Gayle,IPL_T20_KKR,IPL_T20_RCB,2011
PLY_0131,Chris Gayle,IPL_T20_RCB,IPL_T20_PBKS,2018
PLY_0132,Chris Jordan,,IPL_T20_RCB,2016
PLY_0132,Chris Jordan,IPL_T20_RCB,IPL_T20_SRH,2017
PLY_0132,Chris Jordan,IPL_T20_SRH,IPL_T20_PBKS,2020
PLY_0132,Chris Jordan,IPL_T20_PBKS,IPL_T20_CSK,2022
PLY_0132,Chris Jordan,IPL_T20_CSK,IPL_T20_MI,2023
PLY_0133,Chris Lynn,,IPL_T20_SRH,2012
PLY_0133,Chris Lynn,IPL_T20_SRH,IPL_T20_KKR,2014
PLY_0133,Chris Lynn,IPL_T20_KKR,IPL_T20_MI,2020
PLY_0134,Chris Morris,,IPL_T20_CSK,2013
PLY_0134,Chris Morris,IPL_T20_CSK,IPL_T20_RR,2015
PLY_0134,Chris Morris,IPL_T20_RR,IPL_T20_DC,2016
PLY_0134,Chris Morris,IPL_T20_DC,IPL_T20_RCB,2020
PLY_0134,Chris Morris,IPL_T20_RCB,IPL_T20_RR,2021
PLY_0135,Chris Woakes,,IPL_T20_KKR,2017
PLY_0135,Chris Woakes,IPL_T20_KKR,IPL_T20_RCB,2018
PLY_0135,Chris Woakes,IPL_T20_RCB,IPL_T20_DC,2021
PLY_0135,Chris Woakes,IPL_T20_DC,IPL_T20_PBKS,2024
PLY_0137,Colin Ingram,,IPL_T20_DC,2011
PLY_0138,Colin Munro,,IPL_T20_MI,2015
PLY_0138,Colin Munro,IPL_T20_MI,IPL_T20_KKR,2016
PLY_0138,Colin Munro,IPL_T20_KKR,IPL_T20_DC,2018
PLY_0139,Colin de Grandhomme,,IPL_T20_KKR,2017
PLY_0139,Colin de Grandhomme,IPL_T20_KKR,IPL_T20_RCB,2018
PLY_0140,Corbin Bosch,,IPL_T20_RR,2022
PLY_0140,Corbin Bosch,IPL_T20_RR,IPL_T20_MI,2025
PLY_0141,Corey Anderson,,IPL_T20_MI,2014
PLY_0141,Corey Anderson,IPL_T20_MI,IPL_T20_DC,2017
PLY_0141,Corey Anderson,IPL_T20_DC,IPL_T20_RCB,2018
PLY_0142,D'Arcy Short,,IPL_T20_RR,2018
PLY_0143,Dale Steyn,,IPL_T20_RCB,2007
PLY_0143,Dale Steyn,IPL_T20_RCB,IPL_T20_SRH,2011
PLY_0143,Dale Steyn,IPL_T20_SRH,IPL_T20_GL,2016
PLY_0143,Dale Steyn,IPL_T20_GL,IPL_T20_RCB,2019
PLY_0145,Dan Christian,,IPL_T20_SRH,2011
PLY_0145,Dan Christian,IPL_T20_SRH,IPL_T20_RCB,2013
PLY_0145,Dan Christian,IPL_T20_RCB,IPL_T20_RPS,2017
PLY_0145,Dan Christian,IPL_T20_RPS,IPL_T20_DC,2018
PLY_0145,Dan Christian,IPL_T20_DC,IPL_T20_RCB,2021
PLY_0147,Daniel Sams,,IPL_T20_DC,2020
PLY_0147,Daniel Sams,IPL_T20_DC,IPL_T20_RCB,2021
PLY_0147,Daniel Sams,IPL_T20_RCB,IPL_T20_MI,2022
PLY_0147,Daniel Sams,IPL_T20_MI,IPL_T20_LSG,2023
PLY_0149,Darren Bravo,,IPL_T20_KKR,2017
PLY_0151,Darren Sammy,,IPL_T20_SRH,2013
PLY_0151,Darren Sammy,IPL_T20_SRH,IPL_T20_RCB,2015
PLY_0151,Darren Sammy,IPL_T20_RCB,IPL_T20_PBKS,2017
PLY_0152,Darshan Nalkande,,IPL_T20_PBKS,2019
PLY_0152,Darshan Nalkande,IPL_T20_PBKS,IPL_T20_GT,2022
PLY_0152,Darshan Nalkande,IPL_T20_GT,IPL_T20_DC,2025
PLY_0153,Daryl Mitchell,,IPL_T20_RR,2022
PLY_0153,Daryl Mitchell,IPL_T20_RR,IPL_T20_CSK,2024
PLY_0154,Dasun Shanaka,,IPL_T20_GT,2023
PLY_0154,Dasun Shanaka,IPL_T20_GT,IPL_T20_RR,2026
PLY_0156,David Miller,,IPL_T20_PBKS,2012
PLY_0156,David Miller,IPL_T20_PBKS,IPL_T20_RR,2020
PLY_0156,David Miller,IPL_T20_RR,IPL_T20_GT,2022
PLY_0156,David Miller,IPL_T20_GT,IPL_T20_LSG,2025
PLY_0156,David Miller,IPL_T20_LSG,IPL_T20_DC,2026
PLY_0157,David Warner,,IPL_T20_DC,2009
PLY_0157,David Warner,IPL_T20_DC,IPL_T20_SRH,2014
PLY_0157,David Warner,IPL_T20_SRH,IPL_T20_DC,2022
PLY_0158,David Wiese,,IPL_T20_RCB,2015
PLY_0158,David Wiese,IPL_T20_RCB,IPL_T20_KKR,2023
PLY_0159,David Willey,,IPL_T20_CSK,2018
PLY_0159,David Willey,IPL_T20_CSK,IPL_T20_RCB,2022
PLY_0161,Dawid Malan,,IPL_T20_PBKS,2021
PLY_0163,Deepak Chahar,,IPL_T20_RPS,2016
PLY_0163,Deepak Chahar,IPL_T20_RPS,IPL_T20_CSK,2018
PLY_0163,Deepak Chahar,IPL_T20_CSK,IPL_T20_MI,2025
PLY_0164,Deepak Hooda,,IPL_T20_RR,2015
PLY_0164,Deepak Hooda,IPL_T20_RR,IPL_T20_SRH,2016
PLY_0164,Deepak Hooda,IPL_T20_SRH,IPL_T20_PBKS,2020
PLY_0164,Deepak Hooda,IPL_T20_PBKS,IPL_T20_LSG,2022
PLY_0164,Deepak Hooda,IPL_T20_LSG,IPL_T20_CSK,2025
PLY_0165,Devdutt Padikkal,,IPL_T20_RCB,2019
PLY_0165,Devdutt Padikkal,IPL_T20_RCB,IPL_T20_RR,2022
PLY_0165,Devdutt Padikkal,IPL_T20_RR,IPL_T20_LSG,2024
PLY_0165,Devdutt Padikkal,IPL_T20_LSG,IPL_T20_RCB,2025
PLY_0166,Devon Conway,,IPL_T20_CSK,2022
PLY_0168,Dewald Brevis,,IPL_T20_MI,2022
PLY_0168,Dewald Brevis,IPL_T20_MI,IPL_T20_CSK,2025
PLY_0169,Dhawal Kulkarni,,IPL_T20_MI,2007
PLY_0169,Dhawal Kulkarni,IPL_T20_MI,IPL_T20_RR,2014
PLY_0169,Dhawal Kulkarni,IPL_T20_RR,IPL_T20_GL,2016
PLY_0169,Dhawal Kulkarni,IPL_T20_GL,IPL_T20_RR,2018
PLY_0169,Dhawal Kulkarni,IPL_T20_RR,IPL_T20_MI,2020
PLY_0170,Dhruv Jurel,,IPL_T20_RR,2022
PLY_0171,Dhruv Shorey,,IPL_T20_CSK,2018
PLY_0176,Dinesh Karthik,,IPL_T20_RCB,2015
PLY_0176,Dinesh Karthik,IPL_T20_RCB,IPL_T20_GL,2016
PLY_0176,Dinesh Karthik,IPL_T20_GL,IPL_T20_KKR,2018
PLY_0176,Dinesh Karthik,IPL_T20_KKR,IPL_T20_RCB,2022
PLY_0177,Dinesh Salunkhe,,IPL_T20_RR,2007
PLY_0179,Dishant Yagnik,,IPL_T20_RR,2011
PLY_0183,Donovan Ferreira,,IPL_T20_RR,2023
PLY_0183,Donovan Ferreira,IPL_T20_RR,IPL_T20_DC,2025
PLY_0183,Donovan Ferreira,IPL_T20_DC,IPL_T20_RR,2026
PLY_0186,Dushmantha Chameera,,IPL_T20_RR,2018
PLY_0186,Dushmantha Chameera,IPL_T20_RR,IPL_T20_RCB,2021
PLY_0186,Dushmantha Chameera,IPL_T20_RCB,IPL_T20_LSG,2022
PLY_0186,Dushmantha Chameera,IPL_T20_LSG,IPL_T20_KKR,2024
PLY_0186,Dushmantha Chameera,IPL_T20_KKR,IPL_T20_DC,2025
PLY_0187,Dwaine Pretorius,,IPL_T20_CSK,2022
PLY_0189,Dwayne Bravo,,IPL_T20_MI,2007
PLY_0189,Dwayne Bravo,IPL_T20_MI,IPL_T20_CSK,2011
PLY_0189,Dwayne Bravo,IPL_T20_CSK,IPL_T20_GL,2016
PLY_0189,Dwayne Bravo,IPL_T20_GL,IPL_T20_KKR,2017
PLY_0189,Dwayne Bravo,IPL_T20_KKR,IPL_T20_CSK,2018
PLY_0190,Dwayne Smith,,IPL_T20_MI,2007
PLY_0190,Dwayne Smith,IPL_T20_MI,IPL_T20_SRH,2009
PLY_0190,Dwayne Smith,IPL_T20_SRH,IPL_T20_MI,2012
PLY_0190,Dwayne Smith,IPL_T20_MI,IPL_T20_CSK,2014
PLY_0190,Dwayne Smith,IPL_T20_CSK,IPL_T20_GL,2016
PLY_0191,Eklavya Dwivedi,,IPL_T20_CSK,2015
PLY_0191,Eklavya Dwivedi,IPL_T20_CSK,IPL_T20_GL,2016
PLY_0191,Eklavya Dwivedi,IPL_T20_GL,IPL_T20_SRH,2017
PLY_0192,Eoin Morgan,,IPL_T20_RCB,2009
PLY_0192,Eoin Morgan,IPL_T20_RCB,IPL_T20_KKR,2011
PLY_0192,Eoin Morgan,IPL_T20_KKR,IPL_T20_SRH,2015
PLY_0192,Eoin Morgan,IPL_T20_SRH,IPL_T20_PBKS,2017
PLY_0192,Eoin Morgan,IPL_T20_PBKS,IPL_T20_KKR,2020
PLY_0193,Evin Lewis,,IPL_T20_MI,2018
PLY_0193,Evin Lewis,IPL_T20_MI,IPL_T20_RR,2021
PLY_0193,Evin Lewis,IPL_T20_RR,IPL_T20_LSG,2022
PLY_0194,Fabian Allen,,IPL_T20_SRH,2020
PLY_0194,Fabian Allen,IPL_T20_SRH,IPL_T20_PBKS,2021
PLY_0194,Fabian Allen,IPL_T20_PBKS,IPL_T20_MI,2022
PLY_0196,Faf du Plessis,,IPL_T20_CSK,2012
PLY_0196,Faf du Plessis,IPL_T20_CSK,IPL_T20_RPS,2016
PLY_0196,Faf du Plessis,IPL_T20_RPS,IPL_T20_CSK,2018
PLY_0196,Faf du Plessis,IPL_T20_CSK,IPL_T20_RCB,2022
PLY_0196,Faf du Plessis,IPL_T20_RCB,IPL_T20_DC,2025
PLY_0198,Farhaan Behardien,,IPL_T20_PBKS,2016
PLY_0199,Fazalhaq Farooqi,,IPL_T20_SRH,2022
PLY_0199,Fazalhaq Farooqi,IPL_T20_SRH,IPL_T20_RR,2025
PLY_0200,Gautam Gambhir,,IPL_T20_DC,2007
PLY_0200,Gautam Gambhir,IPL_T20_DC,IPL_T20_KKR,2011
PLY_0200,Gautam Gambhir,IPL_T20_KKR,IPL_T20_DC,2018
PLY_0201,George Bailey,,IPL_T20_CSK,2009
PLY_0201,George Bailey,IPL_T20_CSK,IPL_T20_PBKS,2014
PLY_0201,George Bailey,IPL_T20_PBKS,IPL_T20_RPS,2016
PLY_0202,George Garton,,IPL_T20_RCB,2021
PLY_0203,Gerald Coetzee,,IPL_T20_RR,2021
PLY_0203,Gerald Coetzee,IPL_T20_RR,IPL_T20_MI,2024
PLY_0203,Gerald Coetzee,IPL_T20_MI,IPL_T20_GT,2025
PLY_0204,Glenn Maxwell,,IPL_T20_DC,2012
PLY_0204,Glenn Maxwell,IPL_T20_DC,IPL_T20_MI,2013
PLY_0204,Glenn Maxwell,IPL_T20_MI,IPL_T20_PBKS,2014
PLY_0204,Glenn Maxwell,IPL_T20_PBKS,IPL_T20_DC,2018
PLY_0204,Glenn Maxwell,IPL_T20_DC,IPL_T20_PBKS,2020
PLY_0204,Glenn Maxwell,IPL_T20_PBKS,IPL_T20_RCB,2021
PLY_0204,Glenn Maxwell,IPL_T20_RCB,IPL_T20_PBKS,2025
PLY_0206,Glenn Phillips,,IPL_T20_RR,2021
PLY_0206,Glenn Phillips,IPL_T20_RR,IPL_T20_SRH,2022
PLY_0206,Glenn Phillips,IPL_T20_SRH,IPL_T20_GT,2026
PLY_0212,Hanuma Vihari,,IPL_T20_SRH,2015
PLY_0212,Hanuma Vihari,IPL_T20_SRH,IPL_T20_DC,2019
PLY_0213,Harbhajan Singh,,IPL_T20_MI,2007
PLY_0213,Harbhajan Singh,IPL_T20_MI,IPL_T20_CSK,2018
PLY_0213,Harbhajan Singh,IPL_T20_CSK,IPL_T20_KKR,2021
PLY_0214,Hardik Pandya,,IPL_T20_MI,2015
PLY_0214,Hardik Pandya,IPL_T20_MI,IPL_T20_GT,2022
PLY_0214,Hardik Pandya,IPL_T20_GT,IPL_T20_MI,2024
PLY_0215,Hardus Viljoen,,IPL_T20_PBKS,2019
PLY_0218,Harpreet Brar,,IPL_T20_PBKS,2019
PLY_0219,Harpreet Singh,,IPL_T20_SRH,2009
PLY_0219,Harpreet Singh,IPL_T20_SRH,IPL_T20_PW,2012
PLY_0219,Harpreet Singh,IPL_T20_PW,IPL_T20_PBKS,2013
PLY_0219,Harpreet Singh,IPL_T20_PBKS,IPL_T20_RCB,2017
PLY_0219,Harpreet Singh,IPL_T20_RCB,IPL_T20_PBKS,2023
PLY_0220,Harry Brook,,IPL_T20_SRH,2023
PLY_0221,Harry Gurney,,IPL_T20_KKR,2019
PLY_0222,Harshal Patel,,IPL_T20_RCB,2012
PLY_0222,Harshal Patel,IPL_T20_RCB,IPL_T20_DC,2018
PLY_0222,Harshal Patel,IPL_T20_DC,IPL_T20_RCB,2021
PLY_0222,Harshal Patel,IPL_T20_RCB,IPL_T20_PBKS,2024
PLY_0222,Harshal Patel,IPL_T20_PBKS,IPL_T20_SRH,2025
PLY_0223,Harshit Rana,,IPL_T20_KKR,2022
PLY_0224,Hashim Amla,,IPL_T20_PBKS,2016
PLY_0225,Heinrich Klaasen,,IPL_T20_RR,2018
PLY_0225,Heinrich Klaasen,IPL_T20_RR,IPL_T20_RCB,2019
PLY_0225,Heinrich Klaasen,IPL_T20_RCB,IPL_T20_SRH,2023
PLY_0227,Hrithik Shokeen,,IPL_T20_MI,2022
PLY_0228,Imran Tahir,,IPL_T20_DC,2014
PLY_0228,Imran Tahir,IPL_T20_DC,IPL_T20_RPS,2017
PLY_0228,Imran Tahir,IPL_T20_RPS,IPL_T20_CSK,2018
PLY_0229,Iqbal Abdulla,,IPL_T20_KKR,2007
PLY_0229,Iqbal Abdulla,IPL_T20_KKR,IPL_T20_RR,2014
PLY_0229,Iqbal Abdulla,IPL_T20_RR,IPL_T20_RCB,2015
PLY_0230,Irfan Pathan,,IPL_T20_PBKS,2007
PLY_0230,Irfan Pathan,IPL_T20_PBKS,IPL_T20_DC,2011
PLY_0230,Irfan Pathan,IPL_T20_DC,IPL_T20_SRH,2014
PLY_0230,Irfan Pathan,IPL_T20_SRH,IPL_T20_CSK,2015
PLY_0230,Irfan Pathan,IPL_T20_CSK,IPL_T20_RPS,2016
PLY_0230,Irfan Pathan,IPL_T20_RPS,IPL_T20_GL,2017
PLY_0231,Ish Sodhi,,IPL_T20_PBKS,2009
PLY_0231,Ish Sodhi,IPL_T20_PBKS,IPL_T20_RR,2018
PLY_0232,Ishan Kishan,,IPL_T20_GL,2016
PLY_0232,Ishan Kishan,IPL_T20_GL,IPL_T20_MI,2018
PLY_0232,Ishan Kishan,IPL_T20_MI,IPL_T20_SRH,2025
PLY_0233,Vihan Malhotra,,IPL_T20_SRH,2011
PLY_0233,Vihan Malhotra,IPL_T20_SRH,IPL_T20_RCB,2026
PLY_0234,Ishank Jaggi,,IPL_T20_SRH,2011
PLY_0234,Ishank Jaggi,IPL_T20_SRH,IPL_T20_KKR,2017
PLY_0235,Ishant Sharma,,IPL_T20_KKR,2007
PLY_0235,Ishant Sharma,IPL_T20_KKR,IPL_T20_SRH,2011
PLY_0235,Ishant Sharma,IPL_T20_SRH,IPL_T20_RPS,2016
PLY_0235,Ishant Sharma,IPL_T20_RPS,IPL_T20_PBKS,2017
PLY_0235,Ishant Sharma,IPL_T20_PBKS,IPL_T20_DC,2019
PLY_0235,Ishant Sharma,IPL_T20_DC,IPL_T20_GT,2025
PLY_0236,Isuru Udana,,IPL_T20_RCB,2020
PLY_0239,Jacob Bethell,,IPL_T20_RCB,2025
PLY_0244,Jagadeesha Suchith,,IPL_T20_MI,2015
PLY_0244,Jagadeesha Suchith,IPL_T20_MI,IPL_T20_DC,2019
PLY_0244,Jagadeesha Suchith,IPL_T20_DC,IPL_T20_PBKS,2020
PLY_0244,Jagadeesha Suchith,IPL_T20_PBKS,IPL_T20_SRH,2021
PLY_0245,Jake Fraser - McGurk,,IPL_T20_DC,2024
PLY_0246,James Faulkner,,IPL_T20_PW,2011
PLY_0246,James Faulkner,IPL_T20_PW,IPL_T20_PBKS,2012
PLY_0246,James Faulkner,IPL_T20_PBKS,IPL_T20_RR,2013
PLY_0246,James Faulkner,IPL_T20_RR,IPL_T20_GL,2016
PLY_0249,James Neesham,,IPL_T20_DC,2014
PLY_0249,James Neesham,IPL_T20_DC,IPL_T20_PBKS,2020
PLY_0249,James Neesham,IPL_T20_PBKS,IPL_T20_MI,2021
PLY_0249,James Neesham,IPL_T20_MI,IPL_T20_RR,2022
PLY_0250,James Pattinson,,IPL_T20_MI,2020
PLY_0251,Jamie Overton,,IPL_T20_CSK,2025
PLY_0252,Jaskaran Singh,,IPL_T20_SRH,2009
PLY_0252,Jaskaran Singh,IPL_T20_SRH,IPL_T20_RPS,2016
PLY_0253,Jason Behrendorff,,IPL_T20_MI,2019
PLY_0253,Jason Behrendorff,IPL_T20_MI,IPL_T20_CSK,2021
PLY_0253,Jason Behrendorff,IPL_T20_CSK,IPL_T20_RCB,2022
PLY_0253,Jason Behrendorff,IPL_T20_RCB,IPL_T20_MI,2023
PLY_0254,Jason Holder,,IPL_T20_CSK,2013
PLY_0254,Jason Holder,IPL_T20_CSK,IPL_T20_SRH,2014
PLY_0254,Jason Holder,IPL_T20_SRH,IPL_T20_KKR,2016
PLY_0254,Jason Holder,IPL_T20_KKR,IPL_T20_SRH,2020
PLY_0254,Jason Holder,IPL_T20_SRH,IPL_T20_LSG,2022
PLY_0254,Jason Holder,IPL_T20_LSG,IPL_T20_RR,2023
PLY_0254,Jason Holder,IPL_T20_RR,IPL_T20_GT,2026
PLY_0255,Jason Roy,,IPL_T20_GL,2017
PLY_0255,Jason Roy,IPL_T20_GL,IPL_T20_DC,2018
PLY_0255,Jason Roy,IPL_T20_DC,IPL_T20_SRH,2021
PLY_0255,Jason Roy,IPL_T20_SRH,IPL_T20_KKR,2023
PLY_0256,Jasprit Bumrah,,IPL_T20_MI,2013
PLY_0257,Javon Searles,,IPL_T20_KKR,2018
PLY_0258,Jayant Yadav,,IPL_T20_DC,2015
PLY_0258,Jayant Yadav,IPL_T20_DC,IPL_T20_MI,2019
PLY_0258,Jayant Yadav,IPL_T20_MI,IPL_T20_GT,2022
PLY_0259,Jaydev Unadkat,,IPL_T20_KKR,2009
PLY_0259,Jaydev Unadkat,IPL_T20_KKR,IPL_T20_RCB,2013
PLY_0259,Jaydev Unadkat,IPL_T20_RCB,IPL_T20_DC,2014
PLY_0259,Jaydev Unadkat,IPL_T20_DC,IPL_T20_KKR,2016
PLY_0259,Jaydev Unadkat,IPL_T20_KKR,IPL_T20_RPS,2017
PLY_0259,Jaydev Unadkat,IPL_T20_RPS,IPL_T20_RR,2018
PLY_0259,Jaydev Unadkat,IPL_T20_RR,IPL_T20_MI,2022
PLY_0259,Jaydev Unadkat,IPL_T20_MI,IPL_T20_LSG,2023
PLY_0259,Jaydev Unadkat,IPL_T20_LSG,IPL_T20_SRH,2024
PLY_0262,Jhye Richardson,,IPL_T20_PBKS,2021
PLY_0262,Jhye Richardson,IPL_T20_PBKS,IPL_T20_DC,2024
PLY_0264,Jitesh Sharma,,IPL_T20_CSK,2007
PLY_0264,Jitesh Sharma,IPL_T20_CSK,IPL_T20_PBKS,2022
PLY_0264,Jitesh Sharma,IPL_T20_PBKS,IPL_T20_RCB,2025
PLY_0265,Joe Denly,,IPL_T20_KKR,2019
PLY_0266,Joe Root,,IPL_T20_RR,2023
PLY_0267,Jofra Archer,,IPL_T20_RR,2018
PLY_0267,Jofra Archer,IPL_T20_RR,IPL_T20_MI,2022
PLY_0267,Jofra Archer,IPL_T20_MI,IPL_T20_RR,2025
PLY_0269,Johan Botha,,IPL_T20_RR,2009
PLY_0269,Johan Botha,IPL_T20_RR,IPL_T20_DC,2013
PLY_0269,Johan Botha,IPL_T20_DC,IPL_T20_KKR,2015
PLY_0271,Jonny Bairstow,,IPL_T20_SRH,2019
PLY_0271,Jonny Bairstow,IPL_T20_SRH,IPL_T20_PBKS,2022
PLY_0271,Jonny Bairstow,IPL_T20_PBKS,IPL_T20_MI,2025
PLY_0272,Jos Buttler,,IPL_T20_MI,2016
PLY_0272,Jos Buttler,IPL_T20_MI,IPL_T20_RR,2018
PLY_0272,Jos Buttler,IPL_T20_RR,IPL_T20_GT,2025
PLY_0273,Josh Hazlewood,,IPL_T20_CSK,2020
PLY_0273,Josh Hazlewood,IPL_T20_CSK,IPL_T20_RCB,2022
PLY_0274,Josh Inglis,,IPL_T20_PBKS,2025
PLY_0274,Josh Inglis,IPL_T20_PBKS,IPL_T20_LSG,2026
PLY_0275,Josh Philippe,,IPL_T20_RCB,2020
PLY_0278,K.S Bharat,,IPL_T20_RCB,2021
PLY_0278,K.S Bharat,IPL_T20_RCB,IPL_T20_DC,2022
PLY_0279,KC Cariappa,,IPL_T20_KKR,2015
PLY_0279,KC Cariappa,IPL_T20_KKR,IPL_T20_PBKS,2016
PLY_0279,KC Cariappa,IPL_T20_PBKS,IPL_T20_KKR,2019
PLY_0279,KC Cariappa,IPL_T20_KKR,IPL_T20_RR,2021
PLY_0280,KL Rahul,,IPL_T20_RCB,2013
PLY_0280,KL Rahul,IPL_T20_RCB,IPL_T20_SRH,2014
PLY_0280,KL Rahul,IPL_T20_SRH,IPL_T20_RCB,2016
PLY_0280,KL Rahul,IPL_T20_RCB,IPL_T20_PBKS,2018
PLY_0280,KL Rahul,IPL_T20_PBKS,IPL_T20_LSG,2022
PLY_0280,KL Rahul,IPL_T20_LSG,IPL_T20_DC,2025
PLY_0282,Kagiso Rabada,,IPL_T20_DC,2017
PLY_0282,Kagiso Rabada,IPL_T20_DC,IPL_T20_PBKS,2022
PLY_0282,Kagiso Rabada,IPL_T20_PBKS,IPL_T20_GT,2025
PLY_0283,Kamindu Mendis,,IPL_T20_SRH,2025
PLY_0284,Kamlesh Nagarkoti,,IPL_T20_KKR,2018
PLY_0284,Kamlesh Nagarkoti,IPL_T20_KKR,IPL_T20_DC,2022
PLY_0287,Kane Richardson,,IPL_T20_PW,2013
PLY_0287,Kane Richardson,IPL_T20_PW,IPL_T20_RR,2014
PLY_0287,Kane Richardson,IPL_T20_RR,IPL_T20_RCB,2016
PLY_0288,Kane Williamson,,IPL_T20_SRH,2015
PLY_0288,Kane Williamson,IPL_T20_SRH,IPL_T20_GT,2023
PLY_0290,Karan Sharma,,IPL_T20_LSG,2022
PLY_0291,Karanveer Singh,,IPL_T20_PBKS,2014
PLY_0292,Karn Sharma,,IPL_T20_RCB,2009
PLY_0292,Karn Sharma,IPL_T20_RCB,IPL_T20_SRH,2013
PLY_0292,Karn Sharma,IPL_T20_SRH,IPL_T20_MI,2017
PLY_0292,Karn Sharma,IPL_T20_MI,IPL_T20_CSK,2018
PLY_0292,Karn Sharma,IPL_T20_CSK,IPL_T20_RCB,2022
PLY_0292,Karn Sharma,IPL_T20_RCB,IPL_T20_MI,2025
PLY_0293,Kartik Tyagi,,IPL_T20_RR,2020
PLY_0293,Kartik Tyagi,IPL_T20_RR,IPL_T20_SRH,2022
PLY_0293,Kartik Tyagi,IPL_T20_SRH,IPL_T20_GT,2024
PLY_0293,Kartik Tyagi,IPL_T20_GT,IPL_T20_KKR,2026
PLY_0294,Karun Nair,,IPL_T20_RCB,2013
PLY_0294,Karun Nair,IPL_T20_RCB,IPL_T20_RR,2014
PLY_0294,Karun Nair,IPL_T20_RR,IPL_T20_DC,2016
PLY_0294,Karun Nair,IPL_T20_DC,IPL_T20_PBKS,2018
PLY_0294,Karun Nair,IPL_T20_PBKS,IPL_T20_KKR,2021
PLY_0294,Karun Nair,IPL_T20_KKR,IPL_T20_RR,2022
PLY_0294,Karun Nair,IPL_T20_RR,IPL_T20_DC,2025
PLY_0295,Kedar Jadhav,,IPL_T20_DC,2009
PLY_0295,Kedar Jadhav,IPL_T20_DC,IPL_T20_KTK,2011
PLY_0295,Kedar Jadhav,IPL_T20_KTK,IPL_T20_DC,2013
PLY_0295,Kedar Jadhav,IPL_T20_DC,IPL_T20_RCB,2016
PLY_0295,Kedar Jadhav,IPL_T20_RCB,IPL_T20_CSK,2018
PLY_0295,Kedar Jadhav,IPL_T20_CSK,IPL_T20_SRH,2021
PLY_0295,Kedar Jadhav,IPL_T20_SRH,IPL_T20_RCB,2023
PLY_0296,Keemo Paul,,IPL_T20_DC,2019
PLY_0298,Keshav Maharaj,,IPL_T20_RR,2024
PLY_0299,Kevin Pietersen,,IPL_T20_RCB,2009
PLY_0299,Kevin Pietersen,IPL_T20_RCB,IPL_T20_DC,2012
PLY_0299,Kevin Pietersen,IPL_T20_DC,IPL_T20_SRH,2015
PLY_0299,Kevin Pietersen,IPL_T20_SRH,IPL_T20_RPS,2016
PLY_0301,Khaleel Ahmed,,IPL_T20_DC,2016
PLY_0301,Khaleel Ahmed,IPL_T20_DC,IPL_T20_SRH,2018
PLY_0301,Khaleel Ahmed,IPL_T20_SRH,IPL_T20_DC,2022
PLY_0301,Khaleel Ahmed,IPL_T20_DC,IPL_T20_CSK,2025
PLY_0302,Kieron Pollard,,IPL_T20_MI,2009
PLY_0304,Krishnappa Gowtham,,IPL_T20_MI,2017
PLY_0304,Krishnappa Gowtham,IPL_T20_MI,IPL_T20_RR,2018
PLY_0304,Krishnappa Gowtham,IPL_T20_RR,IPL_T20_PBKS,2020
PLY_0304,Krishnappa Gowtham,IPL_T20_PBKS,IPL_T20_CSK,2021
PLY_0304,Krishnappa Gowtham,IPL_T20_CSK,IPL_T20_LSG,2022
PLY_0305,Krunal Pandya,,IPL_T20_MI,2016
PLY_0305,Krunal Pandya,IPL_T20_MI,IPL_T20_LSG,2022
PLY_0305,Krunal Pandya,IPL_T20_LSG,IPL_T20_RCB,2025
PLY_0306,Kuldeep Yadav,,IPL_T20_KKR,2015
PLY_0306,Kuldeep Yadav,IPL_T20_KKR,IPL_T20_DC,2022
PLY_0307,Kuldip Yadav,,IPL_T20_RR,2021
PLY_0309,Kumar Kushagra,,IPL_T20_DC,2024
PLY_0309,Kumar Kushagra,IPL_T20_DC,IPL_T20_GT,2025
PLY_0311,Kusal Mendis,,IPL_T20_GT,2025
PLY_0313,Kwena Maphaka,,IPL_T20_MI,2024
PLY_0313,Kwena Maphaka,IPL_T20_MI,IPL_T20_RR,2025
PLY_0314,Kyle Abbott,,IPL_T20_CSK,2015
PLY_0314,Kyle Abbott,IPL_T20_CSK,IPL_T20_PBKS,2016
PLY_0315,Kyle Jamieson,,IPL_T20_RCB,2021
PLY_0315,Kyle Jamieson,IPL_T20_RCB,IPL_T20_PBKS,2025
PLY_0315,Kyle Jamieson,IPL_T20_PBKS,IPL_T20_DC,2026
PLY_0316,Kyle Mayers,,IPL_T20_LSG,2022
PLY_0319,Lalit Yadav,,IPL_T20_DC,2020
PLY_0320,Lasith Malinga,,IPL_T20_MI,2015
PLY_0323,Lendl Simmons,,IPL_T20_MI,2014
PLY_0324,Liam Livingstone,,IPL_T20_RR,2019
PLY_0324,Liam Livingstone,IPL_T20_RR,IPL_T20_PBKS,2022
PLY_0324,Liam Livingstone,IPL_T20_PBKS,IPL_T20_RCB,2025
PLY_0324,Liam Livingstone,IPL_T20_RCB,IPL_T20_SRH,2026
PLY_0325,Liam Plunkett,,IPL_T20_DC,2018
PLY_0327,Lizaad Williams,,IPL_T20_DC,2024
PLY_0328,Lockie Ferguson,,IPL_T20_RPS,2017
PLY_0328,Lockie Ferguson,IPL_T20_RPS,IPL_T20_KKR,2019
PLY_0328,Lockie Ferguson,IPL_T20_KKR,IPL_T20_GT,2022
PLY_0328,Lockie Ferguson,IPL_T20_GT,IPL_T20_KKR,2023
PLY_0328,Lockie Ferguson,IPL_T20_KKR,IPL_T20_RCB,2024
PLY_0328,Lockie Ferguson,IPL_T20_RCB,IPL_T20_PBKS,2025
PLY_0331,Luke Wood,,IPL_T20_MI,2024
PLY_0331,Luke Wood,IPL_T20_MI,IPL_T20_GT,2026
PLY_0334,MS Dhoni,,IPL_T20_CSK,2007
PLY_0334,MS Dhoni,IPL_T20_CSK,IPL_T20_RPS,2016
PLY_0334,MS Dhoni,IPL_T20_RPS,IPL_T20_CSK,2018
PLY_0335,Madhav Tiwari,,IPL_T20_DC,2025
PLY_0336,Maheesh Theekshana,,IPL_T20_CSK,2022
PLY_0336,Maheesh Theekshana,IPL_T20_CSK,IPL_T20_RR,2025
PLY_0339,Mahipal Lomror,,IPL_T20_DC,2016
PLY_0339,Mahipal Lomror,IPL_T20_DC,IPL_T20_RR,2018
PLY_0339,Mahipal Lomror,IPL_T20_RR,IPL_T20_RCB,2022
PLY_0339,Mahipal Lomror,IPL_T20_RCB,IPL_T20_GT,2025
PLY_0341,Manan Vohra,,IPL_T20_PBKS,2013
PLY_0341,Manan Vohra,IPL_T20_PBKS,IPL_T20_RCB,2018
PLY_0341,Manan Vohra,IPL_T20_RCB,IPL_T20_RR,2019
PLY_0341,Manan Vohra,IPL_T20_RR,IPL_T20_LSG,2022
PLY_0342,Manav Suthar,,IPL_T20_GT,2024
PLY_0343,Mandeep Singh,,IPL_T20_KKR,2009
PLY_0343,Mandeep Singh,IPL_T20_KKR,IPL_T20_PBKS,2011
PLY_0343,Mandeep Singh,IPL_T20_PBKS,IPL_T20_RCB,2015
PLY_0343,Mandeep Singh,IPL_T20_RCB,IPL_T20_PBKS,2019
PLY_0343,Mandeep Singh,IPL_T20_PBKS,IPL_T20_DC,2022
PLY_0343,Mandeep Singh,IPL_T20_DC,IPL_T20_KKR,2023
PLY_0344,Manish Pandey,,IPL_T20_MI,2007
PLY_0344,Manish Pandey,IPL_T20_MI,IPL_T20_RCB,2009
PLY_0344,Manish Pandey,IPL_T20_RCB,IPL_T20_PW,2011
PLY_0344,Manish Pandey,IPL_T20_PW,IPL_T20_KKR,2014
PLY_0344,Manish Pandey,IPL_T20_KKR,IPL_T20_SRH,2018
PLY_0344,Manish Pandey,IPL_T20_SRH,IPL_T20_LSG,2022
PLY_0344,Manish Pandey,IPL_T20_LSG,IPL_T20_DC,2023
PLY_0344,Manish Pandey,IPL_T20_DC,IPL_T20_KKR,2024
PLY_0345,Manoj Bhandage,,IPL_T20_RCB,2023
PLY_0346,Manoj Tiwary,,IPL_T20_DC,2007
PLY_0346,Manoj Tiwary,IPL_T20_DC,IPL_T20_KKR,2009
PLY_0346,Manoj Tiwary,IPL_T20_KKR,IPL_T20_DC,2014
PLY_0346,Manoj Tiwary,IPL_T20_DC,IPL_T20_RPS,2017
PLY_0346,Manoj Tiwary,IPL_T20_RPS,IPL_T20_PBKS,2018
PLY_0347,Manpreet Gony,,IPL_T20_CSK,2007
PLY_0347,Manpreet Gony,IPL_T20_CSK,IPL_T20_SRH,2011
PLY_0347,Manpreet Gony,IPL_T20_SRH,IPL_T20_PBKS,2013
PLY_0347,Manpreet Gony,IPL_T20_PBKS,IPL_T20_GL,2017
PLY_0349,Manvinder Bisla,,IPL_T20_PBKS,2009
PLY_0349,Manvinder Bisla,IPL_T20_PBKS,IPL_T20_KKR,2011
PLY_0349,Manvinder Bisla,IPL_T20_KKR,IPL_T20_RCB,2015
PLY_0350,Marchant de Lange,,IPL_T20_KKR,2012
PLY_0350,Marchant de Lange,IPL_T20_KKR,IPL_T20_MI,2014
PLY_0351,Marco Jansen,,IPL_T20_MI,2021
PLY_0351,Marco Jansen,IPL_T20_MI,IPL_T20_SRH,2022
PLY_0351,Marco Jansen,IPL_T20_SRH,IPL_T20_PBKS,2025
PLY_0352,Marcus Stoinis,,IPL_T20_DC,2015
PLY_0352,Marcus Stoinis,IPL_T20_DC,IPL_T20_PBKS,2016
PLY_0352,Marcus Stoinis,IPL_T20_PBKS,IPL_T20_RCB,2019
PLY_0352,Marcus Stoinis,IPL_T20_RCB,IPL_T20_DC,2020
PLY_0352,Marcus Stoinis,IPL_T20_DC,IPL_T20_LSG,2022
PLY_0352,Marcus Stoinis,IPL_T20_LSG,IPL_T20_PBKS,2025
PLY_0354,Mark Wood,,IPL_T20_CSK,2018
PLY_0354,Mark Wood,IPL_T20_CSK,IPL_T20_LSG,2023
PLY_0355,Marlon Samuels,,IPL_T20_PW,2012
PLY_0355,Marlon Samuels,IPL_T20_PW,IPL_T20_DC,2017
PLY_0356,Martin Guptill,,IPL_T20_MI,2016
PLY_0356,Martin Guptill,IPL_T20_MI,IPL_T20_PBKS,2017
PLY_0356,Martin Guptill,IPL_T20_PBKS,IPL_T20_SRH,2019
PLY_0358,Matthew Breetzke,,IPL_T20_LSG,2025
PLY_0360,Matthew Short,,IPL_T20_PBKS,2023
PLY_0360,Matthew Short,IPL_T20_PBKS,IPL_T20_CSK,2026
PLY_0361,Matthew Wade,,IPL_T20_DC,2011
PLY_0361,Matthew Wade,IPL_T20_DC,IPL_T20_GT,2022
PLY_0362,Mayank Agarwal,,IPL_T20_RCB,2011
PLY_0362,Mayank Agarwal,IPL_T20_RCB,IPL_T20_DC,2014
PLY_0362,Mayank Agarwal,IPL_T20_DC,IPL_T20_RPS,2017
PLY_0362,Mayank Agarwal,IPL_T20_RPS,IPL_T20_PBKS,2018
PLY_0362,Mayank Agarwal,IPL_T20_PBKS,IPL_T20_SRH,2023
PLY_0362,Mayank Agarwal,IPL_T20_SRH,IPL_T20_RCB,2025
PLY_0363,Mayank Markande,,IPL_T20_MI,2018
PLY_0363,Mayank Markande,IPL_T20_MI,IPL_T20_RR,2020
PLY_0363,Mayank Markande,IPL_T20_RR,IPL_T20_MI,2022
PLY_0363,Mayank Markande,IPL_T20_MI,IPL_T20_SRH,2023
PLY_0363,Mayank Markande,IPL_T20_SRH,IPL_T20_KKR,2025
PLY_0363,Mayank Markande,IPL_T20_KKR,IPL_T20_MI,2026
PLY_0364,Michael Bracewell,,IPL_T20_RCB,2023
PLY_0366,Michael Hussey,,IPL_T20_CSK,2007
PLY_0366,Michael Hussey,IPL_T20_CSK,IPL_T20_MI,2014
PLY_0366,Michael Hussey,IPL_T20_MI,IPL_T20_CSK,2015
PLY_0370,Mitchell Johnson,,IPL_T20_MI,2013
PLY_0370,Mitchell Johnson,IPL_T20_MI,IPL_T20_PBKS,2014
PLY_0370,Mitchell Johnson,IPL_T20_PBKS,IPL_T20_MI,2017
PLY_0370,Mitchell Johnson,IPL_T20_MI,IPL_T20_KKR,2018
PLY_0371,Mitchell Marsh,,IPL_T20_SRH,2009
PLY_0371,Mitchell Marsh,IPL_T20_SRH,IPL_T20_PW,2011
PLY_0371,Mitchell Marsh,IPL_T20_PW,IPL_T20_RPS,2016
PLY_0371,Mitchell Marsh,IPL_T20_RPS,IPL_T20_SRH,2020
PLY_0371,Mitchell Marsh,IPL_T20_SRH,IPL_T20_DC,2022
PLY_0371,Mitchell Marsh,IPL_T20_DC,IPL_T20_LSG,2025
PLY_0372,Mitchell McClenaghan,,IPL_T20_MI,2015
PLY_0373,Mitchell Santner,,IPL_T20_CSK,2018
PLY_0373,Mitchell Santner,IPL_T20_CSK,IPL_T20_MI,2025
PLY_0374,Mitchell Starc,,IPL_T20_RCB,2014
PLY_0374,Mitchell Starc,IPL_T20_RCB,IPL_T20_KKR,2024
PLY_0374,Mitchell Starc,IPL_T20_KKR,IPL_T20_DC,2025
PLY_0375,Mithun Manhas,,IPL_T20_DC,2007
PLY_0375,Mithun Manhas,IPL_T20_DC,IPL_T20_PW,2011
PLY_0375,Mithun Manhas,IPL_T20_PW,IPL_T20_CSK,2014
PLY_0376,Moeen Ali,,IPL_T20_RCB,2018
PLY_0376,Moeen Ali,IPL_T20_RCB,IPL_T20_CSK,2021
PLY_0376,Moeen Ali,IPL_T20_CSK,IPL_T20_KKR,2025
PLY_0381,Mohammad Nabi,,IPL_T20_DC,2007
PLY_0381,Mohammad Nabi,IPL_T20_DC,IPL_T20_SRH,2017
PLY_0381,Mohammad Nabi,IPL_T20_SRH,IPL_T20_KKR,2022
PLY_0381,Mohammad Nabi,IPL_T20_KKR,IPL_T20_MI,2024
PLY_0382,Mohammad Shami,,IPL_T20_KKR,2013
PLY_0382,Mohammad Shami,IPL_T20_KKR,IPL_T20_DC,2014
PLY_0382,Mohammad Shami,IPL_T20_DC,IPL_T20_PBKS,2019
PLY_0382,Mohammad Shami,IPL_T20_PBKS,IPL_T20_GT,2022
PLY_0382,Mohammad Shami,IPL_T20_GT,IPL_T20_SRH,2025
PLY_0382,Mohammad Shami,IPL_T20_SRH,IPL_T20_LSG,2026
PLY_0383,Mohammed Siraj,,IPL_T20_SRH,2017
PLY_0383,Mohammed Siraj,IPL_T20_SRH,IPL_T20_RCB,2018
PLY_0383,Mohammed Siraj,IPL_T20_RCB,IPL_T20_GT,2025
PLY_0385,Mohit Rathee,,IPL_T20_PBKS,2023
PLY_0385,Mohit Rathee,IPL_T20_PBKS,IPL_T20_RCB,2025
PLY_0386,Mohit Sharma,,IPL_T20_CSK,2013
PLY_0386,Mohit Sharma,IPL_T20_CSK,IPL_T20_PBKS,2016
PLY_0386,Mohit Sharma,IPL_T20_PBKS,IPL_T20_CSK,2019
PLY_0386,Mohit Sharma,IPL_T20_CSK,IPL_T20_DC,2020
PLY_0386,Mohit Sharma,IPL_T20_DC,IPL_T20_GT,2023
PLY_0386,Mohit Sharma,IPL_T20_GT,IPL_T20_LSG,2024
PLY_0386,Mohit Sharma,IPL_T20_LSG,IPL_T20_DC,2025
PLY_0388,Mohsin Khan,,IPL_T20_MI,2018
PLY_0388,Mohsin Khan,IPL_T20_MI,IPL_T20_LSG,2022
PLY_0389,Moises Henriques,,IPL_T20_DC,2009
PLY_0389,Moises Henriques,IPL_T20_DC,IPL_T20_RCB,2013
PLY_0389,Moises Henriques,IPL_T20_RCB,IPL_T20_SRH,2014
PLY_0389,Moises Henriques,IPL_T20_SRH,IPL_T20_PBKS,2019
PLY_0390,Morne Morkel,,IPL_T20_RR,2009
PLY_0390,Morne Morkel,IPL_T20_RR,IPL_T20_DC,2011
PLY_0390,Morne Morkel,IPL_T20_DC,IPL_T20_KKR,2014
PLY_0391,Mujeeb Ur Rahman,,IPL_T20_PBKS,2018
PLY_0391,Mujeeb Ur Rahman,IPL_T20_PBKS,IPL_T20_SRH,2021
PLY_0391,Mujeeb Ur Rahman,IPL_T20_SRH,IPL_T20_MI,2025
PLY_0392,Mukesh Choudhary,,IPL_T20_CSK,2022
PLY_0393,Mukesh Kumar,,IPL_T20_CSK,2020
PLY_0393,Mukesh Kumar,IPL_T20_CSK,IPL_T20_DC,2023
PLY_0394,Munaf Patel,,IPL_T20_RR,2007
PLY_0394,Munaf Patel,IPL_T20_RR,IPL_T20_MI,2011
PLY_0394,Munaf Patel,IPL_T20_MI,IPL_T20_GL,2017
PLY_0396,Murali Vijay,,IPL_T20_CSK,2009
PLY_0396,Murali Vijay,IPL_T20_CSK,IPL_T20_DC,2014
PLY_0396,Murali Vijay,IPL_T20_DC,IPL_T20_PBKS,2015
PLY_0396,Murali Vijay,IPL_T20_PBKS,IPL_T20_CSK,2018
PLY_0397,Murugan Ashwin,,IPL_T20_RPS,2016
PLY_0397,Murugan Ashwin,IPL_T20_RPS,IPL_T20_DC,2017
PLY_0397,Murugan Ashwin,IPL_T20_DC,IPL_T20_RCB,2018
PLY_0397,Murugan Ashwin,IPL_T20_RCB,IPL_T20_PBKS,2019
PLY_0397,Murugan Ashwin,IPL_T20_PBKS,IPL_T20_MI,2022
PLY_0397,Murugan Ashwin,IPL_T20_MI,IPL_T20_RR,2023
PLY_0399,Mustafizur Rahman,,IPL_T20_SRH,2016
PLY_0399,Mustafizur Rahman,IPL_T20_SRH,IPL_T20_MI,2018
PLY_0399,Mustafizur Rahman,IPL_T20_MI,IPL_T20_RR,2021
PLY_0399,Mustafizur Rahman,IPL_T20_RR,IPL_T20_DC,2022
PLY_0399,Mustafizur Rahman,IPL_T20_DC,IPL_T20_CSK,2024
PLY_0399,Mustafizur Rahman,IPL_T20_CSK,IPL_T20_DC,2025
PLY_0402,Naman Dhir,,IPL_T20_MI,2024
PLY_0403,Naman Ojha,,IPL_T20_RR,2009
PLY_0403,Naman Ojha,IPL_T20_RR,IPL_T20_DC,2011
PLY_0403,Naman Ojha,IPL_T20_DC,IPL_T20_SRH,2014
PLY_0403,Naman Ojha,IPL_T20_SRH,IPL_T20_DC,2018
PLY_0404,Narayan Jagadeesan,,IPL_T20_CSK,2018
PLY_0404,Narayan Jagadeesan,IPL_T20_CSK,IPL_T20_KKR,2023
PLY_0405,Nathan Coulter-Nile,,IPL_T20_MI,2013
PLY_0405,Nathan Coulter-Nile,IPL_T20_MI,IPL_T20_DC,2014
PLY_0405,Nathan Coulter-Nile,IPL_T20_DC,IPL_T20_KKR,2017
PLY_0405,Nathan Coulter-Nile,IPL_T20_KKR,IPL_T20_RCB,2019
PLY_0405,Nathan Coulter-Nile,IPL_T20_RCB,IPL_T20_MI,2020
PLY_0405,Nathan Coulter-Nile,IPL_T20_MI,IPL_T20_RR,2022
PLY_0406,Nathan Ellis,,IPL_T20_PBKS,2021
PLY_0406,Nathan Ellis,IPL_T20_PBKS,IPL_T20_CSK,2025
PLY_0408,Navdeep Saini,,IPL_T20_PBKS,2012
PLY_0408,Navdeep Saini,IPL_T20_PBKS,IPL_T20_DC,2017
PLY_0408,Navdeep Saini,IPL_T20_DC,IPL_T20_RCB,2019
PLY_0408,Navdeep Saini,IPL_T20_RCB,IPL_T20_RR,2022
PLY_0408,Navdeep Saini,IPL_T20_RR,IPL_T20_KKR,2026
PLY_0409,Naveen-Ul-Haq,,IPL_T20_LSG,2023
PLY_0411,Nehal Wadhera,,IPL_T20_MI,2023
PLY_0411,Nehal Wadhera,IPL_T20_MI,IPL_T20_PBKS,2025
PLY_0412,Nic Maddinson,,IPL_T20_RCB,2014
PLY_0413,Nicholas Pooran,,IPL_T20_MI,2017
PLY_0413,Nicholas Pooran,IPL_T20_MI,IPL_T20_PBKS,2019
PLY_0413,Nicholas Pooran,IPL_T20_PBKS,IPL_T20_SRH,2022
PLY_0413,Nicholas Pooran,IPL_T20_SRH,IPL_T20_LSG,2023
PLY_0414,Nikhil Naik,,IPL_T20_PBKS,2015
PLY_0414,Nikhil Naik,IPL_T20_PBKS,IPL_T20_KKR,2019
PLY_0417,Nitish Kumar Reddy,,IPL_T20_SRH,2023
PLY_0418,Nitish Rana,,IPL_T20_MI,2015
PLY_0418,Nitish Rana,IPL_T20_MI,IPL_T20_KKR,2018
PLY_0418,Nitish Rana,IPL_T20_KKR,IPL_T20_RR,2025
PLY_0418,Nitish Rana,IPL_T20_RR,IPL_T20_DC,2026
PLY_0419,Noor Ahmad,,IPL_T20_GT,2022
PLY_0419,Noor Ahmad,IPL_T20_GT,IPL_T20_CSK,2025
PLY_0422,Obed McCoy,,IPL_T20_RR,2022
PLY_0423,Odean Smith,,IPL_T20_PBKS,2022
PLY_0423,Odean Smith,IPL_T20_PBKS,IPL_T20_GT,2023
PLY_0428,Paras Dogra,,IPL_T20_RR,2009
PLY_0428,Paras Dogra,IPL_T20_RR,IPL_T20_PBKS,2012
PLY_0428,Paras Dogra,IPL_T20_PBKS,IPL_T20_KKR,2013
PLY_0428,Paras Dogra,IPL_T20_KKR,IPL_T20_GL,2016
PLY_0429,Parthiv Patel,,IPL_T20_CSK,2007
PLY_0429,Parthiv Patel,IPL_T20_CSK,IPL_T20_KTK,2011
PLY_0429,Parthiv Patel,IPL_T20_KTK,IPL_T20_SRH,2012
PLY_0429,Parthiv Patel,IPL_T20_SRH,IPL_T20_RCB,2014
PLY_0429,Parthiv Patel,IPL_T20_RCB,IPL_T20_MI,2015
PLY_0429,Parthiv Patel,IPL_T20_MI,IPL_T20_RCB,2018
PLY_0430,Parveez Rasool,,IPL_T20_PW,2013
PLY_0430,Parveez Rasool,IPL_T20_PW,IPL_T20_SRH,2014
PLY_0430,Parveez Rasool,IPL_T20_SRH,IPL_T20_RCB,2016
PLY_0431,Parvinder Awana,,IPL_T20_PBKS,2012
PLY_0432,Pat Cummins,,IPL_T20_KKR,2014
PLY_0432,Pat Cummins,IPL_T20_KKR,IPL_T20_DC,2017
PLY_0432,Pat Cummins,IPL_T20_DC,IPL_T20_KKR,2020
PLY_0432,Pat Cummins,IPL_T20_KKR,IPL_T20_SRH,2024
PLY_0435,Pawan Negi,,IPL_T20_DC,2012
PLY_0435,Pawan Negi,IPL_T20_DC,IPL_T20_CSK,2014
PLY_0435,Pawan Negi,IPL_T20_CSK,IPL_T20_DC,2016
PLY_0435,Pawan Negi,IPL_T20_DC,IPL_T20_RCB,2017
PLY_0435,Pawan Negi,IPL_T20_RCB,IPL_T20_KKR,2021
PLY_0436,Peter Handscomb,,IPL_T20_RPS,2016
PLY_0437,Phil Salt,,IPL_T20_DC,2023
PLY_0437,Phil Salt,IPL_T20_DC,IPL_T20_KKR,2024
PLY_0437,Phil Salt,IPL_T20_KKR,IPL_T20_RCB,2025
PLY_0439,Piyush Chawla,,IPL_T20_PBKS,2007
PLY_0439,Piyush Chawla,IPL_T20_PBKS,IPL_T20_KKR,2014
PLY_0439,Piyush Chawla,IPL_T20_KKR,IPL_T20_CSK,2020
PLY_0439,Piyush Chawla,IPL_T20_CSK,IPL_T20_MI,2021
PLY_0440,Prabhsimran Singh,,IPL_T20_RR,2007
PLY_0440,Prabhsimran Singh,IPL_T20_RR,IPL_T20_RCB,2009
PLY_0440,Prabhsimran Singh,IPL_T20_RCB,IPL_T20_RR,2011
PLY_0440,Prabhsimran Singh,IPL_T20_RR,IPL_T20_PBKS,2019
PLY_0441,Pradeep Sahu,,IPL_T20_RR,2015
PLY_0441,Pradeep Sahu,IPL_T20_RR,IPL_T20_PBKS,2016
PLY_0442,Pradeep Sangwan,,IPL_T20_DC,2007
PLY_0442,Pradeep Sangwan,IPL_T20_DC,IPL_T20_KKR,2012
PLY_0442,Pradeep Sangwan,IPL_T20_KKR,IPL_T20_GL,2016
PLY_0442,Pradeep Sangwan,IPL_T20_GL,IPL_T20_MI,2018
PLY_0442,Pradeep Sangwan,IPL_T20_MI,IPL_T20_GT,2022
PLY_0443,Pragyan Ojha,,IPL_T20_SRH,2007
PLY_0443,Pragyan Ojha,IPL_T20_SRH,IPL_T20_MI,2012
PLY_0444,Prashant Chopra,,IPL_T20_RR,2018
PLY_0445,Prasidh Krishna,,IPL_T20_KKR,2018
PLY_0445,Prasidh Krishna,IPL_T20_KKR,IPL_T20_RR,2022
PLY_0445,Prasidh Krishna,IPL_T20_RR,IPL_T20_GT,2025
PLY_0446,Praveen Dubey,,IPL_T20_RCB,2016
PLY_0446,Praveen Dubey,IPL_T20_RCB,IPL_T20_DC,2020
PLY_0446,Praveen Dubey,IPL_T20_DC,IPL_T20_PBKS,2025
PLY_0447,Praveen Kumar,,IPL_T20_SRH,2007
PLY_0447,Praveen Kumar,IPL_T20_SRH,IPL_T20_RCB,2009
PLY_0447,Praveen Kumar,IPL_T20_RCB,IPL_T20_PBKS,2011
PLY_0447,Praveen Kumar,IPL_T20_PBKS,IPL_T20_MI,2014
PLY_0447,Praveen Kumar,IPL_T20_MI,IPL_T20_SRH,2015
PLY_0447,Praveen Kumar,IPL_T20_SRH,IPL_T20_GL,2016
PLY_0448,Pravin Dubey,,IPL_T20_DC,2020
PLY_0448,Pravin Dubey,IPL_T20_DC,IPL_T20_PBKS,2025
PLY_0449,Pravin Tambe,,IPL_T20_RR,2013
PLY_0449,Pravin Tambe,IPL_T20_RR,IPL_T20_GL,2016
PLY_0449,Pravin Tambe,IPL_T20_GL,IPL_T20_SRH,2017
PLY_0450,Prayas Ray Barman,,IPL_T20_RCB,2019
PLY_0451,Prerak Mankad,,IPL_T20_PBKS,2022
PLY_0451,Prerak Mankad,IPL_T20_PBKS,IPL_T20_LSG,2023
PLY_0452,Prince Yadav,,IPL_T20_LSG,2025
PLY_0454,Prithvi Shaw,,IPL_T20_DC,2018
PLY_0455,Priyam Garg,,IPL_T20_SRH,2020
PLY_0455,Priyam Garg,IPL_T20_SRH,IPL_T20_DC,2023
PLY_0456,Priyansh Arya,,IPL_T20_PBKS,2025
PLY_0458,Quinton de Kock,,IPL_T20_SRH,2013
PLY_0458,Quinton de Kock,IPL_T20_SRH,IPL_T20_DC,2014
PLY_0458,Quinton de Kock,IPL_T20_DC,IPL_T20_RCB,2018
PLY_0458,Quinton de Kock,IPL_T20_RCB,IPL_T20_MI,2019
PLY_0458,Quinton de Kock,IPL_T20_MI,IPL_T20_LSG,2022
PLY_0458,Quinton de Kock,IPL_T20_LSG,IPL_T20_KKR,2025
PLY_0458,Quinton de Kock,IPL_T20_KKR,IPL_T20_MI,2026
PLY_0459,RP Singh,,IPL_T20_SRH,2007
PLY_0459,RP Singh,IPL_T20_SRH,IPL_T20_KTK,2011
PLY_0459,RP Singh,IPL_T20_KTK,IPL_T20_MI,2012
PLY_0459,RP Singh,IPL_T20_MI,IPL_T20_RCB,2013
PLY_0459,RP Singh,IPL_T20_RCB,IPL_T20_RPS,2016
PLY_0459,RP Singh,IPL_T20_RPS,IPL_T20_KKR,2018
PLY_0460,Rachin Ravindra,,IPL_T20_CSK,2024
PLY_0460,Rachin Ravindra,IPL_T20_CSK,IPL_T20_KKR,2026
PLY_0461,Rahmanullah Gurbaz,,IPL_T20_GT,2022
PLY_0461,Rahmanullah Gurbaz,IPL_T20_GT,IPL_T20_KKR,2023
PLY_0462,Rahul Chahar,,IPL_T20_RPS,2017
PLY_0462,Rahul Chahar,IPL_T20_RPS,IPL_T20_MI,2018
PLY_0462,Rahul Chahar,IPL_T20_MI,IPL_T20_PBKS,2022
PLY_0462,Rahul Chahar,IPL_T20_PBKS,IPL_T20_SRH,2025
PLY_0462,Rahul Chahar,IPL_T20_SRH,IPL_T20_CSK,2026
PLY_0464,Rahul Sharma,,IPL_T20_CSK,2015
PLY_0464,Rahul Sharma,IPL_T20_CSK,IPL_T20_MI,2025
PLY_0466,Rahul Tewatia,,IPL_T20_RR,2014
PLY_0466,Rahul Tewatia,IPL_T20_RR,IPL_T20_PBKS,2017
PLY_0466,Rahul Tewatia,IPL_T20_PBKS,IPL_T20_DC,2018
PLY_0466,Rahul Tewatia,IPL_T20_DC,IPL_T20_RR,2020
PLY_0466,Rahul Tewatia,IPL_T20_RR,IPL_T20_GT,2022
PLY_0467,Rahul Tripathi,,IPL_T20_RPS,2017
PLY_0467,Rahul Tripathi,IPL_T20_RPS,IPL_T20_RR,2018
PLY_0467,Rahul Tripathi,IPL_T20_RR,IPL_T20_KKR,2020
PLY_0467,Rahul Tripathi,IPL_T20_KKR,IPL_T20_SRH,2022
PLY_0467,Rahul Tripathi,IPL_T20_SRH,IPL_T20_CSK,2025
PLY_0467,Rahul Tripathi,IPL_T20_CSK,IPL_T20_KKR,2026
PLY_0470,Rajagopal Sathish,,IPL_T20_MI,2009
PLY_0470,Rajagopal Sathish,IPL_T20_MI,IPL_T20_PBKS,2013
PLY_0470,Rajagopal Sathish,IPL_T20_PBKS,IPL_T20_KKR,2016
PLY_0472,Rajat Bhatia,,IPL_T20_DC,2007
PLY_0472,Rajat Bhatia,IPL_T20_DC,IPL_T20_KKR,2011
PLY_0472,Rajat Bhatia,IPL_T20_KKR,IPL_T20_RR,2014
PLY_0472,Rajat Bhatia,IPL_T20_RR,IPL_T20_RPS,2016
PLY_0473,Rajat Patidar,,IPL_T20_RCB,2021
PLY_0475,Ramandeep Singh,,IPL_T20_MI,2022
PLY_0475,Ramandeep Singh,IPL_T20_MI,IPL_T20_KKR,2024
PLY_0478,Rashid Khan,,IPL_T20_SRH,2017
PLY_0478,Rashid Khan,IPL_T20_SRH,IPL_T20_GT,2022
PLY_0479,Rasikh Salam,,IPL_T20_MI,2019
PLY_0479,Rasikh Salam,IPL_T20_MI,IPL_T20_KKR,2022
PLY_0479,Rasikh Salam,IPL_T20_KKR,IPL_T20_DC,2024
PLY_0479,Rasikh Salam,IPL_T20_DC,IPL_T20_RCB,2025
PLY_0480,Rassie van der Dussen,,IPL_T20_RR,2022
PLY_0481,Ravi Bishnoi,,IPL_T20_RCB,2009
PLY_0481,Ravi Bishnoi,IPL_T20_RCB,IPL_T20_PBKS,2020
PLY_0481,Ravi Bishnoi,IPL_T20_PBKS,IPL_T20_LSG,2022
PLY_0481,Ravi Bishnoi,IPL_T20_LSG,IPL_T20_RR,2026
PLY_0482,Ravi Bopara,,IPL_T20_PBKS,2009
PLY_0482,Ravi Bopara,IPL_T20_PBKS,IPL_T20_SRH,2015
PLY_0484,Ravichandran Ashwin,,IPL_T20_CSK,2009
PLY_0484,Ravichandran Ashwin,IPL_T20_CSK,IPL_T20_RPS,2016
PLY_0484,Ravichandran Ashwin,IPL_T20_RPS,IPL_T20_PBKS,2018
PLY_0484,Ravichandran Ashwin,IPL_T20_PBKS,IPL_T20_DC,2020
PLY_0484,Ravichandran Ashwin,IPL_T20_DC,IPL_T20_RR,2022
PLY_0484,Ravichandran Ashwin,IPL_T20_RR,IPL_T20_CSK,2025
PLY_0485,Ravindra Jadeja,,IPL_T20_RR,2007
PLY_0485,Ravindra Jadeja,IPL_T20_RR,IPL_T20_KTK,2011
PLY_0485,Ravindra Jadeja,IPL_T20_KTK,IPL_T20_CSK,2012
PLY_0485,Ravindra Jadeja,IPL_T20_CSK,IPL_T20_GL,2016
PLY_0485,Ravindra Jadeja,IPL_T20_GL,IPL_T20_CSK,2018
PLY_0485,Ravindra Jadeja,IPL_T20_CSK,IPL_T20_RR,2026
PLY_0486,Reece Topley,,IPL_T20_RCB,2023
PLY_0486,Reece Topley,IPL_T20_RCB,IPL_T20_MI,2025
PLY_0488,Richard Gleeson,,IPL_T20_CSK,2024
PLY_0488,Richard Gleeson,IPL_T20_CSK,IPL_T20_MI,2025
PLY_0490,Ricky Bhui,,IPL_T20_SRH,2015
PLY_0490,Ricky Bhui,IPL_T20_SRH,IPL_T20_DC,2024
PLY_0492,Rilee Rossouw,,IPL_T20_RCB,2014
PLY_0492,Rilee Rossouw,IPL_T20_RCB,IPL_T20_DC,2023
PLY_0492,Rilee Rossouw,IPL_T20_DC,IPL_T20_PBKS,2024
PLY_0493,Rinku Singh,,IPL_T20_PBKS,2017
PLY_0493,Rinku Singh,IPL_T20_PBKS,IPL_T20_KKR,2018
PLY_0494,Ripal Patel,,IPL_T20_DC,2021
PLY_0495,Rishabh Pant,,IPL_T20_DC,2016
PLY_0495,Rishabh Pant,IPL_T20_DC,IPL_T20_LSG,2025
PLY_0496,Rishi Dhawan,,IPL_T20_MI,2013
PLY_0496,Rishi Dhawan,IPL_T20_MI,IPL_T20_PBKS,2014
PLY_0496,Rishi Dhawan,IPL_T20_PBKS,IPL_T20_KKR,2017
PLY_0496,Rishi Dhawan,IPL_T20_KKR,IPL_T20_PBKS,2022
PLY_0497,Riyan Parag,,IPL_T20_RR,2019
PLY_0499,Robin Minz,,IPL_T20_MI,2025
PLY_0501,Robin Uthappa,,IPL_T20_MI,2007
PLY_0501,Robin Uthappa,IPL_T20_MI,IPL_T20_RCB,2009
PLY_0501,Robin Uthappa,IPL_T20_RCB,IPL_T20_PW,2011
PLY_0501,Robin Uthappa,IPL_T20_PW,IPL_T20_KKR,2014
PLY_0501,Robin Uthappa,IPL_T20_KKR,IPL_T20_RR,2020
PLY_0501,Robin Uthappa,IPL_T20_RR,IPL_T20_CSK,2021
PLY_0505,Rohit Sharma,,IPL_T20_SRH,2007
PLY_0505,Rohit Sharma,IPL_T20_SRH,IPL_T20_MI,2011
PLY_0506,Romario Shepherd,,IPL_T20_SRH,2022
PLY_0506,Romario Shepherd,IPL_T20_SRH,IPL_T20_LSG,2023
PLY_0506,Romario Shepherd,IPL_T20_LSG,IPL_T20_MI,2024
PLY_0506,Romario Shepherd,IPL_T20_MI,IPL_T20_RCB,2025
PLY_0507,Ronit More,,IPL_T20_CSK,2015
PLY_0509,Rovman Powell,,IPL_T20_KKR,2017
PLY_0509,Rovman Powell,IPL_T20_KKR,IPL_T20_DC,2022
PLY_0509,Rovman Powell,IPL_T20_DC,IPL_T20_RR,2024
PLY_0509,Rovman Powell,IPL_T20_RR,IPL_T20_KKR,2025
PLY_0510,Ruturaj Gaikwad,,IPL_T20_CSK,2019
PLY_0514,Ryan Rickelton,,IPL_T20_MI,2025
PLY_0515,Ryan ten Doeschate,,IPL_T20_KKR,2011
PLY_0516,Sachin Baby,,IPL_T20_RR,2013
PLY_0516,Sachin Baby,IPL_T20_RR,IPL_T20_RCB,2016
PLY_0516,Sachin Baby,IPL_T20_RCB,IPL_T20_SRH,2018
PLY_0516,Sachin Baby,IPL_T20_SRH,IPL_T20_RCB,2021
PLY_0516,Sachin Baby,IPL_T20_RCB,IPL_T20_SRH,2025
PLY_0520,Sai Kishore,,IPL_T20_CSK,2020
PLY_0520,Sai Kishore,IPL_T20_CSK,IPL_T20_GT,2022
PLY_0521,Sai Sudharsan,,IPL_T20_GT,2022
PLY_0523,Sam Billings,,IPL_T20_DC,2016
PLY_0523,Sam Billings,IPL_T20_DC,IPL_T20_CSK,2018
PLY_0523,Sam Billings,IPL_T20_CSK,IPL_T20_DC,2021
PLY_0523,Sam Billings,IPL_T20_DC,IPL_T20_KKR,2022
PLY_0524,Sam Curran,,IPL_T20_PBKS,2019
PLY_0524,Sam Curran,IPL_T20_PBKS,IPL_T20_CSK,2020
PLY_0524,Sam Curran,IPL_T20_CSK,IPL_T20_PBKS,2023
PLY_0524,Sam Curran,IPL_T20_PBKS,IPL_T20_CSK,2025
PLY_0525,Sameer Rizvi,,IPL_T20_CSK,2024
PLY_0525,Sameer Rizvi,IPL_T20_CSK,IPL_T20_DC,2025
PLY_0527,Samuel Badree,,IPL_T20_RR,2013
PLY_0527,Samuel Badree,IPL_T20_RR,IPL_T20_CSK,2014
PLY_0527,Samuel Badree,IPL_T20_CSK,IPL_T20_RCB,2016
PLY_0529,Sandeep Lamichhane,,IPL_T20_DC,2018
PLY_0530,Sandeep Sharma,,IPL_T20_PBKS,2013
PLY_0530,Sandeep Sharma,IPL_T20_PBKS,IPL_T20_SRH,2018
PLY_0530,Sandeep Sharma,IPL_T20_SRH,IPL_T20_PBKS,2022
PLY_0530,Sandeep Sharma,IPL_T20_PBKS,IPL_T20_RR,2023
PLY_0532,Sanju Samson,,IPL_T20_RR,2013
PLY_0532,Sanju Samson,IPL_T20_RR,IPL_T20_DC,2016
PLY_0532,Sanju Samson,IPL_T20_DC,IPL_T20_RR,2018
PLY_0532,Sanju Samson,IPL_T20_RR,IPL_T20_CSK,2026
PLY_0533,Sanvir Singh,,IPL_T20_PBKS,2011
PLY_0533,Sanvir Singh,IPL_T20_PBKS,IPL_T20_SRH,2023
PLY_0534,Sarfaraz Khan,,IPL_T20_RCB,2015
PLY_0534,Sarfaraz Khan,IPL_T20_RCB,IPL_T20_PBKS,2019
PLY_0534,Sarfaraz Khan,IPL_T20_PBKS,IPL_T20_DC,2022
PLY_0534,Sarfaraz Khan,IPL_T20_DC,IPL_T20_CSK,2026
PLY_0535,Saurabh Tiwary,,IPL_T20_MI,2007
PLY_0535,Saurabh Tiwary,IPL_T20_MI,IPL_T20_RCB,2011
PLY_0535,Saurabh Tiwary,IPL_T20_RCB,IPL_T20_DC,2015
PLY_0535,Saurabh Tiwary,IPL_T20_DC,IPL_T20_RPS,2016
PLY_0535,Saurabh Tiwary,IPL_T20_RPS,IPL_T20_MI,2017
PLY_0536,Saurav Chauhan,,IPL_T20_RCB,2024
PLY_0538,Sean Abbott,,IPL_T20_RCB,2015
PLY_0538,Sean Abbott,IPL_T20_RCB,IPL_T20_SRH,2022
PLY_0539,Sediqullah Atal,,IPL_T20_DC,2025
PLY_0540,Shadab Jakati,,IPL_T20_CSK,2009
PLY_0540,Shadab Jakati,IPL_T20_CSK,IPL_T20_RCB,2014
PLY_0540,Shadab Jakati,IPL_T20_RCB,IPL_T20_GL,2016
PLY_0541,Shahbaz Ahmed,,IPL_T20_SRH,2009
PLY_0541,Shahbaz Ahmed,IPL_T20_SRH,IPL_T20_RCB,2020
PLY_0541,Shahbaz Ahmed,IPL_T20_RCB,IPL_T20_SRH,2024
PLY_0541,Shahbaz Ahmed,IPL_T20_SRH,IPL_T20_LSG,2025
PLY_0542,Shahbaz Nadeem,,IPL_T20_DC,2011
PLY_0542,Shahbaz Nadeem,IPL_T20_DC,IPL_T20_SRH,2019
PLY_0542,Shahbaz Nadeem,IPL_T20_SRH,IPL_T20_LSG,2022
PLY_0544,Shahrukh Khan,,IPL_T20_PBKS,2021
PLY_0544,Shahrukh Khan,IPL_T20_PBKS,IPL_T20_GT,2024
PLY_0545,Shai Hope,,IPL_T20_DC,2024
PLY_0546,Shaik Rasheed,,IPL_T20_CSK,2023
PLY_0547,Shakib Al Hasan,,IPL_T20_KKR,2011
PLY_0547,Shakib Al Hasan,IPL_T20_KKR,IPL_T20_SRH,2018
PLY_0547,Shakib Al Hasan,IPL_T20_SRH,IPL_T20_KKR,2021
PLY_0549,Shams Mulani,,IPL_T20_DC,2021
PLY_0549,Shams Mulani,IPL_T20_DC,IPL_T20_MI,2023
PLY_0553,Shane Watson,,IPL_T20_RR,2007
PLY_0553,Shane Watson,IPL_T20_RR,IPL_T20_RCB,2016
PLY_0553,Shane Watson,IPL_T20_RCB,IPL_T20_CSK,2018
PLY_0555,Shardul Thakur,,IPL_T20_PBKS,2015
PLY_0555,Shardul Thakur,IPL_T20_PBKS,IPL_T20_RPS,2017
PLY_0555,Shardul Thakur,IPL_T20_RPS,IPL_T20_CSK,2018
PLY_0555,Shardul Thakur,IPL_T20_CSK,IPL_T20_DC,2022
PLY_0555,Shardul Thakur,IPL_T20_DC,IPL_T20_KKR,2023
PLY_0555,Shardul Thakur,IPL_T20_KKR,IPL_T20_CSK,2024
PLY_0555,Shardul Thakur,IPL_T20_CSK,IPL_T20_LSG,2025
PLY_0555,Shardul Thakur,IPL_T20_LSG,IPL_T20_MI,2026
PLY_0556,Shashank Singh,,IPL_T20_DC,2017
PLY_0556,Shashank Singh,IPL_T20_DC,IPL_T20_RR,2020
PLY_0556,Shashank Singh,IPL_T20_RR,IPL_T20_SRH,2022
PLY_0556,Shashank Singh,IPL_T20_SRH,IPL_T20_PBKS,2024
PLY_0557,Shaun Marsh,,IPL_T20_PBKS,2007
PLY_0559,Shaun Tait,,IPL_T20_RR,2009
PLY_0559,Shaun Tait,IPL_T20_RR,IPL_T20_KKR,2016
PLY_0560,Sheldon Cottrell,,IPL_T20_PBKS,2020
PLY_0561,Sheldon Jackson,,IPL_T20_KKR,2015
PLY_0562,Sherfane Rutherford,,IPL_T20_DC,2019
PLY_0562,Sherfane Rutherford,IPL_T20_DC,IPL_T20_MI,2020
PLY_0562,Sherfane Rutherford,IPL_T20_MI,IPL_T20_SRH,2021
PLY_0562,Sherfane Rutherford,IPL_T20_SRH,IPL_T20_RCB,2022
PLY_0562,Sherfane Rutherford,IPL_T20_RCB,IPL_T20_KKR,2024
PLY_0562,Sherfane Rutherford,IPL_T20_KKR,IPL_T20_GT,2025
PLY_0562,Sherfane Rutherford,IPL_T20_GT,IPL_T20_MI,2026
PLY_0563,Shikhar Dhawan,,IPL_T20_DC,2007
PLY_0563,Shikhar Dhawan,IPL_T20_DC,IPL_T20_MI,2009
PLY_0563,Shikhar Dhawan,IPL_T20_MI,IPL_T20_SRH,2011
PLY_0563,Shikhar Dhawan,IPL_T20_SRH,IPL_T20_DC,2019
PLY_0563,Shikhar Dhawan,IPL_T20_DC,IPL_T20_PBKS,2022
PLY_0564,Shimron Hetmyer,,IPL_T20_RCB,2019
PLY_0564,Shimron Hetmyer,IPL_T20_RCB,IPL_T20_DC,2020
PLY_0564,Shimron Hetmyer,IPL_T20_DC,IPL_T20_RR,2022
PLY_0565,Shivam Dube,,IPL_T20_RCB,2019
PLY_0565,Shivam Dube,IPL_T20_RCB,IPL_T20_RR,2021
PLY_0565,Shivam Dube,IPL_T20_RR,IPL_T20_CSK,2022
PLY_0566,Shivam Mavi,,IPL_T20_KKR,2018
PLY_0566,Shivam Mavi,IPL_T20_KKR,IPL_T20_GT,2023
PLY_0566,Shivam Mavi,IPL_T20_GT,IPL_T20_SRH,2026
PLY_0567,Shivam Sharma,,IPL_T20_PBKS,2014
PLY_0567,Shivam Sharma,IPL_T20_PBKS,IPL_T20_KKR,2023
PLY_0567,Shivam Sharma,IPL_T20_KKR,IPL_T20_MI,2024
PLY_0567,Shivam Sharma,IPL_T20_MI,IPL_T20_RCB,2025
PLY_0568,Shivam Singh,,IPL_T20_PBKS,2024
PLY_0569,Shivil Kaushik,,IPL_T20_GL,2016
PLY_0575,Shreevats Goswami,,IPL_T20_RCB,2007
PLY_0575,Shreevats Goswami,IPL_T20_RCB,IPL_T20_KKR,2011
PLY_0575,Shreevats Goswami,IPL_T20_KKR,IPL_T20_RR,2012
PLY_0575,Shreevats Goswami,IPL_T20_RR,IPL_T20_SRH,2018
PLY_0576,Shreyas Gopal,,IPL_T20_MI,2014
PLY_0576,Shreyas Gopal,IPL_T20_MI,IPL_T20_RR,2018
PLY_0576,Shreyas Gopal,IPL_T20_RR,IPL_T20_SRH,2022
PLY_0576,Shreyas Gopal,IPL_T20_SRH,IPL_T20_MI,2024
PLY_0576,Shreyas Gopal,IPL_T20_MI,IPL_T20_CSK,2026
PLY_0577,Shreyas Iyer,,IPL_T20_DC,2015
PLY_0577,Shreyas Iyer,IPL_T20_DC,IPL_T20_KKR,2022
PLY_0577,Shreyas Iyer,IPL_T20_KKR,IPL_T20_PBKS,2025
PLY_0579,Shubham Dubey,,IPL_T20_RR,2024
PLY_0580,Shubman Gill,,IPL_T20_KKR,2018
PLY_0580,Shubman Gill,IPL_T20_KKR,IPL_T20_GT,2022
PLY_0581,Siddarth Kaul,,IPL_T20_DC,2013
PLY_0581,Siddarth Kaul,IPL_T20_DC,IPL_T20_SRH,2015
PLY_0581,Siddarth Kaul,IPL_T20_SRH,IPL_T20_RCB,2022
PLY_0584,Siddhesh Lad,,IPL_T20_MI,2015
PLY_0584,Siddhesh Lad,IPL_T20_MI,IPL_T20_KKR,2020
PLY_0585,Sikandar Raza,,IPL_T20_PBKS,2023
PLY_0586,Simarjeet Singh,,IPL_T20_MI,2021
PLY_0586,Simarjeet Singh,IPL_T20_MI,IPL_T20_CSK,2022
PLY_0586,Simarjeet Singh,IPL_T20_CSK,IPL_T20_SRH,2025
PLY_0591,Spencer Johnson,,IPL_T20_GT,2024
PLY_0591,Spencer Johnson,IPL_T20_GT,IPL_T20_KKR,2025
PLY_0591,Spencer Johnson,IPL_T20_KKR,IPL_T20_CSK,2026
PLY_0592,Sreenath Aravind,,IPL_T20_RCB,2011
PLY_0594,Srikar Bharat,,IPL_T20_DC,2015
PLY_0594,Srikar Bharat,IPL_T20_DC,IPL_T20_RCB,2021
PLY_0594,Srikar Bharat,IPL_T20_RCB,IPL_T20_GT,2023
PLY_0594,Srikar Bharat,IPL_T20_GT,IPL_T20_KKR,2024
PLY_0597,Steve Smith,,IPL_T20_PW,2012
PLY_0597,Steve Smith,IPL_T20_PW,IPL_T20_RR,2014
PLY_0597,Steve Smith,IPL_T20_RR,IPL_T20_RPS,2016
PLY_0597,Steve Smith,IPL_T20_RPS,IPL_T20_RR,2019
PLY_0597,Steve Smith,IPL_T20_RR,IPL_T20_DC,2021
PLY_0598,Stuart Binny,,IPL_T20_MI,2009
PLY_0598,Stuart Binny,IPL_T20_MI,IPL_T20_RR,2011
PLY_0598,Stuart Binny,IPL_T20_RR,IPL_T20_RCB,2016
PLY_0598,Stuart Binny,IPL_T20_RCB,IPL_T20_RR,2018
PLY_0601,Sumit Kumar,,IPL_T20_DC,2024
PLY_0601,Sumit Kumar,IPL_T20_DC,IPL_T20_SRH,2026
PLY_0602,Sumit Narwal,,IPL_T20_RR,2009
PLY_0602,Sumit Narwal,IPL_T20_RR,IPL_T20_KKR,2013
PLY_0604,Sunil Narine,,IPL_T20_KKR,2012
PLY_0608,Suresh Raina,,IPL_T20_CSK,2007
PLY_0608,Suresh Raina,IPL_T20_CSK,IPL_T20_GL,2016
PLY_0608,Suresh Raina,IPL_T20_GL,IPL_T20_CSK,2018
PLY_0610,Suryakumar Yadav,,IPL_T20_MI,2012
PLY_0610,Suryakumar Yadav,IPL_T20_MI,IPL_T20_KKR,2014
PLY_0610,Suryakumar Yadav,IPL_T20_KKR,IPL_T20_MI,2018
PLY_0611,Suryansh Shedge,,IPL_T20_PBKS,2025
PLY_0612,Suyash S Prabhudessai,,IPL_T20_RCB,2021
PLY_0614,Swapnil Singh,,IPL_T20_PBKS,2016
PLY_0614,Swapnil Singh,IPL_T20_PBKS,IPL_T20_LSG,2023
PLY_0614,Swapnil Singh,IPL_T20_LSG,IPL_T20_RCB,2024
PLY_0616,T Natarajan,,IPL_T20_PBKS,2017
PLY_0616,T Natarajan,IPL_T20_PBKS,IPL_T20_SRH,2018
PLY_0616,T Natarajan,IPL_T20_SRH,IPL_T20_DC,2025
PLY_0617,Tabraiz Shamsi,,IPL_T20_RCB,2016
PLY_0617,Tabraiz Shamsi,IPL_T20_RCB,IPL_T20_RR,2021
PLY_0619,Tanush Kotian,,IPL_T20_RR,2024
PLY_0624,Thisara Perera,,IPL_T20_PBKS,2015
PLY_0624,Thisara Perera,IPL_T20_PBKS,IPL_T20_RPS,2016
PLY_0625,Tilak Varma,,IPL_T20_MI,2022
PLY_0627,Tim David,,IPL_T20_RCB,2021
PLY_0627,Tim David,IPL_T20_RCB,IPL_T20_MI,2022
PLY_0627,Tim David,IPL_T20_MI,IPL_T20_RCB,2025
PLY_0629,Tim Seifert,,IPL_T20_KKR,2021
PLY_0629,Tim Seifert,IPL_T20_KKR,IPL_T20_DC,2022
PLY_0629,Tim Seifert,IPL_T20_DC,IPL_T20_RCB,2025
PLY_0629,Tim Seifert,IPL_T20_RCB,IPL_T20_KKR,2026
PLY_0630,Tim Southee,,IPL_T20_CSK,2011
PLY_0630,Tim Southee,IPL_T20_CSK,IPL_T20_RR,2014
PLY_0630,Tim Southee,IPL_T20_RR,IPL_T20_MI,2016
PLY_0630,Tim Southee,IPL_T20_MI,IPL_T20_RCB,2018
PLY_0630,Tim Southee,IPL_T20_RCB,IPL_T20_KKR,2021
PLY_0631,Tirumalasetti Suman,,IPL_T20_SRH,2009
PLY_0631,Tirumalasetti Suman,IPL_T20_SRH,IPL_T20_MI,2011
PLY_0631,Tirumalasetti Suman,IPL_T20_MI,IPL_T20_PW,2013
PLY_0631,Tirumalasetti Suman,IPL_T20_PW,IPL_T20_SRH,2016
PLY_0632,Tom Banton,,IPL_T20_KKR,2020
PLY_0632,Tom Banton,IPL_T20_KKR,IPL_T20_GT,2026
PLY_0633,Tom Curran,,IPL_T20_KKR,2018
PLY_0633,Tom Curran,IPL_T20_KKR,IPL_T20_RR,2020
PLY_0633,Tom Curran,IPL_T20_RR,IPL_T20_DC,2021
PLY_0633,Tom Curran,IPL_T20_DC,IPL_T20_RCB,2024
PLY_0634,Tom Kohler- Cadmore,,IPL_T20_RR,2024
PLY_0636,Travis Head,,IPL_T20_DC,2015
PLY_0636,Travis Head,IPL_T20_DC,IPL_T20_RCB,2016
PLY_0636,Travis Head,IPL_T20_RCB,IPL_T20_SRH,2024
PLY_0637,Trent Boult,,IPL_T20_SRH,2015
PLY_0637,Trent Boult,IPL_T20_SRH,IPL_T20_KKR,2017
PLY_0637,Trent Boult,IPL_T20_KKR,IPL_T20_DC,2018
PLY_0637,Trent Boult,IPL_T20_DC,IPL_T20_MI,2020
PLY_0637,Trent Boult,IPL_T20_MI,IPL_T20_RR,2022
PLY_0637,Trent Boult,IPL_T20_RR,IPL_T20_MI,2025
PLY_0638,Tristan Stubbs,,IPL_T20_MI,2022
PLY_0638,Tristan Stubbs,IPL_T20_MI,IPL_T20_DC,2024
PLY_0639,Tushar Deshpande,,IPL_T20_DC,2020
PLY_0639,Tushar Deshpande,IPL_T20_DC,IPL_T20_CSK,2022
PLY_0639,Tushar Deshpande,IPL_T20_CSK,IPL_T20_RR,2025
PLY_0640,Tymal Mills,,IPL_T20_RCB,2017
PLY_0640,Tymal Mills,IPL_T20_RCB,IPL_T20_MI,2022
PLY_0644,Umesh Yadav,,IPL_T20_DC,2009
PLY_0644,Umesh Yadav,IPL_T20_DC,IPL_T20_KKR,2014
PLY_0644,Umesh Yadav,IPL_T20_KKR,IPL_T20_RCB,2018
PLY_0644,Umesh Yadav,IPL_T20_RCB,IPL_T20_DC,2021
PLY_0644,Umesh Yadav,IPL_T20_DC,IPL_T20_KKR,2022
PLY_0644,Umesh Yadav,IPL_T20_KKR,IPL_T20_GT,2024
PLY_0645,Umran Malik,,IPL_T20_SRH,2021
PLY_0645,Umran Malik,IPL_T20_SRH,IPL_T20_KKR,2026
PLY_0646,Unmukt Chand,,IPL_T20_DC,2011
PLY_0646,Unmukt Chand,IPL_T20_DC,IPL_T20_RR,2014
PLY_0646,Unmukt Chand,IPL_T20_RR,IPL_T20_MI,2015
PLY_0647,Urvil Patel,,IPL_T20_GT,2023
PLY_0647,Urvil Patel,IPL_T20_GT,IPL_T20_CSK,2025
PLY_0648,Usman Khawaja,,IPL_T20_RPS,2016
PLY_0651,Vaibhav Arora,,IPL_T20_KKR,2021
PLY_0651,Vaibhav Arora,IPL_T20_KKR,IPL_T20_PBKS,2022
PLY_0651,Vaibhav Arora,IPL_T20_PBKS,IPL_T20_KKR,2023
PLY_0652,Vaibhav Suryavanshi,,IPL_T20_RR,2025
PLY_0653,Varun Aaron,,IPL_T20_DC,2011
PLY_0653,Varun Aaron,IPL_T20_DC,IPL_T20_RCB,2014
PLY_0653,Varun Aaron,IPL_T20_RCB,IPL_T20_PBKS,2017
PLY_0653,Varun Aaron,IPL_T20_PBKS,IPL_T20_RR,2019
PLY_0653,Varun Aaron,IPL_T20_RR,IPL_T20_GT,2022
PLY_0654,Varun Chakaravarthy,,IPL_T20_PBKS,2019
PLY_0654,Varun Chakaravarthy,IPL_T20_PBKS,IPL_T20_KKR,2020
PLY_0655,Venkatesh Iyer,,IPL_T20_KKR,2021
PLY_0655,Venkatesh Iyer,IPL_T20_KKR,IPL_T20_RCB,2026
PLY_0658,Vijay Shankar,,IPL_T20_CSK,2014
PLY_0658,Vijay Shankar,IPL_T20_CSK,IPL_T20_SRH,2016
PLY_0658,Vijay Shankar,IPL_T20_SRH,IPL_T20_DC,2018
PLY_0658,Vijay Shankar,IPL_T20_DC,IPL_T20_SRH,2019
PLY_0658,Vijay Shankar,IPL_T20_SRH,IPL_T20_GT,2022
PLY_0658,Vijay Shankar,IPL_T20_GT,IPL_T20_CSK,2025
PLY_0659,Vijay Zol,,IPL_T20_RCB,2014
PLY_0660,Vijayakanth Viyaskanth,,IPL_T20_SRH,2024
PLY_0662,Vikramjeet Malik,,IPL_T20_PBKS,2009
PLY_0662,Vikramjeet Malik,IPL_T20_PBKS,IPL_T20_RR,2013
PLY_0662,Vikramjeet Malik,IPL_T20_RR,IPL_T20_RCB,2016
PLY_0664,Vinay Kumar,,IPL_T20_RCB,2007
PLY_0664,Vinay Kumar,IPL_T20_RCB,IPL_T20_KTK,2011
PLY_0664,Vinay Kumar,IPL_T20_KTK,IPL_T20_RCB,2012
PLY_0664,Vinay Kumar,IPL_T20_RCB,IPL_T20_KKR,2014
PLY_0664,Vinay Kumar,IPL_T20_KKR,IPL_T20_MI,2015
PLY_0664,Vinay Kumar,IPL_T20_MI,IPL_T20_KKR,2018
PLY_0665,Vipraj Nigam,,IPL_T20_DC,2025
PLY_0666,Virat Kohli,,IPL_T20_RCB,2007
PLY_0667,Virat Singh,,IPL_T20_PBKS,2007
PLY_0667,Virat Singh,IPL_T20_PBKS,IPL_T20_SRH,2012
PLY_0668,Virender Sehwag,,IPL_T20_DC,2007
PLY_0668,Virender Sehwag,IPL_T20_DC,IPL_T20_PBKS,2014
PLY_0669,Vishnu Vinod,,IPL_T20_RCB,2017
PLY_0669,Vishnu Vinod,IPL_T20_RCB,IPL_T20_DC,2021
PLY_0669,Vishnu Vinod,IPL_T20_DC,IPL_T20_SRH,2022
PLY_0669,Vishnu Vinod,IPL_T20_SRH,IPL_T20_MI,2023
PLY_0669,Vishnu Vinod,IPL_T20_MI,IPL_T20_PBKS,2025
PLY_0670,Vivrant Sharma,,IPL_T20_SRH,2023
PLY_0671,Vyshak Vijaykumar,,IPL_T20_RCB,2024
PLY_0672,Wanindu Hasaranga,,IPL_T20_RCB,2021
PLY_0672,Wanindu Hasaranga,IPL_T20_RCB,IPL_T20_RR,2025
PLY_0672,Wanindu Hasaranga,IPL_T20_RR,IPL_T20_LSG,2026
PLY_0673,Washington Sundar,,IPL_T20_RPS,2017
PLY_0673,Washington Sundar,IPL_T20_RPS,IPL_T20_RCB,2018
PLY_0673,Washington Sundar,IPL_T20_RCB,IPL_T20_SRH,2022
PLY_0673,Washington Sundar,IPL_T20_SRH,IPL_T20_GT,2025
PLY_0675,Wayne Parnell,,IPL_T20_PW,2011
PLY_0675,Wayne Parnell,IPL_T20_PW,IPL_T20_DC,2014
PLY_0675,Wayne Parnell,IPL_T20_DC,IPL_T20_RCB,2023
PLY_0678,Will Jacks,,IPL_T20_RCB,2024
PLY_0678,Will Jacks,IPL_T20_RCB,IPL_T20_MI,2025
PLY_0679,Wriddhiman Saha,,IPL_T20_KKR,2007
PLY_0679,Wriddhiman Saha,IPL_T20_KKR,IPL_T20_CSK,2011
PLY_0679,Wriddhiman Saha,IPL_T20_CSK,IPL_T20_PBKS,2014
PLY_0679,Wriddhiman Saha,IPL_T20_PBKS,IPL_T20_SRH,2018
PLY_0679,Wriddhiman Saha,IPL_T20_SRH,IPL_T20_GT,2022
PLY_0680,Xavier Bartlett,,IPL_T20_PBKS,2025
PLY_0682,Yash Dayal,,IPL_T20_GT,2022
PLY_0682,Yash Dayal,IPL_T20_GT,IPL_T20_RCB,2024
PLY_0683,Yash Dhull,,IPL_T20_DC,2022
PLY_0684,Yashasvi Jaiswal,,IPL_T20_RR,2020
PLY_0688,Yogesh Takawale,,IPL_T20_MI,2007
PLY_0688,Yogesh Takawale,IPL_T20_MI,IPL_T20_RCB,2014
PLY_0690,Yudhvir Singh,,IPL_T20_MI,2021
PLY_0690,Yudhvir Singh,IPL_T20_MI,IPL_T20_LSG,2023
PLY_0690,Yudhvir Singh,IPL_T20_LSG,IPL_T20_RR,2025
PLY_0691,Yusuf Pathan,,IPL_T20_RR,2007
PLY_0691,Yusuf Pathan,IPL_T20_RR,IPL_T20_KKR,2011
PLY_0691,Yusuf Pathan,IPL_T20_KKR,IPL_T20_SRH,2018
PLY_0692,Yuvraj Singh,,IPL_T20_PBKS,2007
PLY_0692,Yuvraj Singh,IPL_T20_PBKS,IPL_T20_PW,2011
PLY_0692,Yuvraj Singh,IPL_T20_PW,IPL_T20_RCB,2014
PLY_0692,Yuvraj Singh,IPL_T20_RCB,IPL_T20_DC,2015
PLY_0692,Yuvraj Singh,IPL_T20_DC,IPL_T20_SRH,2016
PLY_0692,Yuvraj Singh,IPL_T20_SRH,IPL_T20_PBKS,2018
PLY_0692,Yuvraj Singh,IPL_T20_PBKS,IPL_T20_MI,2019
PLY_0693,Yuzvendra Chahal,,IPL_T20_MI,2013
PLY_0693,Yuzvendra Chahal,IPL_T20_MI,IPL_T20_RCB,2014
PLY_0693,Yuzvendra Chahal,IPL_T20_RCB,IPL_T20_RR,2022
PLY_0693,Yuzvendra Chahal,IPL_T20_RR,IPL_T20_PBKS,2025
PLY_0694,Zaheer Khan,,IPL_T20_RCB,2007
PLY_0694,Zaheer Khan,IPL_T20_RCB,IPL_T20_MI,2009
PLY_0694,Zaheer Khan,IPL_T20_MI,IPL_T20_RCB,2011
PLY_0694,Zaheer Khan,IPL_T20_RCB,IPL_T20_MI,2014
PLY_0694,Zaheer Khan,IPL_T20_MI,IPL_T20_DC,2015
PLY_0695,Kartik Sharma,,IPL_T20_CSK,2025
PLY_0696,Zak Foulkes,,IPL_T20_CSK,2025
PLY_0697,Ramakrishna Ghosh,,IPL_T20_CSK,2025
PLY_0698,Prashant Veer,,IPL_T20_DC,2025
PLY_0698,Prashant Veer,IPL_T20_DC,IPL_T20_CSK,2026
PLY_0699,Gurjapneet Singh,,IPL_T20_PBKS,2007
PLY_0699,Gurjapneet Singh,IPL_T20_PBKS,IPL_T20_RCB,2019
PLY_0699,Gurjapneet Singh,IPL_T20_RCB,IPL_T20_DC,2025
PLY_0699,Gurjapneet Singh,IPL_T20_DC,IPL_T20_CSK,2026
PLY_0700,Matt Henry,,IPL_T20_CSK,2015
PLY_0700,Matt Henry,IPL_T20_CSK,IPL_T20_PBKS,2017
PLY_0700,Matt Henry,IPL_T20_PBKS,IPL_T20_LSG,2024
PLY_0700,Matt Henry,IPL_T20_LSG,IPL_T20_DC,2025
PLY_0700,Matt Henry,IPL_T20_DC,IPL_T20_CSK,2026
PLY_0701,Pathum Nissanka,,IPL_T20_GT,2025
PLY_0701,Pathum Nissanka,IPL_T20_GT,IPL_T20_DC,2026
PLY_0702,Sahil Parekh,,IPL_T20_GT,2025
PLY_0702,Sahil Parekh,IPL_T20_GT,IPL_T20_DC,2026
PLY_0703,Ajay Mandal,,IPL_T20_CSK,2023
PLY_0703,Ajay Mandal,IPL_T20_CSK,IPL_T20_GT,2025
PLY_0703,Ajay Mandal,IPL_T20_GT,IPL_T20_DC,2026
PLY_0704,Auqib Nabi,,IPL_T20_GT,2025
PLY_0704,Auqib Nabi,IPL_T20_GT,IPL_T20_DC,2026
PLY_0705,Lungi Ngidi,,IPL_T20_CSK,2018
PLY_0705,Lungi Ngidi,IPL_T20_CSK,IPL_T20_DC,2022
PLY_0705,Lungi Ngidi,IPL_T20_DC,IPL_T20_KKR,2025
PLY_0705,Lungi Ngidi,IPL_T20_KKR,IPL_T20_DC,2026
PLY_0707,Tripurana Vijay,,IPL_T20_LSG,2025
PLY_0707,Tripurana Vijay,IPL_T20_LSG,IPL_T20_DC,2026
PLY_0708,Nishant Sindhu,,IPL_T20_CSK,2023
PLY_0708,Nishant Sindhu,IPL_T20_CSK,IPL_T20_LSG,2025
PLY_0708,Nishant Sindhu,IPL_T20_LSG,IPL_T20_GT,2026
PLY_0709,Ashok Sharma,,IPL_T20_KKR,2022
PLY_0709,Ashok Sharma,IPL_T20_KKR,IPL_T20_LSG,2025
PLY_0709,Ashok Sharma,IPL_T20_LSG,IPL_T20_GT,2026
PLY_0710,Gurnoor Brar,,IPL_T20_PBKS,2023
PLY_0710,Gurnoor Brar,IPL_T20_PBKS,IPL_T20_GT,2024
PLY_0710,Gurnoor Brar,IPL_T20_GT,IPL_T20_LSG,2025
PLY_0710,Gurnoor Brar,IPL_T20_LSG,IPL_T20_GT,2026
PLY_0711,Kulwant Khejroliya,,IPL_T20_MI,2017
PLY_0711,Kulwant Khejroliya,IPL_T20_MI,IPL_T20_RCB,2018
PLY_0711,Kulwant Khejroliya,IPL_T20_RCB,IPL_T20_DC,2021
PLY_0711,Kulwant Khejroliya,IPL_T20_DC,IPL_T20_KKR,2023
PLY_0711,Kulwant Khejroliya,IPL_T20_KKR,IPL_T20_LSG,2025
PLY_0711,Kulwant Khejroliya,IPL_T20_LSG,IPL_T20_GT,2026
PLY_0712,Finn Allen,,IPL_T20_RCB,2021
PLY_0712,Finn Allen,IPL_T20_RCB,IPL_T20_LSG,2025
PLY_0712,Finn Allen,IPL_T20_LSG,IPL_T20_KKR,2026
PLY_0713,Tejasvi Dahiya,,IPL_T20_LSG,2025
PLY_0713,Tejasvi Dahiya,IPL_T20_LSG,IPL_T20_KKR,2026
PLY_0714,Tejasvi Dahiya,,IPL_T20_MI,2025
PLY_0714,Tejasvi Dahiya,IPL_T20_MI,IPL_T20_KKR,2026
PLY_0716,Saurabh Dube,,IPL_T20_MI,2025
PLY_0716,Saurabh Dube,IPL_T20_MI,IPL_T20_KKR,2026
PLY_0717,Blessing Muzarabani,,IPL_T20_MI,2025
PLY_0717,Blessing Muzarabani,IPL_T20_MI,IPL_T20_KKR,2026
PLY_0718,Matheesha Pathirana,,IPL_T20_CSK,2022
PLY_0718,Matheesha Pathirana,IPL_T20_CSK,IPL_T20_MI,2025
PLY_0718,Matheesha Pathirana,IPL_T20_MI,IPL_T20_KKR,2026
PLY_0719,Prashant Solanki,,IPL_T20_CSK,2022
PLY_0719,Prashant Solanki,IPL_T20_CSK,IPL_T20_MI,2025
PLY_0719,Prashant Solanki,IPL_T20_MI,IPL_T20_KKR,2026
PLY_0720,Akshat Raghuwanshi,,IPL_T20_PBKS,2025
PLY_0720,Akshat Raghuwanshi,IPL_T20_PBKS,IPL_T20_LSG,2026
PLY_0721,Mukul Choudhary,,IPL_T20_PBKS,2025
PLY_0721,Mukul Choudhary,IPL_T20_PBKS,IPL_T20_LSG,2026
PLY_0722,Himmat Singh,,IPL_T20_RCB,2019
PLY_0722,Himmat Singh,IPL_T20_RCB,IPL_T20_PBKS,2025
PLY_0722,Himmat Singh,IPL_T20_PBKS,IPL_T20_LSG,2026
PLY_0723,Akash Singh,,IPL_T20_RR,2009
PLY_0723,Akash Singh,IPL_T20_RR,IPL_T20_CSK,2023
PLY_0723,Akash Singh,IPL_T20_CSK,IPL_T20_SRH,2024
PLY_0723,Akash Singh,IPL_T20_SRH,IPL_T20_PBKS,2025
PLY_0723,Akash Singh,IPL_T20_PBKS,IPL_T20_LSG,2026
PLY_0724,Digvesh Rathi,,IPL_T20_PBKS,2025
PLY_0724,Digvesh Rathi,IPL_T20_PBKS,IPL_T20_LSG,2026
PLY_0725,Manimaran Siddharth,,IPL_T20_DC,2021
PLY_0725,Manimaran Siddharth,IPL_T20_DC,IPL_T20_LSG,2024
PLY_0725,Manimaran Siddharth,IPL_T20_LSG,IPL_T20_PBKS,2025
PLY_0725,Manimaran Siddharth,IPL_T20_PBKS,IPL_T20_LSG,2026
PLY_0726,Naman Tiwari,,IPL_T20_PBKS,2025
PLY_0726,Naman Tiwari,IPL_T20_PBKS,IPL_T20_LSG,2026
PLY_0727,Mayank Yadav,,IPL_T20_LSG,2022
PLY_0727,Mayank Yadav,IPL_T20_LSG,IPL_T20_PBKS,2025
PLY_0727,Mayank Yadav,IPL_T20_PBKS,IPL_T20_LSG,2026
PLY_0728,Danish Malewar,,IPL_T20_RR,2025
PLY_0728,Danish Malewar,IPL_T20_RR,IPL_T20_MI,2026
PLY_0729,Atharva Ankolekar,,IPL_T20_RR,2025
PLY_0729,Atharva Ankolekar,IPL_T20_RR,IPL_T20_MI,2026
PLY_0730,Raj Bawa,,IPL_T20_PBKS,2022
PLY_0730,Raj Bawa,IPL_T20_PBKS,IPL_T20_RR,2025
PLY_0730,Raj Bawa,IPL_T20_RR,IPL_T20_MI,2026
PLY_0731,Mayank Rawat,,IPL_T20_RR,2007
PLY_0731,Mayank Rawat,IPL_T20_RR,IPL_T20_PW,2013
PLY_0731,Mayank Rawat,IPL_T20_PW,IPL_T20_RR,2025
PLY_0731,Mayank Rawat,IPL_T20_RR,IPL_T20_MI,2026
PLY_0732,Ashwani Kumar,,IPL_T20_RCB,2025
PLY_0732,Ashwani Kumar,IPL_T20_RCB,IPL_T20_MI,2026
PLY_0733,AM Ghazanfar,,IPL_T20_RCB,2025
PLY_0733,AM Ghazanfar,IPL_T20_RCB,IPL_T20_MI,2026
PLY_0734,Mohd Izhar,,IPL_T20_RCB,2025
PLY_0734,Mohd Izhar,IPL_T20_RCB,IPL_T20_MI,2026
PLY_0735,Pyla Avinash,,IPL_T20_RCB,2025
PLY_0735,Pyla Avinash,IPL_T20_RCB,IPL_T20_PBKS,2026
PLY_0736,Harnoor Singh,,IPL_T20_RCB,2025
PLY_0736,Harnoor Singh,IPL_T20_RCB,IPL_T20_PBKS,2026
PLY_0737,Cooper Connolly,,IPL_T20_SRH,2025
PLY_0737,Cooper Connolly,IPL_T20_SRH,IPL_T20_PBKS,2026
PLY_0738,Musheer Khan,,IPL_T20_PBKS,2021
PLY_0738,Musheer Khan,IPL_T20_PBKS,IPL_T20_GT,2024
PLY_0738,Musheer Khan,IPL_T20_GT,IPL_T20_SRH,2025
PLY_0738,Musheer Khan,IPL_T20_SRH,IPL_T20_PBKS,2026
PLY_0739,Ben Dwarshuis,,IPL_T20_PBKS,2018
PLY_0739,Ben Dwarshuis,IPL_T20_PBKS,IPL_T20_DC,2021
PLY_0739,Ben Dwarshuis,IPL_T20_DC,IPL_T20_SRH,2025
PLY_0739,Ben Dwarshuis,IPL_T20_SRH,IPL_T20_PBKS,2026
PLY_0740,Vishal Nishad,,IPL_T20_SRH,2025
PLY_0740,Vishal Nishad,IPL_T20_SRH,IPL_T20_PBKS,2026
PLY_0741,Vijaykumar Vyshak,,IPL_T20_LSG,2023
PLY_0741,Vijaykumar Vyshak,IPL_T20_LSG,IPL_T20_PBKS,2025
PLY_0742,Aman Rao,,IPL_T20_RR,2026
PLY_0743,Lhuan-dre Pretorius,,IPL_T20_RR,2026
PLY_0744,Ravi Singh,,IPL_T20_RR,2026
PLY_0745,Brijesh Sharma,,IPL_T20_RR,2026
PLY_0746,Nandre Burger,,IPL_T20_RR,2024
PLY_0747,Sushant Mishra,,IPL_T20_SRH,2022
PLY_0747,Sushant Mishra,IPL_T20_SRH,IPL_T20_GT,2024
PLY_0747,Sushant Mishra,IPL_T20_GT,IPL_T20_RR,2026
PLY_0748,Vignesh Puthur,,IPL_T20_MI,2025
PLY_0748,Vignesh Puthur,IPL_T20_MI,IPL_T20_RR,2026
PLY_0749,Kuldeep Sen,,IPL_T20_RR,2022
PLY_0750,Yash Raj Punja,,IPL_T20_RR,2026
PLY_0751,Jordan Cox,,IPL_T20_RCB,2026
PLY_0752,Kanishk Chouhan,,IPL_T20_RCB,2026
PLY_0753,Mangesh Yadav,,IPL_T20_RCB,2026
PLY_0754,Abhinandan Singh,,IPL_T20_RCB,2026
PLY_0755,Satvik Deswal,,IPL_T20_RCB,2026
PLY_0756,Jacob Duffy,,IPL_T20_RCB,2026
PLY_0757,Vicky Ostwal,,IPL_T20_DC,2022
PLY_0757,Vicky Ostwal,IPL_T20_DC,IPL_T20_RCB,2026
PLY_0758,Vicky Ostwal,,IPL_T20_KKR,2023
PLY_0758,Vicky Ostwal,IPL_T20_KKR,IPL_T20_RCB,2026
PLY_0759,Nuwan Thushara,,IPL_T20_MI,2024
PLY_0759,Nuwan Thushara,IPL_T20_MI,IPL_T20_RCB,2025
PLY_0760,Salil Arora,,IPL_T20_SRH,2026
PLY_0761,Ravichandran Smaran,,IPL_T20_SRH,2026
PLY_0762,Brydon Carse,,IPL_T20_SRH,2026
PLY_0763,Harsh Dubey,,IPL_T20_SRH,2025
PLY_0764,Krains Fuletra,,IPL_T20_SRH,2026
PLY_0765,Shivang Kumar,,IPL_T20_SRH,2026
PLY_0766,Praful Hinge,,IPL_T20_SRH,2026
PLY_0767,Eshan Malinga,,IPL_T20_SRH,2025
PLY_0768,David Payne,,IPL_T20_SRH,2026
PLY_0769,Sakib Hussain,,IPL_T20_KKR,2024
PLY_0769,Sakib Hussain,IPL_T20_KKR,IPL_T20_SRH,2026
PLY_0770,Onkar Tarmale,,IPL_T20_SRH,2026
PLY_0771,Zeeshan Ansari,,IPL_T20_SRH,2025
